<?xml version="1.0" encoding="UTF-8" standalone="no" ?>
<COLLADA xmlns="http://www.collada.org/2005/11/COLLADASchema" version="1.4.1">
  <asset>
    <contributor>
      <author>Assimp</author>
      <authoring_tool>Khronos glTF Blender I/O v5.1.18</authoring_tool>
    </contributor>
    <created>2026-03-25T11:52:59</created>
    <modified>2026-03-25T11:52:59</modified>
    <unit name="meter" meter="1" />
    <up_axis>Y_UP</up_axis>
  </asset>
  <library_images>
  </library_images>
  <library_effects>
    <effect id="Material-fx" name="Material">
      <profile_COMMON>
        <technique sid="standard">
          <phong>
            <emission>
              <color sid="emission">0   0   0   1</color>
            </emission>
            <diffuse>
              <color sid="diffuse">0.800000012   0.800000012   0.800000012   1</color>
            </diffuse>
            <shininess>
              <float sid="shininess">250</float>
            </shininess>
            <transparency>
              <float sid="transparency">1</float>
            </transparency>
          </phong>
        </technique>
      </profile_COMMON>
    </effect>
    <effect id="material_1-fx" name="">
      <profile_COMMON>
        <technique sid="standard">
          <phong>
            <emission>
              <color sid="emission">0   0   0   1</color>
            </emission>
            <diffuse>
              <color sid="diffuse">1   1   1   1</color>
            </diffuse>
            <shininess>
              <float sid="shininess">0</float>
            </shininess>
            <transparency>
              <float sid="transparency">1</float>
            </transparency>
          </phong>
        </technique>
      </profile_COMMON>
    </effect>
  </library_effects>
  <library_materials>
    <material id="Material" name="Material">
      <instance_effect url="#Material-fx"/>
    </material>
    <material id="material_1" name="">
      <instance_effect url="#material_1-fx"/>
    </material>
  </library_materials>
  <library_geometries>
    <geometry id="Cube_1" name="Cube" >
      <mesh>
        <source id="Cube_1-positions" name="Cube_1-positions">
          <float_array id="Cube_1-positions-array" count="22803"> 1.02672935 0.874115527 -0.915966094 1.02672935 0.874115527 -0.915966094 1.02672935 0.874115527 -0.915966094 1.02672935 0.874115527 -0.915966094 1.02672935 0.874115527 -0.915966094 1.00000119 -0.98867929 -1.01850557 1.00000119 -0.98867929 -1.01850557 1.00000119 -0.98867929 -1.01850557 1.00000119 -0.98867929 -1.01850557 1.00000119 -0.98867929 -1.01850557 1.00003183 0.750080526 0.877685487 1.00003183 0.750080526 0.877685487 1.00003183 0.750080526 0.877685487 1.00003183 0.750080526 0.877685487 1.00003183 0.750080526 0.877685487 1.1476202 -1.32898223 1.07019985 1.1476202 -1.32898223 1.07019985 1.1476202 -1.32898223 1.07019985 1.1476202 -1.32898223 1.07019985 1.1476202 -1.32898223 1.07019985 -0.920938194 0.966706157 -0.960799813 -0.920938194 0.966706157 -0.960799813 -0.920938194 0.966706157 -0.960799813 -0.920938194 0.966706157 -0.960799813 -0.920938194 0.966706157 -0.960799813 -0.920938194 0.966706157 -0.960799813 -0.920938194 0.966706157 -0.960799813 -1.03668475 -0.92946595 -0.941911638 -1.03668475 -0.92946595 -0.941911638 -1.03668475 -0.92946595 -0.941911638 -1.03668475 -0.92946595 -0.941911638 -1.03668475 -0.92946595 -0.941911638 -1.03668475 -0.92946595 -0.941911638 -1.03668475 -0.92946595 -0.941911638 -0.959223032 0.941119313 0.941955149 -0.959223032 0.941119313 0.941955149 -0.959223032 0.941119313 0.941955149 -0.959223032 0.941119313 0.941955149 -0.959223032 0.941119313 0.941955149 -0.959223032 0.941119313 0.941955149 -0.959223032 0.941119313 0.941955149 -1.08218956 -1.02126217 1.05605614 -1.08218956 -1.02126217 1.05605614 -1.08218956 -1.02126217 1.05605614 -1.08218956 -1.02126217 1.05605614 -1.08218956 -1.02126217 1.05605614 -1.08218956 -1.02126217 1.05605614 -1.08218956 -1.02126217 1.05605614 0.918911457 0.966905117 -0.873697162 0.918911457 0.966905117 -0.873697162 0.918911457 0.966905117 -0.873697162 0.979350209 -0.995793939 -1.00514817 0.979350209 -0.995793939 -1.00514817 0.979350209 -0.995793939 -1.00514817 0.88912046 0.745057225 0.988576949 0.88912046 0.745057225 0.988576949 0.88912046 0.745057225 0.988576949 0.745569885 -1.24997234 1.0879097 0.745569885 -1.24997234 1.0879097 0.745569885 -1.24997234 1.0879097 -1.00186384 1.03947115 -0.957955599 -1.00186384 1.03947115 -0.957955599 -1.00186384 1.03947115 -0.957955599 -1.00031626 -1.06781244 -1.07302248 -1.00031626 -1.06781244 -1.07302248 -1.00031626 -1.06781244 -1.07302248 -0.999286354 1.06764495 1.05907428 -0.999286354 1.06764495 1.05907428 -0.999286354 1.06764495 1.05907428 -1.00022054 -1.00489247 1.00598097 -1.00022054 -1.00489247 1.00598097 -1.00022054 -1.00489247 1.00598097 -12.6403341 -0.875895083 -2.03158998 -12.6403341 -0.875895083 -2.03158998 -12.6403341 -0.875895083 -2.03158998 -12.6403341 -0.875895083 -2.03158998 -12.6370106 -1.01302624 0.995554268 -12.6370106 -1.01302624 0.995554268 -12.6370106 -1.01302624 0.995554268 -12.6370106 -1.01302624 0.995554268 -12.6569548 0.424577296 0.979803443 -12.6569548 0.424577296 0.979803443 -12.5644407 0.949649215 -2.12147141 -12.5644407 0.949649215 -2.12147141 -16.3367023 -0.851486564 -2.38292599 -16.3367023 -0.851486564 -2.38292599 -16.3367023 -0.851486564 -2.38292599 -16.3367023 -0.851486564 -2.38292599 -16.385603 -0.927535474 1.02694058 -16.385603 -0.927535474 1.02694058 -16.385603 -0.927535474 1.02694058 -16.385603 -0.927535474 1.02694058 -16.3817749 0.307373017 1.12574279 -16.3817749 0.307373017 1.12574279 -16.3817749 0.307373017 1.12574279 -16.183939 0.132578313 -2.3873775 -16.183939 0.132578313 -2.3873775 -16.183939 0.132578313 -2.3873775 -13.2882185 -1.3523947 6.253829 -13.2882185 -1.3523947 6.253829 -13.2882185 -1.3523947 6.253829 -13.3050985 -0.276410043 6.45897341 -13.3050985 -0.276410043 6.45897341 -17.5483608 -1.47622085 6.71311235 -17.5483608 -1.47622085 6.71311235 -17.5483608 -1.47622085 6.71311235 -17.5483608 -1.47622085 6.71311235 -17.5483608 -1.47622085 6.71311235 -17.9661713 -0.103592381 7.15987968 -17.9661713 -0.103592381 7.15987968 -17.9661713 -0.103592381 7.15987968 -14.4388514 0.495859295 -7.46491861 -14.4388514 0.495859295 -7.46491861 -14.4122572 -0.898890555 -7.34170628 -14.4122572 -0.898890555 -7.34170628 -14.4122572 -0.898890555 -7.34170628 -16.4793224 0.283453822 -7.56567049 -16.4793224 0.283453822 -7.56567049 -16.4793224 0.283453822 -7.56567049 -16.4645329 -0.888032854 -7.43877029 -16.4645329 -0.888032854 -7.43877029 -16.4645329 -0.888032854 -7.43877029 -16.4645329 -0.888032854 -7.43877029 -14.2182989 0.843333244 -11.0786648 -14.2182989 0.843333244 -11.0786648 -14.2182989 0.843333244 -11.0786648 -13.8589916 -1.01873994 -10.3371267 -13.8589916 -1.01873994 -10.3371267 -13.8589916 -1.01873994 -10.3371267 -17.2425632 0.585132182 -11.4163675 -17.2425632 0.585132182 -11.4163675 -17.2425632 0.585132182 -11.4163675 -17.2425632 0.585132182 -11.4163675 -16.9975433 -1.13419104 -10.6377773 -16.9975433 -1.13419104 -10.6377773 -16.9975433 -1.13419104 -10.6377773 -16.9975433 -1.13419104 -10.6377773 -14.3532972 -2.13443804 8.92555141 -14.3532972 -2.13443804 8.92555141 -14.3532972 -2.13443804 8.92555141 -14.3532972 -2.13443804 8.92555141 -14.2738781 -0.0261317044 9.51537132 -14.2738781 -0.0261317044 9.51537132 -14.2738781 -0.0261317044 9.51537132 -16.6759186 -2.4160583 8.66780663 -16.6759186 -2.4160583 8.66780663 -16.6759186 -2.4160583 8.66780663 -16.6759186 -2.4160583 8.66780663 -17.2411995 -0.929601252 9.47106743 -17.2411995 -0.929601252 9.47106743 -17.2411995 -0.929601252 9.47106743 -7.1797533 -3.29300833 7.66085386 -7.1797533 -3.29300833 7.66085386 -7.04835844 -1.97302854 8.08556938 -7.04835844 -1.97302854 8.08556938 -7.37799358 -3.31688833 9.16223717 -7.37799358 -3.31688833 9.16223717 -7.37799358 -3.31688833 9.16223717 -7.32032871 -2.4716897 9.43559933 -7.32032871 -2.4716897 9.43559933 -7.32032871 -2.4716897 9.43559933 -24.3027401 -4.28331709 12.5875072 -24.3027401 -4.28331709 12.5875072 -24.6637955 -3.29137945 13.5297623 -24.6637955 -3.29137945 13.5297623 -23.3729153 -4.89730883 14.1945047 -23.3729153 -4.89730883 14.1945047 -23.8098831 -3.88045907 15.0985756 -23.8098831 -3.88045907 15.0985756 -14.3129711 -3.06692481 -16.9849644 -14.3129711 -3.06692481 -16.9849644 -14.3082151 -4.64467764 -16.0545769 -14.3082151 -4.64467764 -16.0545769 -17.380909 -3.53840184 -17.322834 -17.380909 -3.53840184 -17.322834 -17.380909 -3.53840184 -17.322834 -17.2727528 -5.0743475 -16.3019371 -17.2727528 -5.0743475 -16.3019371 -17.2727528 -5.0743475 -16.3019371 -1.05138218 -0.863542795 -0.743573427 -1.05138218 -0.863542795 -0.743573427 -1.05138218 -0.863542795 -0.743573427 -1.05138218 -0.863542795 -0.743573427 -1.05427945 -0.887062609 -0.501612604 -1.05427945 -0.887062609 -0.501612604 -1.05427945 -0.887062609 -0.501612604 -1.05427945 -0.887062609 -0.501612604 -1.05309916 -1.00509059 -0.253195018 -1.05309916 -1.00509059 -0.253195018 -1.05309916 -1.00509059 -0.253195018 -1.05309916 -1.00509059 -0.253195018 -1.05515647 -1.12498653 -0.00350025063 -1.05515647 -1.12498653 -0.00350025063 -1.05515647 -1.12498653 -0.00350025063 -1.05515647 -1.12498653 -0.00350025063 -1.06051314 -1.17770314 0.245096862 -1.06051314 -1.17770314 0.245096862 -1.06051314 -1.17770314 0.245096862 -1.06051314 -1.17770314 0.245096862 -1.06776273 -1.15655065 0.498482972 -1.06776273 -1.15655065 0.498482972 -1.06776273 -1.15655065 0.498482972 -1.06776273 -1.15655065 0.498482972 -1.07564545 -1.09411478 0.753132343 -1.07564545 -1.09411478 0.753132343 -1.07564545 -1.09411478 0.753132343 -1.07564545 -1.09411478 0.753132343 0.745243073 -1.01186788 -1.00775886 0.745243073 -1.01186788 -1.00775886 0.745243073 -1.01186788 -1.00775886 0.490448087 -1.05952501 -1.03700519 0.490448087 -1.05952501 -1.03700519 0.490448087 -1.05952501 -1.03700519 0.235615686 -1.13962328 -1.08594573 0.235615686 -1.13962328 -1.08594573 0.235615686 -1.13962328 -1.08594573 -0.0191356502 -1.14285469 -1.08895361 -0.0191356502 -1.14285469 -1.08895361 -0.0191356502 -1.14285469 -1.08895361 -0.273807138 -1.07333362 -1.04769897 -0.273807138 -1.07333362 -1.04769897 -0.273807138 -1.07333362 -1.04769897 -0.528443813 -0.975248814 -0.989062786 -0.528443813 -0.975248814 -0.989062786 -0.528443813 -0.975248814 -0.989062786 -0.783107221 -0.903029799 -0.945917845 -0.783107221 -0.903029799 -0.945917845 -0.783107221 -0.903029799 -0.945917845 0.922732115 0.750000119 -0.78543371 0.922732115 0.750000119 -0.78543371 0.922732115 0.750000119 -0.78543371 0.832456231 0.500088215 -0.736601114 0.832456231 0.500088215 -0.736601114 0.832456231 0.500088215 -0.736601114 0.757279396 0.250170022 -0.700228691 0.757279396 0.250170022 -0.700228691 0.757279396 0.250170022 -0.700228691 0.725114405 0.000220286805 -0.686695099 0.725114405 0.000220286805 -0.686695099 0.725114405 0.000220286805 -0.686695099 0.75567019 -0.249784037 -0.721055984 0.75567019 -0.249784037 -0.721055984 0.75567019 -0.249784037 -0.721055984 0.830880105 -0.499853402 -0.813364685 0.830880105 -0.499853402 -0.813364685 0.830880105 -0.499853402 -0.813364685 0.921956539 -0.749934375 -0.93084228 0.921956539 -0.749934375 -0.93084228 0.921956539 -0.749934375 -0.93084228 -1.06662989 -0.752245843 1.05549312 -1.06662989 -0.752245843 1.05549312 -1.06662989 -0.752245843 1.05549312 -1.06662989 -0.752245843 1.05549312 -1.05112433 -0.501487136 1.03967905 -1.05112433 -0.501487136 1.03967905 -1.05112433 -0.501487136 1.03967905 -1.05112433 -0.501487136 1.03967905 -1.03574538 -0.25165385 1.01844215 -1.03574538 -0.25165385 1.01844215 -1.03574538 -0.25165385 1.01844215 -1.03574538 -0.25165385 1.01844215 -1.02059352 -0.00209143758 1.00055814 -1.02059352 -0.00209143758 1.00055814 -1.02059352 -0.00209143758 1.00055814 -1.02059352 -0.00209143758 1.00055814 -1.00618637 0.247517824 0.996984124 -1.00618637 0.247517824 0.996984124 -1.00618637 0.247517824 0.996984124 -1.00618637 0.247517824 0.996984124 -0.998247504 0.497217178 0.977710366 -0.998247504 0.497217178 0.977710366 -0.998247504 0.497217178 0.977710366 -0.998247504 0.497217178 0.977710366 -0.978829563 0.742389619 0.939623296 -0.978829563 0.742389619 0.939623296 -0.978829563 0.742389619 0.939623296 -0.978829563 0.742389619 0.939623296 1.06440485 0.685474873 0.870895624 1.06440485 0.685474873 0.870895624 1.06440485 0.685474873 0.870895624 1.00000131 0.499999702 1.00166178 1.00000131 0.499999702 1.00166178 1.00000131 0.499999702 1.00166178 1.09330952 0.249973372 1.07125223 1.09330952 0.249973372 1.07125223 1.09330952 0.249973372 1.07125223 1.04543674 0.101605095 1.11237812 1.04543674 0.101605095 1.11237812 1.04543674 0.101605095 1.11237812 0.999930024 -0.112414569 1.13761353 0.999930024 -0.112414569 1.13761353 0.999930024 -0.112414569 1.13761353 1.06857646 -0.346097231 1.17021954 1.06857646 -0.346097231 1.17021954 1.06857646 -0.346097231 1.17021954 1.28993392 -0.750130653 1.06864321 1.28993392 -0.750130653 1.06864321 1.28993392 -0.750130653 1.06864321 -0.937220931 0.748372674 -0.906994164 -0.937220931 0.748372674 -0.906994164 -0.937220931 0.748372674 -0.906994164 -0.937220931 0.748372674 -0.906994164 -0.952398479 0.500542104 -0.898994744 -0.952398479 0.500542104 -0.898994744 -0.952398479 0.500542104 -0.898994744 -0.952398479 0.500542104 -0.898994744 -0.967375994 0.251678407 -0.872914672 -0.967375994 0.251678407 -0.872914672 -0.967375994 0.251678407 -0.872914672 -0.967375994 0.251678407 -0.872914672 -0.982218385 0.00154677581 -0.777195036 -0.982218385 0.00154677581 -0.777195036 -0.982218385 0.00154677581 -0.777195036 -0.982218385 0.00154677581 -0.777195036 -0.970806599 -0.250723839 -0.687471688 -0.970806599 -0.250723839 -0.687471688 -0.970806599 -0.250723839 -0.687471688 -0.970806599 -0.250723839 -0.687471688 -0.913008809 -0.49972558 -0.691910625 -0.913008809 -0.49972558 -0.691910625 -0.913008809 -0.49972558 -0.691910625 -0.913008809 -0.49972558 -0.691910625 -1.00457537 -0.732084811 -0.768128037 -1.00457537 -0.732084811 -0.768128037 -1.00457537 -0.732084811 -0.768128037 -1.00457537 -0.732084811 -0.768128037 0.754791558 0.832396269 0.817922115 0.754791558 0.832396269 0.817922115 0.754791558 0.832396269 0.817922115 0.754791558 0.832396269 0.817922115 0.509528399 0.859524727 0.848209858 0.509528399 0.859524727 0.848209858 0.509528399 0.859524727 0.848209858 0.509528399 0.859524727 0.848209858 0.2642726 0.860585988 0.850297868 0.2642726 0.860585988 0.850297868 0.2642726 0.860585988 0.850297868 0.2642726 0.860585988 0.850297868 0.0190114304 0.880898237 0.873386502 0.0190114304 0.880898237 0.873386502 0.0190114304 0.880898237 0.873386502 0.0190114304 0.880898237 0.873386502 -0.22625497 0.920358837 0.917382658 -0.22625497 0.920358837 0.917382658 -0.22625497 0.920358837 0.917382658 -0.22625497 0.920358837 0.917382658 -0.471519589 0.953390002 0.954427242 -0.471519589 0.953390002 0.954427242 -0.471519589 0.953390002 0.954427242 -0.471519589 0.953390002 0.954427242 -0.716777802 0.963015974 0.96585232 -0.716777802 0.963015974 0.96585232 -0.716777802 0.963015974 0.96585232 -0.716777802 0.963015974 0.96585232 1.00451553 0.989100218 -0.750000894 1.00451553 0.989100218 -0.750000894 1.00451553 0.989100218 -0.750000894 0.932596445 1.13269794 -0.499989092 0.932596445 1.13269794 -0.499989092 0.932596445 1.13269794 -0.499989092 0.950217962 1.1916008 -0.249985591 0.950217962 1.1916008 -0.249985591 0.950217962 1.1916008 -0.249985591 0.983397484 1.06386185 4.79871687e-06 0.983397484 1.06386185 4.79871687e-06 0.983397484 1.06386185 4.79871687e-06 1.06941259 0.88783282 0.249990016 1.06941259 0.88783282 0.249990016 1.06941259 0.88783282 0.249990016 1.07368422 0.716910839 0.49997893 1.07368422 0.716910839 0.49997893 1.07368422 0.716910839 0.49997893 1.00029445 0.649515152 0.749977529 1.00029445 0.649515152 0.749977529 1.00029445 0.649515152 0.749977529 -0.819132328 -0.871375561 0.925705433 -0.819132328 -0.871375561 0.925705433 -0.819132328 -0.871375561 0.925705433 -0.819132328 -0.871375561 0.925705433 -0.559114337 -0.692662835 0.827400506 -0.559114337 -0.692662835 0.827400506 -0.559114337 -0.692662835 0.827400506 -0.559114337 -0.692662835 0.827400506 -0.299186438 -0.6392048 0.798325777 -0.299186438 -0.6392048 0.798325777 -0.299186438 -0.6392048 0.798325777 -0.299186438 -0.6392048 0.798325777 -0.0393679515 -0.737676322 0.853114367 -0.0393679515 -0.737676322 0.853114367 -0.0393679515 -0.737676322 0.853114367 -0.0393679515 -0.737676322 0.853114367 0.220393255 -0.915430367 0.951815367 0.220393255 -0.915430367 0.951815367 0.220393255 -0.915430367 0.951815367 0.220393255 -0.915430367 0.951815367 0.480175555 -1.06364572 1.03430927 0.480175555 -1.06364572 1.03430927 0.480175555 -1.06364572 1.03430927 0.480175555 -1.06364572 1.03430927 0.739937961 -1.23856938 1.1317035 0.739937961 -1.23856938 1.1317035 0.739937961 -1.23856938 1.1317035 0.739937961 -1.23856938 1.1317035 -0.963536322 1.05381167 0.757215917 -0.963536322 1.05381167 0.757215917 -0.963536322 1.05381167 0.757215917 -0.961624265 1.12032318 0.504943848 -0.961624265 1.12032318 0.504943848 -0.961624265 1.12032318 0.504943848 -0.952439547 1.09100306 0.252662629 -0.952439547 1.09100306 0.252662629 -0.952439547 1.09100306 0.252662629 -0.941215038 0.993398607 0.00328657334 -0.941215038 0.993398607 0.00328657334 -0.941215038 0.993398607 0.00328657334 -0.932583928 0.903933048 -0.24744457 -0.932583928 0.903933048 -0.24744457 -0.932583928 0.903933048 -0.24744457 -0.928405762 0.908042192 -0.495517224 -0.928405762 0.908042192 -0.495517224 -0.928405762 0.908042192 -0.495517224 -0.923959136 0.938627005 -0.742294014 -0.923959136 0.938627005 -0.742294014 -0.923959136 0.938627005 -0.742294014 -0.680732667 0.94561255 -0.966725111 -0.680732667 0.94561255 -0.966725111 -0.680732667 0.94561255 -0.966725111 -0.440592974 0.908466339 -0.946666896 -0.440592974 0.908466339 -0.946666896 -0.440592974 0.908466339 -0.946666896 -0.200454682 0.873505116 -0.927786291 -0.200454682 0.873505116 -0.927786291 -0.200454682 0.873505116 -0.927786291 0.039666038 0.861592591 -0.921638429 0.039666038 0.861592591 -0.921638429 0.039666038 0.861592591 -0.921638429 0.279757202 0.887015104 -0.936139107 0.279757202 0.887015104 -0.936139107 0.279757202 0.887015104 -0.936139107 0.51983577 0.928433061 -0.959501565 0.51983577 0.928433061 -0.959501565 0.51983577 0.928433061 -0.959501565 0.759952962 0.921137929 -0.955920339 0.759952962 0.921137929 -0.955920339 0.759952962 0.921137929 -0.955920339 0.999979913 -1.27355719 0.749964237 0.999979913 -1.27355719 0.749964237 0.999979913 -1.27355719 0.749964237 0.999957621 -1.13023293 0.499982983 0.999957621 -1.13023293 0.499982983 0.999957621 -1.13023293 0.499982983 1.00903916 -1.00559378 0.249997377 1.00903916 -1.00559378 0.249997377 1.00903916 -1.00559378 0.249997377 1.00003707 -0.955730319 5.82372286e-06 1.00003707 -0.955730319 5.82372286e-06 1.00003707 -0.955730319 5.82372286e-06 1.01355124 -0.978100717 -0.249998033 1.01355124 -0.978100717 -0.249998033 1.01355124 -0.978100717 -0.249998033 0.982147336 -1.02879953 -0.500005305 0.982147336 -1.02879953 -0.500005305 0.982147336 -1.02879953 -0.500005305 0.939968169 -0.999951959 -0.754954159 0.939968169 -0.999951959 -0.754954159 0.939968169 -0.999951959 -0.754954159 -1.01080894 -1.14152205 -0.750032365 -1.00671005 -1.11693513 -0.500023961 -0.999979913 -0.999522686 -0.24999994 -0.996671438 -0.886854649 1.9071007e-05 -0.997104049 -0.846241236 0.250023842 -0.998833895 -0.881378233 0.500017047 -0.999907553 -0.955672324 0.75000596 0.75 -0.991078198 -0.988979638 0.50000006 -0.957349539 -0.947238207 0.25000006 -0.898454547 -0.874306321 -7.32953609e-08 -0.891288757 -0.865484476 -0.25000006 -0.937799275 -0.922993422 -0.50000006 -1.00769997 -1.0095315 -0.75000006 -1.0639379 -1.07919157 1.00024605 0.75000006 -0.758463681 1.00024605 0.75000006 -0.758463681 1.00013471 0.50000006 -0.69153595 1.00013471 0.50000006 -0.69153595 1.0001061 0.25000003 -0.667108774 1.0001061 0.25000003 -0.667108774 1.00006688 0 -0.693131328 1.00006688 0 -0.693131328 1.00001752 -0.25000006 -0.758440077 1.00001752 -0.25000006 -0.758440077 0.99998033 -0.50000006 -0.84986937 0.99998033 -0.50000006 -0.84986937 0.999972939 -0.75 -0.946909845 0.999972939 -0.75 -0.946909845 -1.00103676 -0.750001431 1.02504075 -1.00103676 -0.750001431 1.02504075 -1.00113714 -0.500002265 1.03085673 -1.00113714 -0.500002265 1.03085673 -1.00066364 -0.250002474 1.02364671 -1.00066364 -0.250002474 1.02364671 -1.00002301 -1.78151708e-06 1.00906491 -1.00002301 -1.78151708e-06 1.00906491 -1.00013173 0.250000507 1.00004578 -1.00013173 0.250000507 1.00004578 -1.00906658 0.500027597 1.02730501 -1.00906658 0.500027597 1.02730501 -1.00702584 0.750011265 1.07042849 -1.00702584 0.750011265 1.07042849 0.907587409 0.75000006 1.12821591 0.907587409 0.75000006 1.12821591 1.00074327 0.50000006 0.998513818 1.00074327 0.50000006 0.998513818 1.05250454 0.25000003 0.894991279 1.05250454 0.25000003 0.894991279 1.050017 0.11184112 0.899966359 1.050017 0.11184112 0.899966359 1 -0.0554049313 1 1 -0.0554049313 1 0.924261451 -0.330643296 1.15147746 0.924261451 -0.330643296 1.15147746 0.746549487 -0.75 1.15664101 0.746549487 -0.75 1.15664101 -1.00438869 0.749994218 -0.893974602 -1.00438869 0.749994218 -0.893974602 -1.00430477 0.499991775 -0.883162558 -1.00430477 0.499991775 -0.883162558 -1.00395513 0.249985486 -0.858974218 -1.00395513 0.249985486 -0.858974218 -1.00058484 -4.54334149e-05 -0.76874578 -1.00058484 -4.54334149e-05 -0.76874578 -0.701446414 -0.25106895 -1.10383308 -0.701446414 -0.25106895 -1.10383308 -0.89801532 -0.500309587 -1.30727637 -0.89801532 -0.500309587 -1.30727637 -0.976355851 -0.750037849 -1.23711526 -0.976355851 -0.750037849 -1.23711526 0.75000006 0.844911993 0.807823777 0.75000006 0.844911993 0.807823777 0.5 0.870588183 0.839526832 0.5 0.870588183 0.839526832 0.25000003 0.87141633 0.840699315 0.25000003 0.87141633 0.840699315 5.50481793e-08 0.893336594 0.867959082 5.50481793e-08 0.893336594 0.867959082 -0.250000089 0.931744754 0.915526211 -0.250000089 0.931744754 0.915526211 -0.50000006 0.96212095 0.953117192 -0.50000006 0.96212095 0.953117192 -0.75 0.968504846 0.961038649 -0.75 0.968504846 0.961038649 0.990428984 1.00689864 -0.75000006 0.990428984 1.00689864 -0.75000006 1.13312256 0.933438897 -0.50000006 1.13312256 0.933438897 -0.50000006 1.17706299 0.911468625 -0.25000003 1.17706299 0.911468625 -0.25000003 1.05612993 1.03469026 -0 1.05612993 1.03469026 -0 1 0.868092477 0.25000003 1 0.868092477 0.25000003 1.15378785 0.751166403 0.50000006 1.15378785 0.751166403 0.50000006 1.18426085 0.701859593 0.75 1.18426085 0.701859593 0.75 -0.74999994 -0.791924715 0.978045464 -0.74999994 -0.791924715 0.978045464 -0.500000179 -0.621708751 0.960158587 -0.500000179 -0.621708751 0.960158587 -0.249999851 -0.599380732 0.957831442 -0.249999851 -0.599380732 0.957831442 1.80194126e-09 -0.730812848 0.971707642 1.80194126e-09 -0.730812848 0.971707642 0.25000003 -0.925430536 0.992150724 0.25000003 -0.925430536 0.992150724 0.500000119 -1.08817232 1.00927114 0.500000119 -1.08817232 1.00927114 0.750000358 -1.27764487 1.02825582 0.750000358 -1.27764487 1.02825582 -1.00381827 0.950019717 0.749988616 -1.00670826 0.883096397 0.499976158 -1.00374973 0.910833001 0.249983564 -0.99981302 1.00636029 1.07055826e-06 -0.998235464 1.09373868 -0.249985516 -0.99912113 1.08947396 -0.499987245 -0.999868691 1.06320035 -0.749991596 -0.75 0.94618392 -0.994321644 -0.50000006 0.906813681 -0.990165651 -0.250000089 0.862270594 -0.985494614 7.38371213e-08 0.841479778 -0.983320236 0.25000003 0.86451453 -0.985761881 0.50000006 0.916100442 -0.991167605 0.74999994 0.911576331 -0.990778804 1.22192132 -0.840048373 0.75000006 1.22192132 -0.840048373 0.75000006 1.11648393 -0.941758215 0.50000006 1.11648393 -0.941758215 0.50000006 1.00950789 -0.995246232 0.25000003 1.00950789 -0.995246232 0.25000003 0.976726115 -1.03765821 -0 0.976726115 -1.03765821 -0 1 -1.02575302 -0.25000003 1 -1.02575302 -0.25000003 0.971176624 -0.982186198 -0.50000006 0.971176624 -0.982186198 -0.50000006 0.946123242 -1.02693832 -0.75 0.946123242 -1.02693832 -0.75 0.990634799 -0.981001258 -1.00468504 0.990634799 -0.981001258 -1.00468504 0.990634799 -0.981001258 -1.00468504 0.990634799 -0.981001258 -1.00468504 0.990634799 -0.981001258 -1.00468504 1.00672185 -0.979649425 -1.00335884 1.00672185 -0.979649425 -1.00335884 1.00672185 -0.979649425 -1.00335884 1.00672185 -0.979649425 -1.00335884 1.00672185 -0.979649425 -1.00335884 0.999996364 -0.979553938 -1.00725043 0.999996364 -0.979553938 -1.00725043 0.999996364 -0.979553938 -1.00725043 0.999996364 -0.979553938 -1.00725043 0.999996364 -0.979553938 -1.00725043 0.999855578 -0.979554832 -1.0072515 0.999855578 -0.979554832 -1.0072515 0.999855578 -0.979554832 -1.0072515 0.999855578 -0.979554832 -1.0072515 0.999855578 -0.979554832 -1.0072515 0.997852743 -0.979616404 -1.00710702 0.997852743 -0.979616404 -1.00710702 0.997852743 -0.979616404 -1.00710702 0.997852743 -0.979616404 -1.00710702 0.997852743 -0.979616404 -1.00710702 0.989559233 -0.981514037 -1.00445735 0.989559233 -0.981514037 -1.00445735 0.989559233 -0.981514037 -1.00445735 0.989559233 -0.981514037 -1.00445735 0.989559233 -0.981514037 -1.00445735 1.00000405 -0.978506029 -1.00293565 1.00000405 -0.978506029 -1.00293565 1.00000405 -0.978506029 -1.00293565 1.00000405 -0.978506029 -1.00293565 1.00000405 -0.978506029 -1.00293565 1.3129003 -0.893170238 0.83990711 1.3129003 -0.893170238 0.83990711 1.3129003 -0.893170238 0.83990711 1.3129003 -0.893170238 0.83990711 1.3129003 -0.893170238 0.83990711 1.3129003 -0.893170238 0.83990711 0.893892169 -1.23464847 1.26197374 0.893892169 -1.23464847 1.26197374 0.893892169 -1.23464847 1.26197374 0.893892169 -1.23464847 1.26197374 0.893892169 -1.23464847 1.26197374 0.893892169 -1.23464847 1.26197374 1.00000012 -1.36528587 1.0389266 1.00000012 -1.36528587 1.0389266 1.00000012 -1.36528587 1.0389266 1.00000012 -1.36528587 1.0389266 1.00000012 -1.36528587 1.0389266 1.00000012 -1.36528587 1.0389266 1.10530996 -1.34593415 0.935282111 1.10530996 -1.34593415 0.935282111 1.10530996 -1.34593415 0.935282111 1.10530996 -1.34593415 0.935282111 1.10530996 -1.34593415 0.935282111 1.10530996 -1.34593415 0.935282111 0.859578848 -1.33687997 1.04174542 0.859578848 -1.33687997 1.04174542 0.859578848 -1.33687997 1.04174542 0.859578848 -1.33687997 1.04174542 0.859578848 -1.33687997 1.04174542 0.859578848 -1.33687997 1.04174542 1.04670298 -1.35730588 1.07141697 1.04670298 -1.35730588 1.07141697 1.04670298 -1.35730588 1.07141697 1.04670298 -1.35730588 1.07141697 1.04670298 -1.35730588 1.07141697 1.04670298 -1.35730588 1.07141697 0.897022963 -1.31754243 1.15333438 0.897022963 -1.31754243 1.15333438 0.897022963 -1.31754243 1.15333438 0.897022963 -1.31754243 1.15333438 0.897022963 -1.31754243 1.15333438 0.897022963 -1.31754243 1.15333438 -1.00476646 -1.0659883 -1.07298493 -1.00476646 -1.0659883 -1.07298493 -1.00476646 -1.0659883 -1.07298493 -1.00476646 -1.0659883 -1.07298493 -1.0095104 -1.06470299 -1.07248378 -1.0095104 -1.06470299 -1.07248378 -1.0095104 -1.06470299 -1.07248378 -1.0095104 -1.06470299 -1.07248378 -1.01425385 -1.06343031 -1.07200325 -1.01425385 -1.06343031 -1.07200325 -1.01425385 -1.06343031 -1.07200325 -1.01425385 -1.06343031 -1.07200325 -1.01899874 -1.06215656 -1.07155645 -1.01899874 -1.06215656 -1.07155645 -1.01899874 -1.06215656 -1.07155645 -1.01899874 -1.06215656 -1.07155645 -1.02374244 -1.0609231 -1.07110417 -1.02374244 -1.0609231 -1.07110417 -1.02374244 -1.0609231 -1.07110417 -1.02374244 -1.0609231 -1.07110417 -1.02848613 -1.05969918 -1.07067502 -1.02848613 -1.05969918 -1.07067502 -1.02848613 -1.05969918 -1.07067502 -1.02848613 -1.05969918 -1.07067502 -1.03323138 -1.05847764 -1.07027471 -1.03323138 -1.05847764 -1.07027471 -1.03323138 -1.05847764 -1.07027471 -1.03323138 -1.05847764 -1.07027471 -1.01048696 -0.999973595 1.01439834 -1.01048696 -0.999973595 1.01439834 -1.01048696 -0.999973595 1.01439834 -1.01048696 -0.999973595 1.01439834 -1.01048696 -0.999973595 1.01439834 -1.02066112 -0.999987006 1.02103138 -1.02066112 -0.999987006 1.02103138 -1.02066112 -0.999987006 1.02103138 -1.02066112 -0.999987006 1.02103138 -1.02066112 -0.999987006 1.02103138 -1.03083324 -1.00000215 1.0276171 -1.03083324 -1.00000215 1.0276171 -1.03083324 -1.00000215 1.0276171 -1.03083324 -1.00000215 1.0276171 -1.03083324 -1.00000215 1.0276171 -1.04100358 -1.0000186 1.03414989 -1.04100358 -1.0000186 1.03414989 -1.04100358 -1.0000186 1.03414989 -1.04100358 -1.0000186 1.03414989 -1.04100358 -1.0000186 1.03414989 -1.05117142 -1.00003707 1.04062343 -1.05117142 -1.00003707 1.04062343 -1.05117142 -1.00003707 1.04062343 -1.05117142 -1.00003707 1.04062343 -1.05117142 -1.00003707 1.04062343 -1.06133616 -1.00005603 1.04703283 -1.06133616 -1.00005603 1.04703283 -1.06133616 -1.00005603 1.04703283 -1.06133616 -1.00005603 1.04703283 -1.06133616 -1.00005603 1.04703283 -1.07149816 -1.00007522 1.0533725 -1.07149816 -1.00007522 1.0533725 -1.07149816 -1.00007522 1.0533725 -1.07149816 -1.00007522 1.0533725 -1.07149816 -1.00007522 1.0533725 -0.992370367 1.00032175 -0.943457186 -0.992370367 1.00032175 -0.943457186 -0.992370367 1.00032175 -0.943457186 -0.992370367 1.00032175 -0.943457186 -0.982424915 1.00035489 -0.944425285 -0.982424915 1.00035489 -0.944425285 -0.982424915 1.00035489 -0.944425285 -0.982424915 1.00035489 -0.944425285 -0.972483456 1.0003922 -0.945256352 -0.972483456 1.0003922 -0.945256352 -0.972483456 1.0003922 -0.945256352 -0.972483456 1.0003922 -0.945256352 -0.962549627 1.00042593 -0.945953727 -0.962549627 1.00042593 -0.945953727 -0.962549627 1.00042593 -0.945953727 -0.962549627 1.00042593 -0.945953727 -0.95261991 1.00046396 -0.946520448 -0.95261991 1.00046396 -0.946520448 -0.95261991 1.00046396 -0.946520448 -0.95261991 1.00046396 -0.946520448 -0.942694962 1.00050128 -0.946959794 -0.942694962 1.00050128 -0.946959794 -0.942694962 1.00050128 -0.946959794 -0.942694962 1.00050128 -0.946959794 -0.932775378 1.00053966 -0.9472754 -0.932775378 1.00053966 -0.9472754 -0.932775378 1.00053966 -0.9472754 -0.932775378 1.00053966 -0.9472754 1.04076529 0.902231216 -0.888633192 1.04076529 0.902231216 -0.888633192 1.04076529 0.902231216 -0.888633192 1.04076529 0.902231216 -0.888633192 1.04076529 0.902231216 -0.888633192 0.998841643 0.89726609 -0.885686815 0.998841643 0.89726609 -0.885686815 0.998841643 0.89726609 -0.885686815 0.998841643 0.89726609 -0.885686815 0.998841643 0.89726609 -0.885686815 0.95802772 0.90109247 -0.890096724 0.95802772 0.90109247 -0.890096724 0.95802772 0.90109247 -0.890096724 0.95802772 0.90109247 -0.890096724 0.95802772 0.90109247 -0.890096724 0.999674618 0.895635724 -0.88716805 0.999674618 0.895635724 -0.88716805 0.999674618 0.895635724 -0.88716805 0.999674618 0.895635724 -0.88716805 0.999674618 0.895635724 -0.88716805 1.03772962 0.909501076 -0.881638169 1.03772962 0.909501076 -0.881638169 1.03772962 0.909501076 -0.881638169 1.03772962 0.909501076 -0.881638169 1.03772962 0.909501076 -0.881638169 1.00000453 0.897072375 -0.885855556 1.00000453 0.897072375 -0.885855556 1.00000453 0.897072375 -0.885855556 1.00000453 0.897072375 -0.885855556 1.00000453 0.897072375 -0.885855556 0.966672003 0.892221987 -0.895614922 0.966672003 0.892221987 -0.895614922 0.966672003 0.892221987 -0.895614922 0.966672003 0.892221987 -0.895614922 0.966672003 0.892221987 -0.895614922 -0.966697872 1.06798363 1.04555035 -0.966697872 1.06798363 1.04555035 -0.966697872 1.06798363 1.04555035 -0.966697872 1.06798363 1.04555035 -0.966697872 1.06798363 1.04555035 -0.971440315 1.06930017 1.0455116 -0.971440315 1.06930017 1.0455116 -0.971440315 1.06930017 1.0455116 -0.971440315 1.06930017 1.0455116 -0.971440315 1.06930017 1.0455116 -0.976179063 1.07056189 1.04559362 -0.976179063 1.07056189 1.04559362 -0.976179063 1.07056189 1.04559362 -0.976179063 1.07056189 1.04559362 -0.976179063 1.07056189 1.04559362 -0.980921388 1.07187963 1.04561162 -0.980921388 1.07187963 1.04561162 -0.980921388 1.07187963 1.04561162 -0.980921388 1.07187963 1.04561162 -0.980921388 1.07187963 1.04561162 -0.985664189 1.07319391 1.04566467 -0.985664189 1.07319391 1.04566467 -0.985664189 1.07319391 1.04566467 -0.985664189 1.07319391 1.04566467 -0.985664189 1.07319391 1.04566467 -0.990405738 1.07454431 1.04568684 -0.990405738 1.07454431 1.04568684 -0.990405738 1.07454431 1.04568684 -0.990405738 1.07454431 1.04568684 -0.990405738 1.07454431 1.04568684 -0.995146453 1.07583559 1.04583693 -0.995146453 1.07583559 1.04583693 -0.995146453 1.07583559 1.04583693 -0.995146453 1.07583559 1.04583693 -0.995146453 1.07583559 1.04583693 0.971260011 0.726537943 0.957419336 0.971260011 0.726537943 0.957419336 0.971260011 0.726537943 0.957419336 0.971260011 0.726537943 0.957419336 0.971260011 0.726537943 0.957419336 0.971260011 0.726537943 0.957419336 1.07669222 0.76819694 0.866559923 1.07669222 0.76819694 0.866559923 1.07669222 0.76819694 0.866559923 1.07669222 0.76819694 0.866559923 1.07669222 0.76819694 0.866559923 1.07669222 0.76819694 0.866559923 1.0000006 0.825153291 0.783553243 1.0000006 0.825153291 0.783553243 1.0000006 0.825153291 0.783553243 1.0000006 0.825153291 0.783553243 1.0000006 0.825153291 0.783553243 1.0000006 0.825153291 0.783553243 0.901175022 0.795877755 0.838791192 0.901175022 0.795877755 0.838791192 0.901175022 0.795877755 0.838791192 0.901175022 0.795877755 0.838791192 0.901175022 0.795877755 0.838791192 0.901175022 0.795877755 0.838791192 0.968710363 0.865492642 0.758443713 0.968710363 0.865492642 0.758443713 0.968710363 0.865492642 0.758443713 0.968710363 0.865492642 0.758443713 0.968710363 0.865492642 0.758443713 0.968710363 0.865492642 0.758443713 1.02806449 0.850742102 0.766858339 1.02806449 0.850742102 0.766858339 1.02806449 0.850742102 0.766858339 1.02806449 0.850742102 0.766858339 1.02806449 0.850742102 0.766858339 1.02806449 0.850742102 0.766858339 1.10753727 0.755179405 0.923062742 1.10753727 0.755179405 0.923062742 1.10753727 0.755179405 0.923062742 1.10753727 0.755179405 0.923062742 1.10753727 0.755179405 0.923062742 1.10753727 0.755179405 0.923062742 -12.4897175 -0.847692132 -1.58710873 -12.4897175 -0.847692132 -1.58710873 -12.4897175 -0.847692132 -1.58710873 -12.4897175 -0.847692132 -1.58710873 -12.3757429 -0.820630968 -1.18255723 -12.3757429 -0.820630968 -1.18255723 -12.3757429 -0.820630968 -1.18255723 -12.3757429 -0.820630968 -1.18255723 -12.3041801 -0.85601759 -0.822564542 -12.3041801 -0.85601759 -0.822564542 -12.3041801 -0.85601759 -0.822564542 -12.3041801 -0.85601759 -0.822564542 -12.2791491 -0.94949013 -0.499669611 -12.2791491 -0.94949013 -0.499669611 -12.2791491 -0.94949013 -0.499669611 -12.2791491 -0.94949013 -0.499669611 -12.3019648 -1.03294349 -0.170147076 -12.3019648 -1.03294349 -0.170147076 -12.3019648 -1.03294349 -0.170147076 -12.3019648 -1.03294349 -0.170147076 -12.3685436 -1.13277936 0.20304884 -12.3685436 -1.13277936 0.20304884 -12.3685436 -1.13277936 0.20304884 -12.3685436 -1.13277936 0.20304884 -12.4813538 -1.10263062 0.594582498 -12.4813538 -1.10263062 0.594582498 -12.4813538 -1.10263062 0.594582498 -12.4813538 -1.10263062 0.594582498 -12.2941999 -0.870140851 1.22572696 -12.0243607 -0.705399752 1.44226241 -12.0243607 -0.705399752 1.44226241 -11.8467846 -0.468112409 1.61104918 -11.7897882 -0.173067361 1.66907644 -11.8559818 0.111956432 1.60354853 -12.0355101 0.32656458 1.43714225 -12.3160496 0.403678179 1.19642353 -12.2283335 0.667162299 -2.30621982 -11.9704819 0.443371028 -2.47404623 -11.7803764 0.20155479 -2.64450812 -11.7061462 -0.115112193 -2.72592902 -11.7784643 -0.438543111 -2.65960479 -11.9808493 -0.681476116 -2.48120809 -11.9808493 -0.681476116 -2.48120809 -12.276104 -0.819926083 -2.25835299 -12.4860516 0.241742194 0.528949976 -12.4860516 0.241742194 0.528949976 -12.3501234 0.314369202 0.174973041 -12.3501234 0.314369202 0.174973041 -12.2702932 0.614541709 -0.141137376 -12.2440214 0.856487095 -0.465224504 -12.2645874 0.998731613 -0.820635796 -12.2645874 0.998731613 -0.820635796 -12.3299379 0.976434827 -1.21459353 -12.3299379 0.976434827 -1.21459353 -12.4403028 0.891697466 -1.63280821 -2.65289044 -0.845613599 0.75922662 -2.65289044 -0.845613599 0.75922662 -2.65289044 -0.845613599 0.75922662 -4.24264956 -0.95492059 0.78718549 -4.24264956 -0.95492059 0.78718549 -4.24264956 -0.95492059 0.78718549 -5.75746298 -0.639293909 0.424128711 -5.75746298 -0.639293909 0.424128711 -5.75746298 -0.639293909 0.424128711 -7.26160574 -0.563139081 0.32592833 -7.26160574 -0.563139081 0.32592833 -7.26160574 -0.563139081 0.32592833 -8.77007675 -0.618586063 0.387849689 -8.77007675 -0.618586063 0.387849689 -8.77007675 -0.618586063 0.387849689 -10.2416296 -0.800639153 0.575480044 -10.2416296 -0.800639153 0.575480044 -10.2416296 -0.800639153 0.575480044 -11.547183 -1.10382545 0.835112214 -11.547183 -1.10382545 0.835112214 -11.547183 -1.10382545 0.835112214 -11.5674486 -0.799876392 -1.67208576 -11.5674486 -0.799876392 -1.67208576 -11.5674486 -0.799876392 -1.67208576 -10.2120914 -0.887139201 -1.46388054 -10.2120914 -0.887139201 -1.46388054 -10.2120914 -0.887139201 -1.46388054 -8.73171043 -0.899555862 -1.29661047 -8.73171043 -0.899555862 -1.29661047 -8.73171043 -0.899555862 -1.29661047 -7.24916315 -0.674825251 -0.980307341 -7.24916315 -0.674825251 -0.980307341 -7.24916315 -0.674825251 -0.980307341 -5.74476337 -0.77562052 -0.975379348 -5.74476337 -0.77562052 -0.975379348 -5.74476337 -0.77562052 -0.975379348 -4.20040989 -0.834149599 -0.958193183 -4.20040989 -0.834149599 -0.958193183 -4.20040989 -0.834149599 -0.958193183 -2.62799239 -0.955620229 -1.01757288 -2.62799239 -0.955620229 -1.01757288 -2.62799239 -0.955620229 -1.01757288 -2.52865648 0.984635711 -1.06429255 -2.52865648 0.984635711 -1.06429255 -4.10139322 0.533273816 -0.710253835 -4.10139322 0.533273816 -0.710253835 -5.67209005 0.6047194 -0.886304498 -5.67209005 0.6047194 -0.886304498 -7.18326759 0.677800775 -1.07346642 -7.18326759 0.677800775 -1.07346642 -8.68187714 0.772649646 -1.29972267 -8.68187714 0.772649646 -1.29972267 -10.1708946 0.713310897 -1.45721304 -10.1708946 0.713310897 -1.45721304 -11.5453548 0.485405982 -1.62055552 -11.5453548 0.485405982 -1.62055552 -11.5726528 0.302411646 0.642659128 -11.5726528 0.302411646 0.642659128 -10.1847248 0.864461541 0.789938807 -10.1847248 0.864461541 0.789938807 -8.71345901 0.615175188 0.537988424 -8.71345901 0.615175188 0.537988424 -7.20822001 0.690331161 0.56872195 -7.20822001 0.690331161 0.56872195 -5.68817234 0.587467849 0.478057414 -5.68817234 0.587467849 0.478057414 -4.16700172 0.954466343 0.86387521 -4.16700172 0.954466343 0.86387521 -2.55234194 0.836199105 0.791764677 -2.55234194 0.836199105 0.791764677 -16.4153576 -0.995251894 -1.88419116 -16.4153576 -0.995251894 -1.88419116 -16.4153576 -0.995251894 -1.88419116 -16.4153576 -0.995251894 -1.88419116 -16.4412937 -1.04940259 -1.44183612 -16.4412937 -1.04940259 -1.44183612 -16.4412937 -1.04940259 -1.44183612 -16.4412937 -1.04940259 -1.44183612 -16.3984871 -0.987403631 -1.03823054 -16.3984871 -0.987403631 -1.03823054 -16.3984871 -0.987403631 -1.03823054 -16.3984871 -0.987403631 -1.03823054 -16.3628674 -0.932774663 -0.653354526 -16.3628674 -0.932774663 -0.653354526 -16.3628674 -0.932774663 -0.653354526 -16.3628674 -0.932774663 -0.653354526 -16.3770809 -0.95465374 -0.271521747 -16.3770809 -0.95465374 -0.271521747 -16.3770809 -0.95465374 -0.271521747 -16.3770809 -0.95465374 -0.271521747 -16.4848938 -1.124892 0.118734986 -16.4848938 -1.124892 0.118734986 -16.4848938 -1.124892 0.118734986 -16.4848938 -1.124892 0.118734986 -16.5157528 -1.163293 0.541681409 -16.5157528 -1.163293 0.541681409 -16.5157528 -1.163293 0.541681409 -16.5157528 -1.163293 0.541681409 -16.5407753 -0.759308934 1.03427362 -16.5407753 -0.759308934 1.03427362 -16.5407753 -0.759308934 1.03427362 -16.6095467 -0.561881721 1.04762173 -16.6095467 -0.561881721 1.04762173 -16.6095467 -0.561881721 1.04762173 -16.6250992 -0.384582549 1.06356096 -16.6250992 -0.384582549 1.06356096 -16.6250992 -0.384582549 1.06356096 -16.6285782 -0.236932576 1.07848561 -16.6285782 -0.236932576 1.07848561 -16.6285782 -0.236932576 1.07848561 -16.6308289 -0.097721383 1.09113073 -16.6308289 -0.097721383 1.09113073 -16.6308289 -0.097721383 1.09113073 -16.6108837 0.0506159328 1.10252106 -16.6108837 0.0506159328 1.10252106 -16.6108837 0.0506159328 1.10252106 -16.5364742 0.19984597 1.11410308 -16.5364742 0.19984597 1.11410308 -16.5364742 0.19984597 1.11410308 -16.3472652 0.109002575 -2.39446712 -16.3472652 0.109002575 -2.39446712 -16.3472652 0.109002575 -2.39446712 -16.3472652 0.109002575 -2.39446712 -16.5154228 0.0548600927 -2.39826322 -16.5154228 0.0548600927 -2.39826322 -16.5154228 0.0548600927 -2.39826322 -16.5154228 0.0548600927 -2.39826322 -16.6800556 -0.0533613302 -2.39862084 -16.6800556 -0.0533613302 -2.39862084 -16.6800556 -0.0533613302 -2.39862084 -16.6800556 -0.0533613302 -2.39862084 -16.7876167 -0.225644827 -2.39678144 -16.7876167 -0.225644827 -2.39678144 -16.7876167 -0.225644827 -2.39678144 -16.7876167 -0.225644827 -2.39678144 -16.7992992 -0.430276513 -2.39409733 -16.7992992 -0.430276513 -2.39409733 -16.7992992 -0.430276513 -2.39409733 -16.7992992 -0.430276513 -2.39409733 -16.7135601 -0.622784078 -2.39108109 -16.7135601 -0.622784078 -2.39108109 -16.7135601 -0.622784078 -2.39108109 -16.7135601 -0.622784078 -2.39108109 -16.5519867 -0.770694256 -2.38748527 -16.5519867 -0.770694256 -2.38748527 -16.5519867 -0.770694256 -2.38748527 -16.5519867 -0.770694256 -2.38748527 -16.4234467 0.433118224 0.62787205 -16.4234467 0.433118224 0.62787205 -16.4234467 0.433118224 0.62787205 -16.4419804 0.505577087 0.18221508 -16.4419804 0.505577087 0.18221508 -16.4419804 0.505577087 0.18221508 -16.4715557 0.5776335 -0.229018852 -16.4715557 0.5776335 -0.229018852 -16.4715557 0.5776335 -0.229018852 -16.5389099 0.690194547 -0.623180866 -16.5389099 0.690194547 -0.623180866 -16.5389099 0.690194547 -0.623180866 -16.5618668 0.726053298 -1.01804543 -16.5618668 0.726053298 -1.01804543 -16.5618668 0.726053298 -1.01804543 -16.4387474 0.540086925 -1.43252003 -16.4387474 0.540086925 -1.43252003 -16.4387474 0.540086925 -1.43252003 -16.2769947 0.289848953 -1.883618 -16.2769947 0.289848953 -1.883618 -16.2769947 0.289848953 -1.883618 -13.4180069 0.558808625 1.06635404 -14.1109915 0.776991725 1.1265167 -14.7268429 0.800830066 1.14504075 -15.2181559 0.585764825 1.1429764 -15.5958929 0.458997041 1.14256084 -15.9133501 0.421478629 1.1409409 -16.1718807 0.372804135 1.13499665 -16.1531315 -1.02253401 1.0260092 -16.1531315 -1.02253401 1.0260092 -16.1531315 -1.02253401 1.0260092 -15.8708925 -1.05753803 1.0282408 -15.8708925 -1.05753803 1.0282408 -15.8708925 -1.05753803 1.0282408 -15.5479374 -1.10000432 1.02943063 -15.5479374 -1.10000432 1.02943063 -15.5479374 -1.10000432 1.02943063 -15.165514 -1.06583166 1.03046739 -15.165514 -1.06583166 1.03046739 -15.165514 -1.06583166 1.03046739 -14.6939535 -1.02202821 1.02609277 -14.6939535 -1.02202821 1.02609277 -14.6939535 -1.02202821 1.02609277 -14.0931654 -1.14559126 1.01872456 -14.0931654 -1.14559126 1.01872456 -14.0931654 -1.14559126 1.01872456 -13.3950539 -1.16554213 1.01563776 -13.3950539 -1.16554213 1.01563776 -13.3950539 -1.16554213 1.01563776 -13.3770323 -1.15869844 -2.16026449 -13.3770323 -1.15869844 -2.16026449 -13.3770323 -1.15869844 -2.16026449 -13.3770323 -1.15869844 -2.16026449 -14.0740747 -1.19387114 -2.22468829 -14.0740747 -1.19387114 -2.22468829 -14.0740747 -1.19387114 -2.22468829 -14.0740747 -1.19387114 -2.22468829 -14.6665754 -1.33692348 -2.2810328 -14.6665754 -1.33692348 -2.2810328 -14.6665754 -1.33692348 -2.2810328 -14.6665754 -1.33692348 -2.2810328 -15.1568565 -0.972566307 -2.3166821 -15.1568565 -0.972566307 -2.3166821 -15.1568565 -0.972566307 -2.3166821 -15.1568565 -0.972566307 -2.3166821 -15.5078096 -0.706176043 -2.34735036 -15.5078096 -0.706176043 -2.34735036 -15.5078096 -0.706176043 -2.34735036 -15.5078096 -0.706176043 -2.34735036 -15.807847 -0.765627265 -2.36634755 -15.807847 -0.765627265 -2.36634755 -15.807847 -0.765627265 -2.36634755 -15.807847 -0.765627265 -2.36634755 -16.0850639 -0.847040474 -2.37672353 -16.0850639 -0.847040474 -2.37672353 -16.0850639 -0.847040474 -2.37672353 -16.0850639 -0.847040474 -2.37672353 -16.0134563 0.160345703 -2.37742805 -16.0134563 0.160345703 -2.37742805 -15.8035631 0.220991641 -2.36347651 -15.8035631 0.220991641 -2.36347651 -15.5289488 0.33576408 -2.34314919 -15.1726379 0.502041578 -2.31433535 -14.6957808 0.523020208 -2.26802492 -14.6957808 0.523020208 -2.26802492 -14.1045065 0.418088973 -2.19168878 -14.1045065 0.418088973 -2.19168878 -13.3792238 0.776120901 -2.14303207 -13.3792238 0.776120901 -2.14303207 -12.9940805 -1.382249 6.03897953 -12.7422571 -1.28939819 5.86404514 -12.7422571 -1.28939819 5.86404514 -12.5930157 -1.07751107 5.80804396 -12.5935364 -0.861504614 5.88726568 -12.7220888 -0.73656708 6.03435564 -12.9128647 -0.677672088 6.17887783 -13.0981455 -0.555351079 6.2960844 -17.8989162 -1.52029681 6.56926489 -17.8989162 -1.52029681 6.56926489 -17.8989162 -1.52029681 6.56926489 -18.2096634 -1.40255189 6.49328232 -18.2096634 -1.40255189 6.49328232 -18.2096634 -1.40255189 6.49328232 -18.4031773 -1.16929102 6.51206446 -18.4031773 -1.16929102 6.51206446 -18.4031773 -1.16929102 6.51206446 -18.4594021 -0.919326544 6.60362148 -18.4594021 -0.919326544 6.60362148 -18.4594021 -0.919326544 6.60362148 -18.4132252 -0.710427105 6.72935963 -18.4132252 -0.710427105 6.72935963 -18.4132252 -0.710427105 6.72935963 -18.3276329 -0.516542792 6.85639429 -18.3276329 -0.516542792 6.85639429 -18.3276329 -0.516542792 6.85639429 -18.1979866 -0.300783813 6.99250793 -18.1979866 -0.300783813 6.99250793 -18.1979866 -0.300783813 6.99250793 -13.8576841 0.248076662 6.3941884 -14.556859 0.00748373568 6.31346893 -14.556859 0.00748373568 6.31346893 -15.1493731 -0.0273189843 6.29056406 -15.6768427 0.299420148 6.37162733 -16.2374535 0.509782195 6.4993701 -16.772707 0.113812409 6.61792135 -16.772707 0.113812409 6.61792135 -17.2690086 -0.325943738 6.82324934 -17.0085392 -1.41232705 6.38092947 -17.0085392 -1.41232705 6.38092947 -17.0085392 -1.41232705 6.38092947 -16.4790096 -1.40941811 6.13681984 -16.4790096 -1.40941811 6.13681984 -16.4790096 -1.40941811 6.13681984 -15.966629 -1.35777628 5.9957943 -15.966629 -1.35777628 5.9957943 -15.966629 -1.35777628 5.9957943 -15.4906254 -1.447999 5.90968037 -15.4906254 -1.447999 5.90968037 -15.4906254 -1.447999 5.90968037 -15.0031481 -1.5762651 5.88196278 -15.0031481 -1.5762651 5.88196278 -15.0031481 -1.5762651 5.88196278 -14.4616709 -1.47135746 5.9508996 -14.4616709 -1.47135746 5.9508996 -14.4616709 -1.47135746 5.9508996 -13.8871737 -1.27391231 6.10911083 -13.8871737 -1.27391231 6.10911083 -13.8871737 -1.27391231 6.10911083 -13.2737484 0.377905607 1.51630151 -13.2737484 0.377905607 1.51630151 -13.7263565 0.338045776 2.17969346 -13.7263565 0.338045776 2.17969346 -14.0840864 0.129109383 2.86791682 -14.0840864 0.129109383 2.86791682 -14.0810385 0.383120775 3.64326477 -14.0810385 0.383120775 3.64326477 -13.9387255 0.584077001 4.38262939 -13.9387255 0.584077001 4.38262939 -13.8927708 0.274914235 5.11421442 -13.8927708 0.274914235 5.11421442 -13.624155 0.139050677 5.83127403 -13.624155 0.139050677 5.83127403 -13.6898842 -1.29962933 5.58939838 -13.6898842 -1.29962933 5.58939838 -13.9672375 -1.16730964 4.88894749 -13.9672375 -1.16730964 4.88894749 -14.1313419 -1.01425111 4.16921329 -14.1313419 -1.01425111 4.16921329 -14.0881176 -1.05317056 3.45825148 -14.0881176 -1.05317056 3.45825148 -14.0203285 -0.853230596 2.77365255 -14.0203285 -0.853230596 2.77365255 -13.6282177 -1.09641504 2.12297583 -13.6282177 -1.09641504 2.12297583 -13.2092981 -1.06734014 1.50636315 -13.2092981 -1.06734014 1.50636315 -16.3820763 0.21927546 1.68871546 -16.3820763 0.21927546 1.68871546 -16.6408024 0.488691509 2.30806088 -16.6408024 0.488691509 2.30806088 -16.8047638 0.573811233 2.98189187 -16.8047638 0.573811233 2.98189187 -16.742712 0.227057695 3.71279383 -16.742712 0.227057695 3.71279383 -16.9620991 0.22318545 4.51460791 -16.9620991 0.22318545 4.51460791 -17.1770458 0.0523535535 5.39867353 -17.1770458 0.0523535535 5.39867353 -17.3708649 -0.370493233 6.30212593 -17.3708649 -0.370493233 6.30212593 -17.1558018 -1.15037227 5.95967102 -17.1558018 -1.15037227 5.95967102 -16.9265823 -1.16634059 5.06289434 -16.9265823 -1.16634059 5.06289434 -16.8675938 -1.38696051 4.16130304 -16.8675938 -1.38696051 4.16130304 -16.7200794 -1.26835418 3.43029261 -16.7200794 -1.26835418 3.43029261 -16.6234474 -1.19383609 2.76318192 -16.6234474 -1.19383609 2.76318192 -16.3496647 -0.785278976 2.16847992 -16.3496647 -0.785278976 2.16847992 -16.1986637 -0.581700206 1.58691168 -16.1986637 -0.581700206 1.58691168 -14.2394257 0.385727763 -7.44467449 -14.1048088 0.220635653 -7.42409229 -14.0123606 0.0359117538 -7.404706 -13.9791622 -0.167231992 -7.38662338 -14.0148401 -0.371761739 -7.37019873 -14.1108303 -0.560146034 -7.35638046 -14.1108303 -0.560146034 -7.35638046 -14.2489433 -0.72930342 -7.34645176 -16.5950718 0.132276312 -7.56193399 -16.5950718 0.132276312 -7.56193399 -16.5950718 0.132276312 -7.56193399 -16.5950718 0.132276312 -7.56193399 -16.697588 0.00544780493 -7.55311632 -16.697588 0.00544780493 -7.55311632 -16.697588 0.00544780493 -7.55311632 -16.697588 0.00544780493 -7.55311632 -16.822258 -0.121623345 -7.538486 -16.822258 -0.121623345 -7.538486 -16.822258 -0.121623345 -7.538486 -16.822258 -0.121623345 -7.538486 -16.9206295 -0.291678309 -7.51955652 -16.9206295 -0.291678309 -7.51955652 -16.9206295 -0.291678309 -7.51955652 -16.9206295 -0.291678309 -7.51955652 -16.9391384 -0.494405508 -7.49877596 -16.9391384 -0.494405508 -7.49877596 -16.9391384 -0.494405508 -7.49877596 -16.9391384 -0.494405508 -7.49877596 -16.8545799 -0.685457945 -7.47812319 -16.8545799 -0.685457945 -7.47812319 -16.8545799 -0.685457945 -7.47812319 -16.8545799 -0.685457945 -7.47812319 -16.6808891 -0.818837702 -7.45836782 -16.6808891 -0.818837702 -7.45836782 -16.6808891 -0.818837702 -7.45836782 -16.6808891 -0.818837702 -7.45836782 -14.6004133 -1.10121489 -7.34261942 -14.6004133 -1.10121489 -7.34261942 -14.6004133 -1.10121489 -7.34261942 -14.6004133 -1.10121489 -7.34261942 -14.8433781 -1.28784525 -7.34734678 -14.8433781 -1.28784525 -7.34734678 -14.8433781 -1.28784525 -7.34734678 -14.8433781 -1.28784525 -7.34734678 -15.1416883 -1.36760426 -7.35479879 -15.1416883 -1.36760426 -7.35479879 -15.1416883 -1.36760426 -7.35479879 -15.1416883 -1.36760426 -7.35479879 -15.4581356 -1.30570197 -7.36551237 -15.4581356 -1.30570197 -7.36551237 -15.4581356 -1.30570197 -7.36551237 -15.4581356 -1.30570197 -7.36551237 -15.7525558 -1.17614734 -7.38019323 -15.7525558 -1.17614734 -7.38019323 -15.7525558 -1.17614734 -7.38019323 -15.7525558 -1.17614734 -7.38019323 -16.0117855 -1.04144108 -7.39833975 -16.0117855 -1.04144108 -7.39833975 -16.0117855 -1.04144108 -7.39833975 -16.0117855 -1.04144108 -7.39833975 -16.2424812 -0.944023192 -7.41849327 -16.2424812 -0.944023192 -7.41849327 -16.2424812 -0.944023192 -7.41849327 -16.2424812 -0.944023192 -7.41849327 -16.2976131 0.418255746 -7.56487608 -16.0502205 0.481110841 -7.55949783 -15.7687674 0.444075644 -7.54937887 -15.4915724 0.349042952 -7.53514814 -15.2339468 0.320017874 -7.51868963 -14.9756584 0.388762772 -7.50139713 -14.7032728 0.481313616 -7.48358488 -16.4345188 -0.994130313 -2.93878055 -16.4345188 -0.994130313 -2.93878055 -16.4345188 -0.994130313 -2.93878055 -16.4345188 -0.994130313 -2.93878055 -16.5917702 -1.2324419 -3.54520655 -16.5917702 -1.2324419 -3.54520655 -16.5917702 -1.2324419 -3.54520655 -16.5917702 -1.2324419 -3.54520655 -16.5671024 -1.17095971 -4.19711971 -16.5671024 -1.17095971 -4.19711971 -16.5671024 -1.17095971 -4.19711971 -16.5671024 -1.17095971 -4.19711971 -16.5785427 -1.16780865 -4.86817169 -16.5785427 -1.16780865 -4.86817169 -16.5785427 -1.16780865 -4.86817169 -16.5785427 -1.16780865 -4.86817169 -16.4986649 -1.01352096 -5.54781294 -16.4986649 -1.01352096 -5.54781294 -16.4986649 -1.01352096 -5.54781294 -16.4986649 -1.01352096 -5.54781294 -16.4768219 -0.954277456 -6.21263123 -16.4768219 -0.954277456 -6.21263123 -16.4768219 -0.954277456 -6.21263123 -16.4768219 -0.954277456 -6.21263123 -16.4814014 -0.938889742 -6.8477149 -16.4814014 -0.938889742 -6.8477149 -16.4814014 -0.938889742 -6.8477149 -16.4814014 -0.938889742 -6.8477149 -14.3444099 -0.970113993 -6.75911093 -14.3444099 -0.970113993 -6.75911093 -14.3444099 -0.970113993 -6.75911093 -14.3614664 -0.892104447 -6.12499714 -14.3614664 -0.892104447 -6.12499714 -14.3614664 -0.892104447 -6.12499714 -14.1952944 -1.04415977 -5.47419167 -14.1952944 -1.04415977 -5.47419167 -14.1952944 -1.04415977 -5.47419167 -14.0172501 -1.16570532 -4.81411314 -14.0172501 -1.16570532 -4.81411314 -14.0172501 -1.16570532 -4.81411314 -14.023613 -0.803022265 -4.04318428 -14.023613 -0.803022265 -4.04318428 -14.023613 -0.803022265 -4.04318428 -13.7514477 -0.679738402 -3.2718761 -13.7514477 -0.679738402 -3.2718761 -13.7514477 -0.679738402 -3.2718761 -13.2064323 -0.962685764 -2.64000344 -13.2064323 -0.962685764 -2.64000344 -13.2064323 -0.962685764 -2.64000344 -16.2657261 0.223645136 -2.95445228 -16.2657261 0.223645136 -2.95445228 -16.2657261 0.223645136 -2.95445228 -16.3900433 0.37233609 -3.57585096 -16.3900433 0.37233609 -3.57585096 -16.3900433 0.37233609 -3.57585096 -16.4030285 0.356956244 -4.23706484 -16.4030285 0.356956244 -4.23706484 -16.4030285 0.356956244 -4.23706484 -16.3530903 0.248777255 -4.92162132 -16.3530903 0.248777255 -4.92162132 -16.3530903 0.248777255 -4.92162132 -16.4461498 0.345650375 -5.61173153 -16.4461498 0.345650375 -5.61173153 -16.4461498 0.345650375 -5.61173153 -16.592062 0.517803848 -6.29231167 -16.592062 0.517803848 -6.29231167 -16.592062 0.517803848 -6.29231167 -16.6602192 0.578254998 -6.94851208 -16.6602192 0.578254998 -6.94851208 -16.6602192 0.578254998 -6.94851208 -13.1778774 0.749969423 -2.65959954 -13.1778774 0.749969423 -2.65959954 -13.7142363 0.430938512 -3.29628754 -13.7142363 0.430938512 -3.29628754 -14.0735178 0.345946938 -4.0446372 -14.0735178 0.345946938 -4.0446372 -14.3286371 0.25383532 -4.77885103 -14.3286371 0.25383532 -4.77885103 -14.3789082 0.387485951 -5.50416613 -14.3789082 0.387485951 -5.50416613 -14.5416412 0.228236765 -6.1835103 -14.5416412 0.228236765 -6.1835103 -14.4778795 0.397616297 -6.85057402 -14.4778795 0.397616297 -6.85057402 -14.0439587 0.46634376 -11.0255671 -13.9704247 0.0472208709 -11.0885334 -14.1484928 -0.33179605 -11.1306839 -14.230238 -0.624170065 -11.1003313 -14.1905451 -0.796933174 -10.9695253 -14.0748005 -0.884764075 -10.7687635 -14.0748005 -0.884764075 -10.7687635 -13.9345036 -0.940284133 -10.53619 -17.2239628 0.278311312 -11.3457003 -17.2239628 0.278311312 -11.3457003 -17.2239628 0.278311312 -11.3457003 -17.1936016 0.0311411247 -11.2725954 -17.1936016 0.0311411247 -11.2725954 -17.1936016 0.0311411247 -11.2725954 -17.1735821 -0.224654153 -11.2475796 -17.1735821 -0.224654153 -11.2475796 -17.1735821 -0.224654153 -11.2475796 -17.156538 -0.467021704 -11.2105961 -17.156538 -0.467021704 -11.2105961 -17.156538 -0.467021704 -11.2105961 -17.1329479 -0.694801331 -11.0978737 -17.1329479 -0.694801331 -11.0978737 -17.1329479 -0.694801331 -11.0978737 -17.1036358 -0.891688287 -10.8945026 -17.1036358 -0.891688287 -10.8945026 -17.1036358 -0.891688287 -10.8945026 -17.0725994 -1.06002414 -10.6420736 -17.0725994 -1.06002414 -10.6420736 -17.0725994 -1.06002414 -10.6420736 -14.3899145 -1.13098884 -10.5455675 -14.3899145 -1.13098884 -10.5455675 -14.3899145 -1.13098884 -10.5455675 -14.3899145 -1.13098884 -10.5455675 -14.7844458 -1.13400912 -10.4962225 -14.7844458 -1.13400912 -10.4962225 -14.7844458 -1.13400912 -10.4962225 -14.7844458 -1.13400912 -10.4962225 -15.1703806 -1.14078748 -10.4447269 -15.1703806 -1.14078748 -10.4447269 -15.1703806 -1.14078748 -10.4447269 -15.1703806 -1.14078748 -10.4447269 -15.5466213 -1.17059183 -10.4651098 -15.5466213 -1.17059183 -10.4651098 -15.5466213 -1.17059183 -10.4651098 -15.5466213 -1.17059183 -10.4651098 -15.9165764 -1.21899271 -10.5472603 -15.9165764 -1.21899271 -10.5472603 -15.9165764 -1.21899271 -10.5472603 -15.9165764 -1.21899271 -10.5472603 -16.2883606 -1.26580608 -10.6208925 -16.2883606 -1.26580608 -10.6208925 -16.2883606 -1.26580608 -10.6208925 -16.2883606 -1.26580608 -10.6208925 -16.6627274 -1.31233406 -10.6782322 -16.6627274 -1.31233406 -10.6782322 -16.6627274 -1.31233406 -10.6782322 -16.6627274 -1.31233406 -10.6782322 -16.8320789 0.644756198 -11.0927248 -16.8320789 0.644756198 -11.0927248 -16.4396687 0.69775033 -11.0023994 -16.4396687 0.69775033 -11.0023994 -16.0192833 0.657228231 -11.2373133 -16.0192833 0.657228231 -11.2373133 -15.6004591 0.618983269 -11.4755507 -15.6004591 0.618983269 -11.4755507 -15.1952972 0.635699928 -11.5177622 -15.1952972 0.635699928 -11.5177622 -14.8052492 0.673130095 -11.4881201 -14.8052492 0.673130095 -11.4881201 -14.4323912 0.740495741 -11.3766336 -14.4323912 0.740495741 -11.3766336 -16.502037 0.282071292 -8.1286974 -16.502037 0.282071292 -8.1286974 -16.502037 0.282071292 -8.1286974 -16.6253967 0.421818554 -8.64011002 -16.6253967 0.421818554 -8.64011002 -16.6253967 0.421818554 -8.64011002 -16.6553288 0.421756893 -9.11197758 -16.6553288 0.421756893 -9.11197758 -16.6553288 0.421756893 -9.11197758 -16.6354122 0.339786321 -9.56099033 -16.6354122 0.339786321 -9.56099033 -16.6354122 0.339786321 -9.56099033 -16.7645187 0.421882302 -9.97744274 -16.7645187 0.421882302 -9.97744274 -16.7645187 0.421882302 -9.97744274 -16.940733 0.512291431 -10.3852453 -16.940733 0.512291431 -10.3852453 -16.940733 0.512291431 -10.3852453 -17.0326633 0.481244922 -10.8351355 -17.0326633 0.481244922 -10.8351355 -17.0326633 0.481244922 -10.8351355 -17.0408115 -1.35747039 -10.1821642 -17.0408115 -1.35747039 -10.1821642 -17.0408115 -1.35747039 -10.1821642 -17.0408115 -1.35747039 -10.1821642 -16.8827724 -1.25182056 -9.87570286 -16.8827724 -1.25182056 -9.87570286 -16.8827724 -1.25182056 -9.87570286 -16.8827724 -1.25182056 -9.87570286 -16.7078114 -1.09951305 -9.5958128 -16.7078114 -1.09951305 -9.5958128 -16.7078114 -1.09951305 -9.5958128 -16.7078114 -1.09951305 -9.5958128 -16.5992222 -1.0006479 -9.26507092 -16.5992222 -1.0006479 -9.26507092 -16.5992222 -1.0006479 -9.26507092 -16.5992222 -1.0006479 -9.26507092 -16.592495 -1.02987409 -8.87366009 -16.592495 -1.02987409 -8.87366009 -16.592495 -1.02987409 -8.87366009 -16.592495 -1.02987409 -8.87366009 -16.5940895 -1.06265783 -8.44296741 -16.5940895 -1.06265783 -8.44296741 -16.5940895 -1.06265783 -8.44296741 -16.5940895 -1.06265783 -8.44296741 -16.5129223 -0.947848678 -7.96965456 -16.5129223 -0.947848678 -7.96965456 -16.5129223 -0.947848678 -7.96965456 -16.5129223 -0.947848678 -7.96965456 -14.0381393 -1.10800385 -10.0062323 -14.0381393 -1.10800385 -10.0062323 -14.0381393 -1.10800385 -10.0062323 -14.215168 -1.02720916 -9.74947929 -14.215168 -1.02720916 -9.74947929 -14.215168 -1.02720916 -9.74947929 -14.3673935 -0.935751855 -9.47973156 -14.3673935 -0.935751855 -9.47973156 -14.3673935 -0.935751855 -9.47973156 -14.4062309 -0.937717676 -9.14466572 -14.4062309 -0.937717676 -9.14466572 -14.4062309 -0.937717676 -9.14466572 -14.3680868 -0.998613179 -8.76306725 -14.3680868 -0.998613179 -8.76306725 -14.3680868 -0.998613179 -8.76306725 -14.378891 -0.977333367 -8.3415432 -14.378891 -0.977333367 -8.3415432 -14.378891 -0.977333367 -8.3415432 -14.4601517 -0.848396361 -7.86761618 -14.4601517 -0.848396361 -7.86761618 -14.4601517 -0.848396361 -7.86761618 -14.2190485 0.686269283 -10.643219 -14.2190485 0.686269283 -10.643219 -14.2815228 0.658666551 -10.2315245 -14.2815228 0.658666551 -10.2315245 -14.3588409 0.627067745 -9.82344341 -14.3588409 0.627067745 -9.82344341 -14.3665695 0.669774592 -9.41598797 -14.3665695 0.669774592 -9.41598797 -14.3182249 0.760007501 -8.99215031 -14.3182249 0.760007501 -8.99215031 -14.3855762 0.636672854 -8.53028679 -14.3855762 0.636672854 -8.53028679 -14.4833412 0.448371142 -8.02123833 -14.4833412 0.448371142 -8.02123833 -14.2557878 -1.8513329 9.02284908 -14.2557878 -1.8513329 9.02284908 -14.2557878 -1.8513329 9.02284908 -14.1593275 -1.65310705 9.08825588 -14.1593275 -1.65310705 9.08825588 -14.1593275 -1.65310705 9.08825588 -14.1418428 -1.44046712 9.15109825 -14.1418428 -1.44046712 9.15109825 -14.1418428 -1.44046712 9.15109825 -14.1995773 -1.19346702 9.21879292 -14.1995773 -1.19346702 9.21879292 -14.1995773 -1.19346702 9.21879292 -14.304121 -0.939025879 9.28687191 -14.304121 -0.939025879 9.28687191 -14.304121 -0.939025879 9.28687191 -14.3945475 -0.671327055 9.36214447 -14.3945475 -0.671327055 9.36214447 -14.3945475 -0.671327055 9.36214447 -14.4210043 -0.366265297 9.45186996 -14.4210043 -0.366265297 9.45186996 -14.4210043 -0.366265297 9.45186996 -16.8465595 -2.21833396 8.81747246 -16.8465595 -2.21833396 8.81747246 -17.0223408 -2.05351019 8.9598341 -17.0223408 -2.05351019 8.9598341 -17.1480122 -1.87289417 9.08990574 -17.1480122 -1.87289417 9.08990574 -17.2252884 -1.66922915 9.20770645 -17.2252884 -1.66922915 9.20770645 -17.2786102 -1.45456016 9.31826878 -17.2786102 -1.45456016 9.31826878 -17.3296509 -1.24377644 9.42545795 -17.3296509 -1.24377644 9.42545795 -17.3802452 -1.04163754 9.52813911 -17.3802452 -1.04163754 9.52813911 -14.6494398 -0.16572383 9.43692493 -14.6494398 -0.16572383 9.43692493 -15.0047026 -0.326357454 9.51404381 -15.0047026 -0.326357454 9.51404381 -15.3585806 -0.469900578 9.56902885 -15.3585806 -0.469900578 9.56902885 -15.7212725 -0.557221889 9.58917332 -15.7212725 -0.557221889 9.58917332 -16.0828247 -0.652356207 9.61026478 -16.0828247 -0.652356207 9.61026478 -16.4448719 -0.740357637 9.62586975 -16.4448719 -0.740357637 9.62586975 -16.8090458 -0.81624788 9.6354332 -16.8090458 -0.81624788 9.6354332 -16.3950329 -2.35526514 8.74695206 -16.3950329 -2.35526514 8.74695206 -16.3950329 -2.35526514 8.74695206 -16.1052437 -2.31779313 8.78414536 -16.1052437 -2.31779313 8.78414536 -16.1052437 -2.31779313 8.78414536 -15.8153934 -2.27883744 8.82376003 -15.8153934 -2.27883744 8.82376003 -15.8153934 -2.27883744 8.82376003 -15.5332594 -2.21106052 8.92151546 -15.5332594 -2.21106052 8.92151546 -15.5332594 -2.21106052 8.92151546 -15.2361269 -2.19727707 8.90460396 -15.2361269 -2.19727707 8.90460396 -15.2361269 -2.19727707 8.90460396 -14.9322433 -2.21625757 8.83861351 -14.9322433 -2.21625757 8.83861351 -14.9322433 -2.21625757 8.83861351 -14.6376858 -2.21191192 8.8280611 -14.6376858 -2.21191192 8.8280611 -14.6376858 -2.21191192 8.8280611 -18.0933437 0.0849594176 7.79061174 -18.0512886 -0.222204536 8.31490898 -18.0512886 -0.222204536 8.31490898 -17.9868984 -0.593957305 8.71879387 -17.9868984 -0.593957305 8.71879387 -17.9213123 -0.828009009 9.03612804 -17.7939625 -0.955109119 9.22003174 -17.5997639 -0.96111232 9.30464935 -17.3824844 -0.912147045 9.36538601 -13.953826 -0.023496896 9.23168945 -13.6459208 -0.192127377 8.9190712 -13.3835211 -0.346527457 8.59852123 -13.2278786 -0.365423441 8.25786018 -13.181632 -0.331765264 7.86629581 -13.1923323 -0.363839686 7.41315413 -13.2416639 -0.371555537 6.93782473 -14.0456276 -2.07414293 8.64850807 -14.0456276 -2.07414293 8.64850807 -14.0456276 -2.07414293 8.64850807 -13.7042503 -2.15369844 8.36513042 -13.7042503 -2.15369844 8.36513042 -13.7042503 -2.15369844 8.36513042 -13.4217777 -2.29691553 8.05356503 -13.4217777 -2.29691553 8.05356503 -13.4217777 -2.29691553 8.05356503 -13.2620888 -2.33624125 7.71622896 -13.2620888 -2.33624125 7.71622896 -13.2620888 -2.33624125 7.71622896 -13.2036724 -2.21683264 7.36060953 -13.2036724 -2.21683264 7.36060953 -13.2036724 -2.21683264 7.36060953 -13.17696 -1.96791387 6.99717093 -13.17696 -1.96791387 6.99717093 -13.17696 -1.96791387 6.99717093 -13.1971016 -1.6555953 6.6290102 -13.1971016 -1.6555953 6.6290102 -13.1971016 -1.6555953 6.6290102 -16.8911018 -2.47753 8.57098389 -16.8911018 -2.47753 8.57098389 -16.8911018 -2.47753 8.57098389 -16.8911018 -2.47753 8.57098389 -17.136734 -2.53094316 8.52062893 -17.136734 -2.53094316 8.52062893 -17.136734 -2.53094316 8.52062893 -17.136734 -2.53094316 8.52062893 -17.3589954 -2.4589262 8.47778034 -17.3589954 -2.4589262 8.47778034 -17.3589954 -2.4589262 8.47778034 -17.3589954 -2.4589262 8.47778034 -17.5012817 -2.2362082 8.35459137 -17.5012817 -2.2362082 8.35459137 -17.5012817 -2.2362082 8.35459137 -17.5012817 -2.2362082 8.35459137 -17.5665359 -1.85953176 8.13537788 -17.5665359 -1.85953176 8.13537788 -17.5665359 -1.85953176 8.13537788 -17.5665359 -1.85953176 8.13537788 -17.5846119 -1.54284763 7.79989195 -17.5846119 -1.54284763 7.79989195 -17.5846119 -1.54284763 7.79989195 -17.5846119 -1.54284763 7.79989195 -17.5702515 -1.47689056 7.29336166 -17.5702515 -1.47689056 7.29336166 -17.5702515 -1.47689056 7.29336166 -17.5702515 -1.47689056 7.29336166 -6.95180607 -3.14191723 7.71540976 -6.77731705 -2.98807049 7.78376675 -6.77731705 -2.98807049 7.78376675 -6.65630341 -2.84559751 7.82616186 -6.57990694 -2.67774081 7.82402372 -6.56246996 -2.45835733 7.81885529 -6.63526106 -2.23432016 7.86903238 -6.79971123 -2.05768752 7.96733141 -7.18403482 -3.31571007 9.26459312 -7.18403482 -3.31571007 9.26459312 -7.18403482 -3.31571007 9.26459312 -7.02820921 -3.28424621 9.35668182 -7.02820921 -3.28424621 9.35668182 -7.02820921 -3.28424621 9.35668182 -6.92187309 -3.21700001 9.43744278 -6.92187309 -3.21700001 9.43744278 -6.92187309 -3.21700001 9.43744278 -6.8752327 -3.10654974 9.50492954 -6.8752327 -3.10654974 9.50492954 -6.8752327 -3.10654974 9.50492954 -6.89793301 -2.95846391 9.54362774 -6.89793301 -2.95846391 9.54362774 -6.89793301 -2.95846391 9.54362774 -6.98595715 -2.7942903 9.54427624 -6.98595715 -2.7942903 9.54427624 -6.98595715 -2.7942903 9.54427624 -7.1290884 -2.62562156 9.51068687 -7.1290884 -2.62562156 9.51068687 -7.1290884 -2.62562156 9.51068687 -7.07597637 -2.40589309 9.38509846 -7.07597637 -2.40589309 9.38509846 -6.87262917 -2.33820462 9.27776241 -6.87262917 -2.33820462 9.27776241 -6.74896812 -2.32029319 9.09363174 -6.74896812 -2.32029319 9.09363174 -6.71981096 -2.35016751 8.86931896 -6.71981096 -2.35016751 8.86931896 -6.7386241 -2.3143065 8.67135143 -6.7386241 -2.3143065 8.67135143 -6.78717089 -2.19712234 8.48580742 -6.78717089 -2.19712234 8.48580742 -6.87870169 -2.0530231 8.28240108 -6.87870169 -2.0530231 8.28240108 -7.17692375 -3.49162745 9.0840416 -7.17692375 -3.49162745 9.0840416 -7.00475264 -3.60811067 8.94711494 -7.00475264 -3.60811067 8.94711494 -6.87574339 -3.6373601 8.76624393 -6.87574339 -3.6373601 8.76624393 -6.8074131 -3.57684398 8.56682587 -6.8074131 -3.57684398 8.56682587 -6.8144989 -3.47066307 8.37675667 -6.8144989 -3.47066307 8.37675667 -6.8899169 -3.38385677 8.18496609 -6.8899169 -3.38385677 8.18496609 -7.01540852 -3.33960795 7.94291067 -7.01540852 -3.33960795 7.94291067 -13.1725101 -2.25922608 8.92505074 -13.1725101 -2.25922608 8.92505074 -13.1725101 -2.25922608 8.92505074 -12.0548372 -2.56481004 9.01673126 -12.0548372 -2.56481004 9.01673126 -12.0548372 -2.56481004 9.01673126 -10.99123 -2.84519482 9.08809757 -10.99123 -2.84519482 9.08809757 -10.99123 -2.84519482 9.08809757 -9.94538593 -2.74643278 9.0132246 -9.94538593 -2.74643278 9.0132246 -9.94538593 -2.74643278 9.0132246 -9.10952854 -2.93394327 9.0703516 -9.10952854 -2.93394327 9.0703516 -9.10952854 -2.93394327 9.0703516 -8.44188595 -3.18211532 9.15111256 -8.44188595 -3.18211532 9.15111256 -8.44188595 -3.18211532 9.15111256 -7.85479116 -3.2212429 9.14668369 -7.85479116 -3.2212429 9.14668369 -7.85479116 -3.2212429 9.14668369 -7.8055234 -2.32861423 9.4307642 -7.8055234 -2.32861423 9.4307642 -7.8055234 -2.32861423 9.4307642 -8.39179325 -2.19280624 9.36982918 -8.39179325 -2.19280624 9.36982918 -8.39179325 -2.19280624 9.36982918 -9.06148052 -1.8999362 9.45864201 -9.06148052 -1.8999362 9.45864201 -9.06148052 -1.8999362 9.45864201 -9.92355919 -1.72729373 9.32315159 -9.92355919 -1.72729373 9.32315159 -9.92355919 -1.72729373 9.32315159 -10.8898211 -1.35156512 9.40457058 -10.8898211 -1.35156512 9.40457058 -10.8898211 -1.35156512 9.40457058 -11.9262486 -0.853058696 9.63444138 -11.9262486 -0.853058696 9.63444138 -11.9262486 -0.853058696 9.63444138 -13.0715914 -0.466571331 9.70014286 -13.0715914 -0.466571331 9.70014286 -13.0715914 -0.466571331 9.70014286 -12.5547285 -0.687131345 6.86316299 -12.5547285 -0.687131345 6.86316299 -11.5456915 -0.820610285 7.18227625 -11.5456915 -0.820610285 7.18227625 -10.4838152 -0.938428402 7.41132498 -10.4838152 -0.938428402 7.41132498 -9.55655766 -1.20954144 7.6157732 -9.55655766 -1.20954144 7.6157732 -8.75736332 -1.41445327 7.7612133 -8.75736332 -1.41445327 7.7612133 -8.10872555 -1.66116738 7.90061569 -8.10872555 -1.66116738 7.90061569 -7.60277653 -1.96489072 8.05001926 -7.60277653 -1.96489072 8.05001926 -7.65595579 -3.23632216 7.48146057 -7.65595579 -3.23632216 7.48146057 -8.22204018 -2.9172647 7.5810523 -8.22204018 -2.9172647 7.5810523 -8.87869358 -2.70438862 7.49682665 -8.87869358 -2.70438862 7.49682665 -9.6530714 -2.40436029 7.43779325 -9.6530714 -2.40436029 7.43779325 -10.5650263 -2.45268035 6.93039894 -10.5650263 -2.45268035 6.93039894 -11.5463219 -1.95019794 6.89618206 -11.5463219 -1.95019794 6.89618206 -12.4817791 -1.84428442 6.47537279 -12.4817791 -1.84428442 6.47537279 -24.4307785 -4.05456591 12.5736771 -24.4307785 -4.05456591 12.5736771 -24.522789 -3.83192086 12.6333895 -24.522789 -3.83192086 12.6333895 -24.567173 -3.63956404 12.7637243 -24.567173 -3.63956404 12.7637243 -24.5534573 -3.51066232 12.9556799 -24.5534573 -3.51066232 12.9556799 -24.5171108 -3.46742105 13.1512814 -24.5171108 -3.46742105 13.1512814 -24.5245609 -3.46400499 13.2899685 -24.5245609 -3.46400499 13.2899685 -24.59305 -3.41354561 13.3903027 -24.59305 -3.41354561 13.3903027 -23.3512764 -4.87012148 14.3962708 -23.3417702 -4.81783009 14.5924206 -23.3516846 -4.72640181 14.7765217 -23.391119 -4.59499025 14.9325533 -23.4582806 -4.43417883 15.0518208 -23.5455017 -4.25110865 15.133831 -23.6602745 -4.05585861 15.1595755 -24.6727371 -3.16564965 13.7448721 -24.6107597 -3.12973547 13.993638 -24.5042114 -3.24363184 14.2084608 -24.3897781 -3.47492409 14.3569193 -24.2791939 -3.65748239 14.5053682 -24.1501522 -3.73910856 14.7015133 -23.9847641 -3.77564788 14.9311247 -23.4325409 -4.84900665 13.9890375 -23.4325409 -4.84900665 13.9890375 -23.5034161 -4.77788067 13.7880812 -23.5034161 -4.77788067 13.7880812 -23.5840759 -4.74245501 13.5691738 -23.5840759 -4.74245501 13.5691738 -23.6896629 -4.73513126 13.3242092 -23.6896629 -4.73513126 13.3242092 -23.8267651 -4.71946907 13.0683994 -23.8267651 -4.71946907 13.0683994 -23.9863968 -4.64270639 12.8421841 -23.9863968 -4.64270639 12.8421841 -24.1493607 -4.4880805 12.6799564 -24.1493607 -4.4880805 12.6799564 -17.4480553 -2.82184529 9.39127922 -17.4480553 -2.82184529 9.39127922 -17.4480553 -2.82184529 9.39127922 -18.3712902 -2.98026538 10.0240269 -18.3712902 -2.98026538 10.0240269 -18.3712902 -2.98026538 10.0240269 -19.1982365 -3.31481147 10.7019339 -19.1982365 -3.31481147 10.7019339 -19.1982365 -3.31481147 10.7019339 -20.167696 -3.35165334 11.3368101 -20.167696 -3.35165334 11.3368101 -20.167696 -3.35165334 11.3368101 -21.0421467 -3.57808328 12.0279379 -21.0421467 -3.57808328 12.0279379 -21.0421467 -3.57808328 12.0279379 -21.8217983 -4.00052118 12.7478838 -21.8217983 -4.00052118 12.7478838 -21.8217983 -4.00052118 12.7478838 -22.6871357 -4.25713873 13.4647293 -22.6871357 -4.25713873 13.4647293 -22.6871357 -4.25713873 13.4647293 -23.3146133 -3.76349449 12.0417023 -23.3146133 -3.76349449 12.0417023 -23.3146133 -3.76349449 12.0417023 -23.3146133 -3.76349449 12.0417023 -22.4812622 -3.46870089 11.2170992 -22.4812622 -3.46870089 11.2170992 -22.4812622 -3.46870089 11.2170992 -22.4812622 -3.46870089 11.2170992 -21.5992088 -3.09065962 10.509325 -21.5992088 -3.09065962 10.509325 -21.5992088 -3.09065962 10.509325 -21.5992088 -3.09065962 10.509325 -20.8428764 -2.90367484 9.60600281 -20.8428764 -2.90367484 9.60600281 -20.8428764 -2.90367484 9.60600281 -20.8428764 -2.90367484 9.60600281 -19.9597359 -2.53918386 8.8842783 -19.9597359 -2.53918386 8.8842783 -19.9597359 -2.53918386 8.8842783 -19.9597359 -2.53918386 8.8842783 -19.0643539 -2.15474153 8.14540768 -19.0643539 -2.15474153 8.14540768 -19.0643539 -2.15474153 8.14540768 -19.0643539 -2.15474153 8.14540768 -18.2050953 -1.68040633 7.47375011 -18.2050953 -1.68040633 7.47375011 -18.2050953 -1.68040633 7.47375011 -18.2050953 -1.68040633 7.47375011 -18.0980644 -1.19960999 10.0605297 -18.0980644 -1.19960999 10.0605297 -18.8458767 -1.50145948 10.8623419 -18.8458767 -1.50145948 10.8623419 -19.7106209 -1.96590614 11.4095974 -19.7106209 -1.96590614 11.4095974 -20.46064 -2.25398231 12.2345676 -20.46064 -2.25398231 12.2345676 -21.3665562 -2.76855683 12.7794819 -21.3665562 -2.76855683 12.7794819 -22.0926075 -3.01056433 13.7081795 -22.0926075 -3.01056433 13.7081795 -23.050293 -3.59291887 14.2098598 -23.050293 -3.59291887 14.2098598 -23.8470783 -2.71092892 12.7492514 -23.8470783 -2.71092892 12.7492514 -23.8470783 -2.71092892 12.7492514 -22.8628883 -2.51572943 11.9799376 -22.8628883 -2.51572943 11.9799376 -22.8628883 -2.51572943 11.9799376 -21.9809914 -2.13306499 11.2040958 -21.9809914 -2.13306499 11.2040958 -21.9809914 -2.13306499 11.2040958 -21.1626072 -1.6716522 10.4222136 -21.1626072 -1.6716522 10.4222136 -21.1626072 -1.6716522 10.4222136 -20.431757 -1.00959849 9.5894022 -20.431757 -1.00959849 9.5894022 -20.431757 -1.00959849 9.5894022 -19.4661942 -0.800213695 8.75699234 -19.4661942 -0.800213695 8.75699234 -19.4661942 -0.800213695 8.75699234 -18.6554165 -0.424256444 7.92516136 -18.6554165 -0.424256444 7.92516136 -18.6554165 -0.424256444 7.92516136 -14.3031473 -3.20570397 -16.6661644 -14.4689379 -3.22534609 -16.2682152 -14.5889921 -3.27356553 -15.9434137 -14.5805254 -3.40231156 -15.7782297 -14.53372 -3.60306096 -15.7895288 -14.5234241 -3.95555949 -15.8139791 -14.5234241 -3.95555949 -15.8139791 -14.4392929 -4.34637213 -15.9008627 -17.3814678 -3.65610504 -17.2263451 -17.3814678 -3.65610504 -17.2263451 -17.402771 -3.83958411 -17.0594349 -17.402771 -3.83958411 -17.0594349 -17.4446926 -4.02401066 -16.8737087 -17.4446926 -4.02401066 -16.8737087 -17.4743729 -4.21446991 -16.697794 -17.4743729 -4.21446991 -16.697794 -17.4640522 -4.42078161 -16.5566883 -17.4640522 -4.42078161 -16.5566883 -17.4042187 -4.64840508 -16.4564476 -17.4042187 -4.64840508 -16.4564476 -17.3176632 -4.88400173 -16.3833942 -17.3176632 -4.88400173 -16.3833942 -14.7167263 -4.78876734 -15.9318876 -14.7167263 -4.78876734 -15.9318876 -14.7167263 -4.78876734 -15.9318876 -15.0975161 -4.88550758 -15.791666 -15.0975161 -4.88550758 -15.791666 -15.0975161 -4.88550758 -15.791666 -15.4648619 -4.90793228 -15.8697729 -15.4648619 -4.90793228 -15.8697729 -15.4648619 -4.90793228 -15.8697729 -15.8284292 -4.89181519 -16.1034565 -15.8284292 -4.89181519 -16.1034565 -15.8284292 -4.89181519 -16.1034565 -16.1946278 -4.90959215 -16.2493095 -16.1946278 -4.90959215 -16.2493095 -16.1946278 -4.90959215 -16.2493095 -16.5692787 -4.96835661 -16.2516956 -16.5692787 -4.96835661 -16.2516956 -16.5692787 -4.96835661 -16.2516956 -16.9430389 -5.02550936 -16.2536221 -16.9430389 -5.02550936 -16.2536221 -16.9430389 -5.02550936 -16.2536221 -17.1257 -3.32518244 -17.226593 -17.1257 -3.32518244 -17.226593 -16.7417412 -3.20185256 -17.1781769 -16.7417412 -3.20185256 -17.1781769 -16.3495674 -3.12820268 -17.1437836 -16.3495674 -3.12820268 -17.1437836 -15.9521942 -3.08671379 -17.1162949 -15.9521942 -3.08671379 -17.1162949 -15.5511532 -3.06758618 -17.0906296 -15.5511532 -3.06758618 -17.0906296 -15.1555901 -3.02328706 -17.0616379 -15.1555901 -3.02328706 -17.0616379 -14.7531023 -3.01664829 -17.0362015 -14.7531023 -3.01664829 -17.0362015 -13.9827471 0.297168285 -11.6886663 -13.9827471 0.297168285 -11.6886663 -14.1795435 -0.0518085957 -12.5160465 -14.1795435 -0.0518085957 -12.5160465 -13.9310856 -0.77126348 -13.1318874 -13.9310856 -0.77126348 -13.1318874 -14.2270517 -1.03397679 -14.0073566 -14.2270517 -1.03397679 -14.0073566 -14.3187876 -1.46695197 -14.7865505 -14.3187876 -1.46695197 -14.7865505 -14.5717754 -1.75205255 -15.6490021 -14.5717754 -1.75205255 -15.6490021 -14.3341656 -2.47657275 -16.2614403 -14.3341656 -2.47657275 -16.2614403 -17.4692783 -2.82626605 -16.5078812 -17.4692783 -2.82626605 -16.5078812 -17.1011124 -2.58186817 -15.6286631 -17.1011124 -2.58186817 -15.6286631 -17.0231743 -2.03823185 -14.8734627 -17.0231743 -2.03823185 -14.8734627 -17.1292057 -1.33767736 -14.2488031 -17.1292057 -1.33767736 -14.2488031 -16.8861027 -1.12064838 -13.3216372 -16.8861027 -1.12064838 -13.3216372 -17.0564404 -0.485114574 -12.6775312 -17.0564404 -0.485114574 -12.6775312 -17.2832928 0.164174676 -12.0444956 -17.2832928 0.164174676 -12.0444956 -17.1346989 -4.48479128 -15.584794 -17.1346989 -4.48479128 -15.584794 -17.1346989 -4.48479128 -15.584794 -17.0183811 -3.96226048 -14.8584909 -17.0183811 -3.96226048 -14.8584909 -17.0183811 -3.96226048 -14.8584909 -16.9874458 -3.54918647 -14.0503168 -16.9874458 -3.54918647 -14.0503168 -16.9874458 -3.54918647 -14.0503168 -16.7589016 -2.84403276 -13.511261 -16.7589016 -2.84403276 -13.511261 -16.7589016 -2.84403276 -13.511261 -16.6844635 -2.27478647 -12.8532524 -16.6844635 -2.27478647 -12.8532524 -16.6844635 -2.27478647 -12.8532524 -16.9541073 -2.16809607 -11.9691153 -16.9541073 -2.16809607 -11.9691153 -16.9541073 -2.16809607 -11.9691153 -16.7578697 -1.41429257 -11.4161949 -16.7578697 -1.41429257 -11.4161949 -16.7578697 -1.41429257 -11.4161949 -14.2255783 -4.15263414 -15.341547 -14.2255783 -4.15263414 -15.341547 -14.2255783 -4.15263414 -15.341547 -14.4736986 -3.98582101 -14.4258671 -14.4736986 -3.98582101 -14.4258671 -14.4736986 -3.98582101 -14.4258671 -14.1672544 -3.26657271 -13.9051542 -14.1672544 -3.26657271 -13.9051542 -14.1672544 -3.26657271 -13.9051542 -14.0000696 -2.68975949 -13.2832718 -14.0000696 -2.68975949 -13.2832718 -14.0000696 -2.68975949 -13.2832718 -14.2058229 -2.45216155 -12.4203138 -14.2058229 -2.45216155 -12.4203138 -14.2058229 -2.45216155 -12.4203138 -14.1433496 -1.97048342 -11.7308512 -14.1433496 -1.97048342 -11.7308512 -14.1433496 -1.97048342 -11.7308512 -14.0492191 -1.46344423 -11.0591555 -14.0492191 -1.46344423 -11.0591555 -14.0492191 -1.46344423 -11.0591555 0.759241164 1.06487107 -0.749551713 0.518487215 1.06700742 -0.749102116 0.277737767 1.01198196 -0.748696268 0.0369885676 0.952051282 -0.748324275 -0.203762516 0.916219413 -0.747952044 -0.444515884 0.910381496 -0.747551501 -0.685270905 0.92567873 -0.747115433 0.758527458 1.21676743 -0.499518871 0.517136097 1.20110798 -0.499045789 0.275761962 1.13639534 -0.49861908 0.0343957357 1.04820311 -0.498250514 -0.206972688 0.966194987 -0.497919679 -0.448352009 0.915491283 -0.497582644 -0.689743996 0.901117861 -0.497205883 0.75781256 1.23857939 -0.249519989 0.515795887 1.20090103 -0.249059469 0.273800194 1.12930608 -0.248644769 0.0318156481 1.03941047 -0.248286188 -0.210173085 0.956133842 -0.247965649 -0.452182174 0.905900002 -0.24763681 -0.69421488 0.893842697 -0.247264534 0.757247806 1.07797444 0.00043163824 0.514605701 1.0316577 0.00083939539 0.271980345 0.966273546 0.00120845961 0.0293393191 0.918473721 0.0015619857 -0.213330522 0.903291643 0.00193308643 -0.456031203 0.923059821 0.00235076668 -0.698750079 0.963414133 0.00281611783 0.756828487 0.865536928 0.250370055 0.513542473 0.830306053 0.25072211 0.270271033 0.782583654 0.25104633 0.0269361511 0.789819062 0.251402885 -0.216467276 0.856742144 0.251840353 -0.459906638 0.955027819 0.252361149 -0.703339994 1.04808998 0.252923429 0.756442666 0.708865762 0.500323176 0.51248455 0.700621724 0.50064218 0.268550307 0.675513566 0.500944197 0.0245142747 0.722350597 0.501307487 -0.219620675 0.839159548 0.501785159 -0.463784426 0.97640574 0.50235486 -0.707908869 1.08587122 0.502945364 0.755945742 0.667352855 0.75030601 0.51129365 0.690582514 0.75062412 0.266689956 0.685035467 0.750932217 0.0219841823 0.740294755 0.751300216 -0.222818106 0.853108585 0.751770675 -0.467628151 0.970604718 0.752306521 -0.71237272 1.04914379 0.752832949 0.741659939 -0.750186622 1.21542847 0.743602514 -0.500228167 1.18370748 0.745511651 -0.250277132 1.17068338 0.747411013 -0.000327334856 1.16101754 0.749296725 0.249631211 1.13036132 0.751096785 0.499625236 1.01493955 0.752756238 0.749636173 0.860836744 0.483834654 -0.750227869 1.03421915 0.48750335 -0.500338674 1.03817952 0.491163254 -0.250468969 1.06603122 0.494846106 -0.000596517813 1.09021652 0.498536348 0.249309674 1.07326007 0.502152741 0.49928546 0.973029435 0.505664706 0.749277353 0.85507369 0.22598125 -0.750149846 0.874730647 0.231403083 -0.50033313 0.893989921 0.236826733 -0.250546843 0.93792063 0.242285773 -0.000752812077 0.975000381 0.247759759 0.249100611 0.963700652 0.253173381 0.499041975 0.882287741 0.258524001 0.74897784 0.80633235 -0.0318662822 -0.749936163 0.710588217 -0.0247232709 -0.500257015 0.778313637 -0.0175390299 -0.250613809 0.867195308 -0.0102826282 -0.000940913684 0.936754286 -0.00299067982 0.248840511 0.93980211 0.00425190944 0.498740017 0.872005999 0.0114516243 0.748619139 0.817390144 -0.289829642 -0.749770343 0.635734618 -0.280925065 -0.500255942 0.745959044 -0.271943539 -0.250778824 0.872736752 -0.262858421 -0.00124499656 0.970245123 -0.253718585 0.248448089 0.989415646 -0.244618326 0.498299122 0.93257606 -0.235558614 0.748137295 0.88269639 -0.547982693 -0.749896944 0.707008839 -0.537220061 -0.500479639 0.816660762 -0.526377499 -0.251091063 0.936556458 -0.515436709 -0.00163732946 1.02832556 -0.504442155 0.247980356 1.05282509 -0.49347958 0.497777015 1.00544679 -0.482564569 0.747591615 0.951650321 -0.806278467 -0.750391424 0.888344049 -0.793570101 -0.50093323 0.948156238 -0.780816555 -0.251484513 1.01048195 -0.768011987 -0.00199526781 1.0578351 -0.755178809 0.247584656 1.0732559 -0.742370963 0.497315884 1.03663731 -0.729614794 0.747102022 0.981927931 -2.63363123 -0.974360108 -0.793507695 -2.63363123 -0.974360108 -0.793507695 -2.63363123 -0.974360108 -0.793507695 -2.63363123 -0.974360108 -0.793507695 -2.63891864 -0.999850452 -0.562767804 -2.63891864 -0.999850452 -0.562767804 -2.63891864 -0.999850452 -0.562767804 -2.63891864 -0.999850452 -0.562767804 -2.64373207 -1.0997777 -0.316430569 -2.64373207 -1.0997777 -0.316430569 -2.64373207 -1.0997777 -0.316430569 -2.64373207 -1.0997777 -0.316430569 -2.64838099 -1.2259481 -0.0742489919 -2.64838099 -1.2259481 -0.0742489919 -2.64838099 -1.2259481 -0.0742489919 -2.64838099 -1.2259481 -0.0742489919 -2.6538763 -1.27784824 0.167948231 -2.6538763 -1.27784824 0.167948231 -2.6538763 -1.27784824 0.167948231 -2.6538763 -1.27784824 0.167948231 -2.66040611 -1.20930791 0.423700094 -2.66040611 -1.20930791 0.423700094 -2.66040611 -1.20930791 0.423700094 -2.66040611 -1.20930791 0.423700094 -2.66347742 -1.0313257 0.65465498 -2.66347742 -1.0313257 0.65465498 -2.66347742 -1.0313257 0.65465498 -2.66347742 -1.0313257 0.65465498 -4.20718431 -0.895327151 -0.796386898 -4.20718431 -0.895327151 -0.796386898 -4.20718431 -0.895327151 -0.796386898 -4.20718431 -0.895327151 -0.796386898 -4.21297264 -0.96758908 -0.600125313 -4.21297264 -0.96758908 -0.600125313 -4.21297264 -0.96758908 -0.600125313 -4.21297264 -0.96758908 -0.600125313 -4.21702337 -1.05159163 -0.374586612 -4.21702337 -1.05159163 -0.374586612 -4.21702337 -1.05159163 -0.374586612 -4.21702337 -1.05159163 -0.374586612 -4.22057581 -1.09531033 -0.143737152 -4.22057581 -1.09531033 -0.143737152 -4.22057581 -1.09531033 -0.143737152 -4.22057581 -1.09531033 -0.143737152 -4.22581434 -1.09541237 0.08850234 -4.22581434 -1.09541237 0.08850234 -4.22581434 -1.09541237 0.08850234 -4.22581434 -1.09541237 0.08850234 -4.23189354 -1.07062471 0.32526657 -4.23189354 -1.07062471 0.32526657 -4.23189354 -1.07062471 0.32526657 -4.23189354 -1.07062471 0.32526657 -4.23754406 -1.0336926 0.552822649 -4.23754406 -1.0336926 0.552822649 -4.23754406 -1.0336926 0.552822649 -4.23754406 -1.0336926 0.552822649 -5.75321198 -0.969561458 -0.86830014 -5.75321198 -0.969561458 -0.86830014 -5.75321198 -0.969561458 -0.86830014 -5.75321198 -0.969561458 -0.86830014 -5.75658846 -1.10436177 -0.674883246 -5.75658846 -1.10436177 -0.674883246 -5.75658846 -1.10436177 -0.674883246 -5.75658846 -1.10436177 -0.674883246 -5.75742579 -1.15128195 -0.444451392 -5.75742579 -1.15128195 -0.444451392 -5.75742579 -1.15128195 -0.444451392 -5.75742579 -1.15128195 -0.444451392 -5.75960684 -1.09842944 -0.212120086 -5.75960684 -1.09842944 -0.212120086 -5.75960684 -1.09842944 -0.212120086 -5.75960684 -1.09842944 -0.212120086 -5.76419926 -0.957445085 0.00460717268 -5.76419926 -0.957445085 0.00460717268 -5.76419926 -0.957445085 0.00460717268 -5.76419926 -0.957445085 0.00460717268 -5.76641607 -0.80629766 0.18783538 -5.76641607 -0.80629766 0.18783538 -5.76641607 -0.80629766 0.18783538 -5.76641607 -0.80629766 0.18783538 -5.76346207 -0.697146893 0.324140608 -5.76346207 -0.697146893 0.324140608 -5.76346207 -0.697146893 0.324140608 -5.76346207 -0.697146893 0.324140608 -7.25691509 -0.713062227 -0.821552932 -7.25691509 -0.713062227 -0.821552932 -7.25691509 -0.713062227 -0.821552932 -7.25691509 -0.713062227 -0.821552932 -7.25579596 -0.71859479 -0.649296045 -7.25579596 -0.71859479 -0.649296045 -7.25579596 -0.71859479 -0.649296045 -7.25579596 -0.71859479 -0.649296045 -7.25205469 -0.697273731 -0.465125263 -7.25205469 -0.697273731 -0.465125263 -7.25205469 -0.697273731 -0.465125263 -7.25205469 -0.697273731 -0.465125263 -7.25098896 -0.639683306 -0.276967555 -7.25098896 -0.639683306 -0.276967555 -7.25098896 -0.639683306 -0.276967555 -7.25098896 -0.639683306 -0.276967555 -7.25532198 -0.551421285 -0.105625257 -7.25532198 -0.551421285 -0.105625257 -7.25532198 -0.551421285 -0.105625257 -7.25532198 -0.551421285 -0.105625257 -7.26097631 -0.501911044 0.037466079 -7.26097631 -0.501911044 0.037466079 -7.26097631 -0.501911044 0.037466079 -7.26097631 -0.501911044 0.037466079 -7.26447344 -0.519006729 0.171150252 -7.26447344 -0.519006729 0.171150252 -7.26447344 -0.519006729 0.171150252 -7.26447344 -0.519006729 0.171150252 -8.68348408 -1.14337862 -1.13553977 -8.68348408 -1.14337862 -1.13553977 -8.68348408 -1.14337862 -1.13553977 -8.68348408 -1.14337862 -1.13553977 -8.67045307 -1.29638207 -0.893828094 -8.67045307 -1.29638207 -0.893828094 -8.67045307 -1.29638207 -0.893828094 -8.67045307 -1.29638207 -0.893828094 -8.66619205 -1.33404267 -0.617597938 -8.66619205 -1.33404267 -0.617597938 -8.66619205 -1.33404267 -0.617597938 -8.66619205 -1.33404267 -0.617597938 -8.66745853 -1.29129016 -0.342581451 -8.66745853 -1.29129016 -0.342581451 -8.66745853 -1.29129016 -0.342581451 -8.66745853 -1.29129016 -0.342581451 -8.67638874 -1.14415479 -0.0898225382 -8.67638874 -1.14415479 -0.0898225382 -8.67638874 -1.14415479 -0.0898225382 -8.67638874 -1.14415479 -0.0898225382 -8.69185257 -0.914092362 0.109720275 -8.69185257 -0.914092362 0.109720275 -8.69185257 -0.914092362 0.109720275 -8.69185257 -0.914092362 0.109720275 -8.71549416 -0.727358878 0.258656919 -8.71549416 -0.727358878 0.258656919 -8.71549416 -0.727358878 0.258656919 -8.71549416 -0.727358878 0.258656919 -10.0959854 -0.911040843 -1.17884064 -10.0959854 -0.911040843 -1.17884064 -10.0959854 -0.911040843 -1.17884064 -10.0959854 -0.911040843 -1.17884064 -10.0393972 -0.849137723 -0.895121813 -10.0393972 -0.849137723 -0.895121813 -10.0393972 -0.849137723 -0.895121813 -10.0393972 -0.849137723 -0.895121813 -10.0119152 -0.767389059 -0.635790586 -10.0119152 -0.767389059 -0.635790586 -10.0119152 -0.767389059 -0.635790586 -10.0119152 -0.767389059 -0.635790586 -10.0042791 -0.745897591 -0.398839951 -10.0042791 -0.745897591 -0.398839951 -10.0042791 -0.745897591 -0.398839951 -10.0042791 -0.745897591 -0.398839951 -10.0141172 -0.799866915 -0.160985976 -10.0141172 -0.799866915 -0.160985976 -10.0141172 -0.799866915 -0.160985976 -10.0141172 -0.799866915 -0.160985976 -10.0469856 -0.827475846 0.083938241 -10.0469856 -0.827475846 0.083938241 -10.0469856 -0.827475846 0.083938241 -10.0469856 -0.827475846 0.083938241 -10.1125507 -0.842642784 0.335557878 -10.1125507 -0.842642784 0.335557878 -10.1125507 -0.842642784 0.335557878 -10.1125507 -0.842642784 0.335557878 -11.3982477 -0.776609838 -1.32935417 -11.3982477 -0.776609838 -1.32935417 -11.3982477 -0.776609838 -1.32935417 -11.3982477 -0.776609838 -1.32935417 -11.284811 -0.896250844 -1.03909183 -11.284811 -0.896250844 -1.03909183 -11.284811 -0.896250844 -1.03909183 -11.284811 -0.896250844 -1.03909183 -11.2238979 -1.08248794 -0.752117217 -11.2238979 -1.08248794 -0.752117217 -11.2238979 -1.08248794 -0.752117217 -11.2238979 -1.08248794 -0.752117217 -11.2062187 -1.23312426 -0.455128908 -11.2062187 -1.23312426 -0.455128908 -11.2062187 -1.23312426 -0.455128908 -11.2062187 -1.23312426 -0.455128908 -11.2241354 -1.28357089 -0.144364491 -11.2241354 -1.28357089 -0.144364491 -11.2241354 -1.28357089 -0.144364491 -11.2241354 -1.28357089 -0.144364491 -11.2792339 -1.30026245 0.185498431 -11.2792339 -1.30026245 0.185498431 -11.2792339 -1.30026245 0.185498431 -11.2792339 -1.30026245 0.185498431 -11.3805962 -1.24796546 0.522697866 -11.3805962 -1.24796546 0.522697866 -11.3805962 -1.24796546 0.522697866 -11.3805962 -1.24796546 0.522697866 -0.787465036 -0.841856956 -0.752451003 -0.532181501 -0.907113492 -0.75220412 -0.276955932 -1.00853753 -0.751970828 -0.0217067227 -1.09514475 -0.751668215 0.233644843 -1.11807668 -0.751268983 0.489119351 -1.0645256 -0.750817418 0.744544804 -1.04156506 -0.75040251 -0.792025805 -0.856361032 -0.502524674 -0.536028504 -0.881669402 -0.502203584 -0.280074596 -0.939122438 -0.501911879 -0.0241217203 -0.997354388 -0.501590848 0.231878996 -1.02006555 -0.501210868 0.487945169 -0.994226456 -0.500793457 0.743968904 -0.999844134 -0.500398159 -0.796673596 -0.957722127 -0.252758533 -0.539967418 -0.928385973 -0.252317518 -0.283281624 -0.917794704 -0.251916885 -0.0266064201 -0.916985095 -0.251532376 0.230076298 -0.909324884 -0.251142979 0.486770481 -0.891076446 -0.25075224 0.743415534 -0.917775869 -0.250383139 -0.80125165 -1.03753972 -0.00295175216 -0.543842971 -0.927755952 -0.00235625519 -0.286449522 -0.83633405 -0.00184287468 -0.0290869791 -0.782095551 -0.0014169584 0.228247494 -0.761548162 -0.00104628934 0.485556722 -0.771259785 -0.000702544989 0.742806792 -0.851693988 -0.000372405513 -0.805744588 -1.0405252 0.246997029 -0.547678649 -0.857401371 0.247714922 -0.289635181 -0.713535905 0.248284921 -0.0316378213 -0.649595499 0.248695344 0.226317734 -0.65786159 0.249015093 0.484244078 -0.716480792 0.249312624 0.742119074 -0.863508046 0.249617755 -0.810214758 -0.97658354 0.497068584 -0.551539421 -0.754112482 0.497837275 -0.29288882 -0.608318567 0.498388886 -0.0342785753 -0.587208986 0.498733401 0.224300817 -0.660926223 0.498992175 0.482867628 -0.772909343 0.499269485 0.74140662 -0.970087886 0.499583066 -0.814715683 -0.888448954 0.747183859 -0.555453479 -0.664851844 0.747936845 -0.296199441 -0.559506238 0.748418391 -0.0369569845 -0.613724887 0.748678148 0.222278357 -0.766411245 0.748888791 0.481513411 -0.920494676 0.749178708 0.740743876 -1.13589048 0.749533057 -0.770827293 -0.74770242 -0.768747866 -0.758114696 -0.498273015 -0.701364398 -0.745277464 -0.248589456 -0.723587453 -0.732404113 0.00129498809 -0.815105975 -0.719531715 0.251175493 -0.903974652 -0.706605732 0.500848711 -0.920885801 -0.69362247 0.750454724 -0.914853573 -0.518932462 -0.747847855 -0.843764424 -0.509065449 -0.498409122 -0.745889544 -0.498770177 -0.248785928 -0.724389315 -0.487978786 0.00100969221 -0.773316741 -0.476647288 0.250852376 -0.840802491 -0.464848131 0.500586033 -0.864186466 -0.452723503 0.750276446 -0.870339751 -0.26891157 -0.74801898 -0.934926629 -0.263564348 -0.498588651 -0.785557866 -0.256983906 -0.24903056 -0.700009227 -0.248704031 0.000683436578 -0.692428708 -0.238449901 0.250497669 -0.735081553 -0.226600319 0.500304401 -0.77478832 -0.213694289 0.750102997 -0.810480297 -0.0217612311 -0.748306334 -0.997052848 -0.0233948044 -0.498827636 -0.805768847 -0.0222710334 -0.249259517 -0.668725729 -0.0171618275 0.00044098252 -0.616730452 -0.00732102664 0.250256866 -0.64114219 0.00632347213 0.500124454 -0.700078011 0.0224711634 0.750011802 -0.770017385 0.229924008 -0.748731315 -0.996828437 0.216809839 -0.499119639 -0.801751137 0.205128103 -0.249438465 -0.652731478 0.203207031 0.000331111252 -0.588249445 0.216354609 0.250181317 -0.609782934 0.238921985 0.50008595 -0.685848594 0.262790501 0.750020802 -0.781781614 0.482628316 -0.749221206 -0.933633447 0.451423317 -0.499420792 -0.783301353 0.418567002 -0.249565795 -0.670538783 0.405526489 0.000315100711 -0.629251122 0.426042914 0.250213981 -0.664184928 0.465745687 0.500128806 -0.744104624 0.503925979 0.750062287 -0.836286783 0.719091535 -0.749619961 -0.910978436 0.662199318 -0.499666899 -0.78985399 0.606068611 -0.249681488 -0.697714627 0.582072437 0.000277575804 -0.667784333 0.610217094 0.250202417 -0.697259545 0.669434786 0.500110209 -0.757806778 0.729459107 0.750029147 -0.831618071 0.980082214 -0.943152428 -0.75000006 0.980082214 -0.943152428 -0.75000006 0.980082214 -0.943152428 -0.75000006 0.980082214 -0.943152428 -0.75000006 0.96844101 -1.01233506 -0.50000006 0.96844101 -1.01233506 -0.50000006 0.96844101 -1.01233506 -0.50000006 0.96844101 -1.01233506 -0.50000006 1.0230341 -0.988482952 -0.25000003 1.0230341 -0.988482952 -0.25000003 1.0230341 -0.988482952 -0.25000003 1.0230341 -0.988482952 -0.25000003 1.00000012 -1.04426992 -0 1.00000012 -1.04426992 -0 1.00000012 -1.04426992 -0 1.00000012 -1.04426992 -0 1.00558865 -0.990957737 0.25000003 1.00558865 -0.990957737 0.25000003 1.00558865 -0.990957737 0.25000003 1.00558865 -0.990957737 0.25000003 1.10291314 -0.92019105 0.50000006 1.10291314 -0.92019105 0.50000006 1.10291314 -0.92019105 0.50000006 1.10291314 -0.92019105 0.50000006 1.21617162 -0.832359314 0.75 1.21617162 -0.832359314 0.75 1.21617162 -0.832359314 0.75 1.21617162 -0.832359314 0.75 0.944067299 -0.977641702 -0.75000006 0.944067299 -0.977641702 -0.75000006 0.944067299 -0.977641702 -0.75000006 0.944067299 -0.977641702 -0.75000006 0.971176505 -0.982186079 -0.5 0.971176505 -0.982186079 -0.5 0.971176505 -0.982186079 -0.5 0.971176505 -0.982186079 -0.5 1 -1.02575302 -0.25000003 1 -1.02575302 -0.25000003 1 -1.02575302 -0.25000003 1 -1.02575302 -0.25000003 1.01463854 -1.04177964 -0 1.01463854 -1.04177964 -0 1.01463854 -1.04177964 -0 1.01463854 -1.04177964 -0 0.990957737 -0.994411647 0.25000003 0.990957737 -0.994411647 0.25000003 0.990957737 -0.994411647 0.25000003 0.990957737 -0.994411647 0.25000003 0.923851669 -0.894349754 0.5 0.923851669 -0.894349754 0.5 0.923851669 -0.894349754 0.5 0.923851669 -0.894349754 0.5 0.840048373 -0.778078914 0.75000006 0.840048373 -0.778078914 0.75000006 0.840048373 -0.778078914 0.75000006 0.840048373 -0.778078914 0.75000006 1.03166795 -0.948760152 -0.75 1.03166795 -0.948760152 -0.75 1.03166795 -0.948760152 -0.75 1.03166795 -0.948760152 -0.75 1.00850999 -0.967202067 -0.50000006 1.00850999 -0.967202067 -0.50000006 1.00850999 -0.967202067 -0.50000006 1.00850999 -0.967202067 -0.50000006 1 -1.02575302 -0.25000006 1 -1.02575302 -0.25000006 1 -1.02575302 -0.25000006 1 -1.02575302 -0.25000006 1.03765821 -1.02327418 -0 1.03765821 -1.02327418 -0 1.03765821 -1.02327418 -0 1.03765821 -1.02327418 -0 0.990957618 -0.994411528 0.25000006 0.990957618 -0.994411528 0.25000006 0.990957618 -0.994411528 0.25000006 0.990957618 -0.994411528 0.25000006 1.00000012 -1.00000012 0.50000006 1.00000012 -1.00000012 0.50000006 1.00000012 -1.00000012 0.50000006 1 -1 0.75 1 -1 0.75 1 -1 0.75 1.00000012 -1.00000012 -0.75000006 1.00000012 -1.00000012 -0.75000006 1.00000012 -1.00000012 -0.75000006 1.00000012 -1.00000012 -0.75000006 1.00000012 -0.966116071 -0.50000006 1.00000012 -0.966116071 -0.50000006 1.00000012 -0.966116071 -0.50000006 1.00000012 -0.966116071 -0.50000006 1 -1.02575302 -0.25000006 1 -1.02575302 -0.25000006 1 -1.02575302 -0.25000006 1 -1.02575302 -0.25000006 1 -0.9557302 -0 1 -0.9557302 -0 1 -0.9557302 -0 1 -0.9557302 -0 0.990957737 -0.994411647 0.25000003 0.990957737 -0.994411647 0.25000003 0.990957737 -0.994411647 0.25000003 0.990957737 -0.994411647 0.25000003 1.00000012 -1.00000012 0.50000006 1.00000012 -1.00000012 0.50000006 1.00000012 -1.00000012 0.50000006 1.00000012 -1.00000012 0.50000006 1.15995193 -1.22192132 0.75000006 1.15995193 -1.22192132 0.75000006 1.15995193 -1.22192132 0.75000006 1.15995193 -1.22192132 0.75000006 0.948760152 -0.968332052 -0.75 0.948760152 -0.968332052 -0.75 0.948760152 -0.968332052 -0.75 0.948760152 -0.968332052 -0.75 0.988795877 -0.968022108 -0.50000006 0.988795877 -0.968022108 -0.50000006 0.988795877 -0.968022108 -0.50000006 0.988795877 -0.968022108 -0.50000006 0.996255577 -1.02547932 -0.25000006 0.996255577 -1.02547932 -0.25000006 0.996255577 -1.02547932 -0.25000006 0.996255577 -1.02547932 -0.25000006 0.968696535 -1.03130352 -0 0.968696535 -1.03130352 -0 0.968696535 -1.03130352 -0 0.968696535 -1.03130352 -0 1.00992143 -1.00381601 0.25000003 1.00992143 -1.00381601 0.25000003 1.00992143 -1.00381601 0.25000003 1.00992143 -1.00381601 0.25000003 0.889217496 -0.931532681 0.5 0.889217496 -0.931532681 0.5 0.889217496 -0.931532681 0.5 0.889217496 -0.931532681 0.5 0.760229528 -0.86830461 0.75 0.760229528 -0.86830461 0.75 0.760229528 -0.86830461 0.75 0.760229528 -0.86830461 0.75 1.03166807 -0.948760271 -0.75 1.03166807 -0.948760271 -0.75 1.03166807 -0.948760271 -0.75 1.03166807 -0.948760271 -0.75 1.01781392 -0.971176505 -0.50000006 1.01781392 -0.971176505 -0.50000006 1.01781392 -0.971176505 -0.50000006 1.01781392 -0.971176505 -0.50000006 1.01186287 -1.02285814 -0.25 1.01186287 -1.02285814 -0.25 1.01186287 -1.02285814 -0.25 1.01186287 -1.02285814 -0.25 1.02588511 -1.03591371 -0 1.02588511 -1.03591371 -0 1.02588511 -1.03591371 -0 1.02588511 -1.03591371 -0 0.993784666 -0.991376638 0.25000006 0.993784666 -0.991376638 0.25000006 0.993784666 -0.991376638 0.25000006 0.993784666 -0.991376638 0.25000006 0.889217496 -0.931532681 0.5 0.889217496 -0.931532681 0.5 0.889217496 -0.931532681 0.5 0.889217496 -0.931532681 0.5 1 -0.726442754 0.75 1 -0.726442754 0.75 1 -0.726442754 0.75 1 -0.726442754 0.75 0.948760271 -0.968332171 -0.75 0.948760271 -0.968332171 -0.75 0.948760271 -0.968332171 -0.75 0.948760271 -0.968332171 -0.75 1.00821817 -0.96712774 -0.50000006 1.00821817 -0.96712774 -0.50000006 1.00821817 -0.96712774 -0.50000006 1.00821817 -0.96712774 -0.50000006 1.02190673 -1.0135392 -0.25000003 1.02190673 -1.0135392 -0.25000003 1.02190673 -1.0135392 -0.25000003 1.02190673 -1.0135392 -0.25000003 1.03765821 -1.02327418 -0 1.03765821 -1.02327418 -0 1.03765821 -1.02327418 -0 1.03765821 -1.02327418 -0 1 -0.989370048 0.25000003 1 -0.989370048 0.25000003 1 -0.989370048 0.25000003 1 -0.989370048 0.25000003 1.06846762 -0.889217496 0.50000006 1.06846762 -0.889217496 0.50000006 1.06846762 -0.889217496 0.50000006 1.06846762 -0.889217496 0.50000006 1.24190331 -1.12773561 0.75000006 1.24190331 -1.12773561 0.75000006 1.24190331 -1.12773561 0.75000006 1.24190331 -1.12773561 0.75000006 -0.779061317 -1.06533587 -1.08686781 -0.774909675 -1.06520593 -1.08581471 -0.770758092 -1.06501091 -1.08478022 -0.766606569 -1.06483686 -1.08369517 -0.762454927 -1.06466115 -1.08257854 -0.758303225 -1.06443071 -1.08147287 -0.754151642 -1.06420255 -1.08033335 -0.524909794 -1.01254535 -1.0206399 -0.521351218 -1.01186132 -1.01906526 -0.517792761 -1.0111711 -1.01748836 -0.514234185 -1.01048613 -1.01590133 -0.510675669 -1.00979328 -1.01431465 -0.507117093 -1.00909734 -1.01272416 -0.503558576 -1.00839841 -1.01113057 -0.270758122 -0.941468775 -0.931833088 -0.267792642 -0.940955222 -0.930543184 -0.264827251 -0.94042182 -0.929274917 -0.261861801 -0.939881265 -0.928018868 -0.258896381 -0.939365327 -0.92674917 -0.25593093 -0.93882519 -0.925505519 -0.25296554 -0.93833065 -0.92423141 -0.0166065302 -0.891786635 -0.869376838 -0.0142341815 -0.891739666 -0.868772924 -0.0118617415 -0.891591966 -0.868259966 -0.00948940963 -0.891520679 -0.867694318 -0.00711707026 -0.891443551 -0.867142975 -0.00474471925 -0.891435564 -0.86654526 -0.00237237406 -0.891383708 -0.865992308 0.237545073 -0.895635605 -0.873194158 0.23932445 -0.895955801 -0.873396814 0.241103753 -0.896295547 -0.873590827 0.242882922 -0.896788597 -0.873668909 0.244662315 -0.897227407 -0.873798549 0.246441483 -0.897609234 -0.87398231 0.248220742 -0.897990942 -0.874173403 0.491696715 -0.955102086 -0.946069419 0.492882997 -0.955396116 -0.946262538 0.494069129 -0.955741525 -0.946412802 0.495255351 -0.956086457 -0.946562052 0.496441543 -0.956374526 -0.946755588 0.497627676 -0.956712186 -0.94690758 0.498813897 -0.957032084 -0.947072804 0.745848417 -0.990551293 -0.989181995 0.746441483 -0.990650117 -0.989135385 0.74703455 -0.990725756 -0.989107251 0.747627735 -0.990784645 -0.989091754 0.748220742 -0.990848899 -0.989071667 0.748813868 -0.990935266 -0.989033699 0.749406934 -0.990994811 -0.989016593 -0.810571969 -0.845970392 0.981046498 -0.810571969 -0.845970392 0.981046498 -0.810571969 -0.845970392 0.981046498 -0.810571969 -0.845970392 0.981046498 -0.551918924 -0.646669865 0.960466802 -0.551918924 -0.646669865 0.960466802 -0.551918924 -0.646669865 0.960466802 -0.551918924 -0.646669865 0.960466802 -0.293265581 -0.590846539 0.954870582 -0.293265581 -0.590846539 0.954870582 -0.293265581 -0.590846539 0.954870582 -0.293265581 -0.590846539 0.954870582 -0.0346123837 -0.705387533 0.967322171 -0.0346123837 -0.705387533 0.967322171 -0.0346123837 -0.705387533 0.967322171 -0.0346123837 -0.705387533 0.967322171 0.224040627 -0.906633675 0.988991618 0.224040627 -0.906633675 0.988991618 0.224040627 -0.906633675 0.988991618 0.224040627 -0.906633675 0.988991618 0.482693583 -1.0742985 1.00705969 0.482693583 -1.0742985 1.00705969 0.482693583 -1.0742985 1.00705969 0.482693583 -1.0742985 1.00705969 0.74134773 -1.27202451 1.02827382 0.74134773 -1.27202451 1.02827382 0.74134773 -1.27202451 1.02827382 0.74134773 -1.27202451 1.02827382 -0.801918864 -0.838135362 0.980620325 -0.801918864 -0.838135362 0.980620325 -0.801918864 -0.838135362 0.980620325 -0.801918864 -0.838135362 0.980620325 -0.544501722 -0.642710626 0.960342824 -0.544501722 -0.642710626 0.960342824 -0.544501722 -0.642710626 0.960342824 -0.544501722 -0.642710626 0.960342824 -0.287084758 -0.591751814 0.955314994 -0.287084758 -0.591751814 0.955314994 -0.287084758 -0.591751814 0.955314994 -0.287084758 -0.591751814 0.955314994 -0.0296679828 -0.708912969 0.968013406 -0.0296679828 -0.708912969 0.968013406 -0.0296679828 -0.708912969 0.968013406 -0.0296679828 -0.708912969 0.968013406 0.227749139 -0.909383476 0.98946929 0.227749139 -0.909383476 0.98946929 0.227749139 -0.909383476 0.98946929 0.227749139 -0.909383476 0.98946929 0.485166132 -1.07627392 1.00730884 0.485166132 -1.07627392 1.00730884 0.485166132 -1.07627392 1.00730884 0.485166132 -1.07627392 1.00730884 0.742583692 -1.27284789 1.02815819 0.742583692 -1.27284789 1.02815819 0.742583692 -1.27284789 1.02815819 0.742583692 -1.27284789 1.02815819 -0.7932657 -0.830323458 0.980223835 -0.7932657 -0.830323458 0.980223835 -0.7932657 -0.830323458 0.980223835 -0.7932657 -0.830323458 0.980223835 -0.537085116 -0.638871908 0.960322082 -0.537085116 -0.638871908 0.960322082 -0.537085116 -0.638871908 0.960322082 -0.537085116 -0.638871908 0.960322082 -0.280904114 -0.592771411 0.955668926 -0.280904114 -0.592771411 0.955668926 -0.280904114 -0.592771411 0.955668926 -0.280904114 -0.592771411 0.955668926 -0.0247230027 -0.712487817 0.968566418 -0.0247230027 -0.712487817 0.968566418 -0.0247230027 -0.712487817 0.968566418 -0.0247230027 -0.712487817 0.968566418 0.231457621 -0.912117243 0.98989594 0.231457621 -0.912117243 0.98989594 0.231457621 -0.912117243 0.98989594 0.231457621 -0.912117243 0.98989594 0.487638384 -1.07823336 1.00775623 0.487638384 -1.07823336 1.00775623 0.487638384 -1.07823336 1.00775623 0.487638384 -1.07823336 1.00775623 0.743819118 -1.27356815 1.02899015 0.743819118 -1.27356815 1.02899015 0.743819118 -1.27356815 1.02899015 0.743819118 -1.27356815 1.02899015 -0.784612656 -0.822553813 0.979743779 -0.784612656 -0.822553813 0.979743779 -0.784612656 -0.822553813 0.979743779 -0.784612656 -0.822553813 0.979743779 -0.529667914 -0.635173321 0.960228562 -0.529667914 -0.635173321 0.960228562 -0.529667914 -0.635173321 0.960228562 -0.529667914 -0.635173321 0.960228562 -0.274723232 -0.593886733 0.956103623 -0.274723232 -0.593886733 0.956103623 -0.274723232 -0.593886733 0.956103623 -0.274723232 -0.593886733 0.956103623 -0.0197785106 -0.716094494 0.969141185 -0.0197785106 -0.716094494 0.969141185 -0.0197785106 -0.716094494 0.969141185 -0.0197785106 -0.716094494 0.969141185 0.235166118 -0.914827347 0.990339935 0.235166118 -0.914827347 0.990339935 0.235166118 -0.914827347 0.990339935 0.235166118 -0.914827347 0.990339935 0.490110785 -1.08021808 1.00800872 0.490110785 -1.08021808 1.00800872 0.490110785 -1.08021808 1.00800872 0.490110785 -1.08021808 1.00800872 0.745055437 -1.27441967 1.0285579 0.745055437 -1.27441967 1.0285579 0.745055437 -1.27441967 1.0285579 0.745055437 -1.27441967 1.0285579 -0.775959373 -0.814817667 0.979330957 -0.775959373 -0.814817667 0.979330957 -0.775959373 -0.814817667 0.979330957 -0.775959373 -0.814817667 0.979330957 -0.52225107 -0.631604791 0.960178733 -0.52225107 -0.631604791 0.960178733 -0.52225107 -0.631604791 0.960178733 -0.52225107 -0.631604791 0.960178733 -0.268542349 -0.595116973 0.956432641 -0.268542349 -0.595116973 0.956432641 -0.268542349 -0.595116973 0.956432641 -0.268542349 -0.595116973 0.956432641 -0.0148339579 -0.719724476 0.9698084 -0.0148339579 -0.719724476 0.9698084 -0.0148339579 -0.719724476 0.9698084 -0.0148339579 -0.719724476 0.9698084 0.23887457 -0.917511106 0.990818441 0.23887457 -0.917511106 0.990818441 0.23887457 -0.917511106 0.990818441 0.23887457 -0.917511106 0.990818441 0.492583066 -1.08220005 1.00832725 0.492583066 -1.08220005 1.00832725 0.492583066 -1.08220005 1.00832725 0.492583066 -1.08220005 1.00832725 0.746290922 -1.2751646 1.02910733 0.746290922 -1.2751646 1.02910733 0.746290922 -1.2751646 1.02910733 0.746290922 -1.2751646 1.02910733 -0.767306328 -0.807131886 0.978889585 -0.767306328 -0.807131886 0.978889585 -0.767306328 -0.807131886 0.978889585 -0.767306328 -0.807131886 0.978889585 -0.514834166 -0.628173828 0.960113347 -0.514834166 -0.628173828 0.960113347 -0.514834166 -0.628173828 0.960113347 -0.514834166 -0.628173828 0.960113347 -0.262361705 -0.596427381 0.956979394 -0.262361705 -0.596427381 0.956979394 -0.262361705 -0.596427381 0.956979394 -0.262361705 -0.596427381 0.956979394 -0.00988923293 -0.723389149 0.970449865 -0.00988923293 -0.723389149 0.970449865 -0.00988923293 -0.723389149 0.970449865 -0.00988923293 -0.723389149 0.970449865 0.242583081 -0.920175731 0.991258085 0.242583081 -0.920175731 0.991258085 0.242583081 -0.920175731 0.991258085 0.242583081 -0.920175731 0.991258085 0.495055377 -1.08418632 1.00864601 0.495055377 -1.08418632 1.00864601 0.495055377 -1.08418632 1.00864601 0.495055377 -1.08418632 1.00864601 0.747528076 -1.27600598 1.02871561 0.747528076 -1.27600598 1.02871561 0.747528076 -1.27600598 1.02871561 0.747528076 -1.27600598 1.02871561 -0.758653224 -0.79949683 0.97848016 -0.758653224 -0.79949683 0.97848016 -0.758653224 -0.79949683 0.97848016 -0.758653224 -0.79949683 0.97848016 -0.507417023 -0.624870777 0.960142851 -0.507417023 -0.624870777 0.960142851 -0.507417023 -0.624870777 0.960142851 -0.507417023 -0.624870777 0.960142851 -0.256180823 -0.597858906 0.957350373 -0.256180823 -0.597858906 0.957350373 -0.256180823 -0.597858906 0.957350373 -0.256180823 -0.597858906 0.957350373 -0.00494459784 -0.727090955 0.971032083 -0.00494459784 -0.727090955 0.971032083 -0.00494459784 -0.727090955 0.971032083 -0.00494459784 -0.727090955 0.971032083 0.246291548 -0.922813058 0.991730034 0.246291548 -0.922813058 0.991730034 0.246291548 -0.922813058 0.991730034 0.246291548 -0.922813058 0.991730034 0.497527748 -1.08618081 1.00892782 0.497527748 -1.08618081 1.00892782 0.497527748 -1.08618081 1.00892782 0.497527748 -1.08618081 1.00892782 0.74876374 -1.27674317 1.02928758 0.74876374 -1.27674317 1.02928758 0.74876374 -1.27674317 1.02928758 0.74876374 -1.27674317 1.02928758 -0.947383702 0.750629425 -0.90576905 -0.947383702 0.750629425 -0.90576905 -0.947383702 0.750629425 -0.90576905 -0.947383702 0.750629425 -0.90576905 -0.960109115 0.50097543 -0.897338748 -0.960109115 0.50097543 -0.897338748 -0.960109115 0.50097543 -0.897338748 -0.960109115 0.50097543 -0.897338748 -0.972785711 0.25126797 -0.871353745 -0.972785711 0.25126797 -0.871353745 -0.972785711 0.25126797 -0.871353745 -0.972785711 0.25126797 -0.871353745 -0.982746601 0.00122014689 -0.776165903 -0.982746601 0.00122014689 -0.776165903 -0.982746601 0.00122014689 -0.776165903 -0.982746601 0.00122014689 -0.776165903 -0.694107413 -0.263711244 -0.910526156 -0.694107413 -0.263711244 -0.910526156 -0.694107413 -0.263711244 -0.910526156 -0.694107413 -0.263711244 -0.910526156 -0.89476192 -0.502280891 -1.30487967 -0.89476192 -0.502280891 -1.30487967 -0.89476192 -0.502280891 -1.30487967 -0.89476192 -0.502280891 -1.30487967 -0.99680537 -0.747576714 -1.23646629 -0.99680537 -0.747576714 -1.23646629 -0.99680537 -0.747576714 -1.23646629 -0.99680537 -0.747576714 -1.23646629 -0.955513537 0.750538528 -0.904410839 -0.955513537 0.750538528 -0.904410839 -0.955513537 0.750538528 -0.904410839 -0.955513537 0.750538528 -0.904410839 -0.966413558 0.500834286 -0.895561993 -0.966413558 0.500834286 -0.895561993 -0.966413558 0.500834286 -0.895561993 -0.966413558 0.500834286 -0.895561993 -0.977237165 0.251084685 -0.86972338 -0.977237165 0.251084685 -0.86972338 -0.977237165 0.251084685 -0.86972338 -0.977237165 0.251084685 -0.86972338 -0.985334516 0.00104397221 -0.77514106 -0.985334516 0.00104397221 -0.77514106 -0.985334516 0.00104397221 -0.77514106 -0.985334516 0.00104397221 -0.77514106 -0.69477427 -0.261800587 -0.909434795 -0.69477427 -0.261800587 -0.909434795 -0.69477427 -0.261800587 -0.909434795 -0.69477427 -0.261800587 -0.909434795 -0.892837346 -0.50198698 -1.30436635 -0.892837346 -0.50198698 -1.30436635 -0.892837346 -0.50198698 -1.30436635 -0.892837346 -0.50198698 -1.30436635 -0.993840933 -0.74792397 -1.23654008 -0.993840933 -0.74792397 -1.23654008 -0.993840933 -0.74792397 -1.23654008 -0.993840933 -0.74792397 -1.23654008 -0.963648736 0.750447869 -0.902946413 -0.963648736 0.750447869 -0.902946413 -0.963648736 0.750447869 -0.902946413 -0.963648736 0.750447869 -0.902946413 -0.972722471 0.500693858 -0.89370358 -0.972722471 0.500693858 -0.89370358 -0.972722471 0.500693858 -0.89370358 -0.972722471 0.500693858 -0.89370358 -0.981691957 0.250902146 -0.868047535 -0.981691957 0.250902146 -0.868047535 -0.981691957 0.250902146 -0.868047535 -0.981691957 0.250902146 -0.868047535 -0.987925947 0.000868553005 -0.774104238 -0.987925947 0.000868553005 -0.774104238 -0.987925947 0.000868553005 -0.774104238 -0.987925947 0.000868553005 -0.774104238 -0.69540453 -0.259872198 -0.908525407 -0.69540453 -0.259872198 -0.908525407 -0.69540453 -0.259872198 -0.908525407 -0.69540453 -0.259872198 -0.908525407 -0.890881062 -0.501675069 -1.30383754 -0.890881062 -0.501675069 -1.30383754 -0.890881062 -0.501675069 -1.30383754 -0.890881062 -0.501675069 -1.30383754 -0.99087292 -0.74827075 -1.2366184 -0.99087292 -0.74827075 -1.2366184 -0.99087292 -0.74827075 -1.2366184 -0.99087292 -0.74827075 -1.2366184 -0.971788049 0.750357449 -0.901373863 -0.971788049 0.750357449 -0.901373863 -0.971788049 0.750357449 -0.901373863 -0.971788049 0.750357449 -0.901373863 -0.97903347 0.500553906 -0.891763091 -0.97903347 0.500553906 -0.891763091 -0.97903347 0.500553906 -0.891763091 -0.97903347 0.500553906 -0.891763091 -0.986146569 0.250720263 -0.866325676 -0.986146569 0.250720263 -0.866325676 -0.986146569 0.250720263 -0.866325676 -0.986146569 0.250720263 -0.866325676 -0.990514636 0.00069337606 -0.77305609 -0.990514636 0.00069337606 -0.77305609 -0.990514636 0.00069337606 -0.77305609 -0.990514636 0.00069337606 -0.77305609 -0.696103454 -0.257934272 -0.907453895 -0.696103454 -0.257934272 -0.907453895 -0.696103454 -0.257934272 -0.907453895 -0.696103454 -0.257934272 -0.907453895 -0.888903201 -0.501352489 -1.30329692 -0.888903201 -0.501352489 -1.30329692 -0.888903201 -0.501352489 -1.30329692 -0.888903201 -0.501352489 -1.30329692 -0.987905383 -0.74861747 -1.23670137 -0.987905383 -0.74861747 -1.23670137 -0.987905383 -0.74861747 -1.23670137 -0.987905383 -0.74861747 -1.23670137 -0.979930997 0.750267446 -0.899692297 -0.979930997 0.750267446 -0.899692297 -0.979930997 0.750267446 -0.899692297 -0.979930997 0.750267446 -0.899692297 -0.98534745 0.500414491 -0.889739335 -0.98534745 0.500414491 -0.889739335 -0.98534745 0.500414491 -0.889739335 -0.98534745 0.500414491 -0.889739335 -0.990603805 0.250539094 -0.864557922 -0.990603805 0.250539094 -0.864557922 -0.990603805 0.250539094 -0.864557922 -0.990603805 0.250539094 -0.864557922 -0.993106961 0.000518803077 -0.77199626 -0.993106961 0.000518803077 -0.77199626 -0.993106961 0.000518803077 -0.77199626 -0.993106961 0.000518803077 -0.77199626 -0.696823001 -0.256007969 -0.906382084 -0.696823001 -0.256007969 -0.906382084 -0.696823001 -0.256007969 -0.906382084 -0.696823001 -0.256007969 -0.906382084 -0.886845648 -0.501020491 -1.30272126 -0.886845648 -0.501020491 -1.30272126 -0.886845648 -0.501020491 -1.30272126 -0.886845648 -0.501020491 -1.30272126 -0.984938025 -0.748963296 -1.23678946 -0.984938025 -0.748963296 -1.23678946 -0.984938025 -0.748963296 -1.23678946 -0.984938025 -0.748963296 -1.23678946 -0.98807919 0.75017792 -0.897899628 -0.98807919 0.75017792 -0.897899628 -0.98807919 0.75017792 -0.897899628 -0.98807919 0.75017792 -0.897899628 -0.991664767 0.500275731 -0.887631774 -0.991664767 0.500275731 -0.887631774 -0.991664767 0.500275731 -0.887631774 -0.991664767 0.500275731 -0.887631774 -0.995061755 0.250358552 -0.862743914 -0.995061755 0.250358552 -0.862743914 -0.995061755 0.250358552 -0.862743914 -0.995061755 0.250358552 -0.862743914 -0.995693326 0.00034488659 -0.770924866 -0.995693326 0.00034488659 -0.770924866 -0.995693326 0.00034488659 -0.770924866 -0.995693326 0.00034488659 -0.770924866 -0.69757843 -0.25407806 -0.905260265 -0.69757843 -0.25407806 -0.905260265 -0.69757843 -0.25407806 -0.905260265 -0.69757843 -0.25407806 -0.905260265 -0.884838998 -0.500672758 -1.30216098 -0.884838998 -0.500672758 -1.30216098 -0.884838998 -0.500672758 -1.30216098 -0.884838998 -0.500672758 -1.30216098 -0.98197484 -0.749308884 -1.23688269 -0.98197484 -0.749308884 -1.23688269 -0.98197484 -0.749308884 -1.23688269 -0.98197484 -0.749308884 -1.23688269 -0.99623245 0.750088692 -0.895994246 -0.99623245 0.750088692 -0.895994246 -0.99623245 0.750088692 -0.895994246 -0.99623245 0.750088692 -0.895994246 -0.997985959 0.500137508 -0.885439694 -0.997985959 0.500137508 -0.885439694 -0.997985959 0.500137508 -0.885439694 -0.997985959 0.500137508 -0.885439694 -0.999520063 0.250178814 -0.860882819 -0.999520063 0.250178814 -0.860882819 -0.999520063 0.250178814 -0.860882819 -0.999520063 0.250178814 -0.860882819 -0.998278975 0.000171629203 -0.76984185 -0.998278975 0.000171629203 -0.76984185 -0.998278975 0.000171629203 -0.76984185 -0.998278975 0.000171629203 -0.76984185 -0.698336005 -0.252144367 -0.904194772 -0.698336005 -0.252144367 -0.904194772 -0.698336005 -0.252144367 -0.904194772 -0.698336005 -0.252144367 -0.904194772 -0.882810712 -0.500310838 -1.30158758 -0.882810712 -0.500310838 -1.30158758 -0.882810712 -0.500310838 -1.30158758 -0.882810712 -0.500310838 -1.30158758 -0.979012668 -0.749654114 -1.23698115 -0.979012668 -0.749654114 -1.23698115 -0.979012668 -0.749654114 -1.23698115 -0.979012668 -0.749654114 -1.23698115 0.972097099 -0.749990344 -0.940692186 0.972097099 -0.749990344 -0.940692186 0.972097099 -0.749990344 -0.940692186 0.972097099 -0.749990344 -0.940692186 0.913415134 -0.499922514 -0.829832315 0.913415134 -0.499922514 -0.829832315 0.913415134 -0.499922514 -0.829832315 0.913415134 -0.499922514 -0.829832315 0.855409145 -0.249854907 -0.736628711 0.855409145 -0.249854907 -0.736628711 0.855409145 -0.249854907 -0.736628711 0.855409145 -0.249854907 -0.736628711 0.829496861 0.000161375327 -0.693450928 0.829496861 0.000161375327 -0.693450928 0.829496861 0.000161375327 -0.693450928 0.829496861 0.000161375327 -0.693450928 0.855735362 0.250137568 -0.691755116 0.855735362 0.250137568 -0.691755116 0.855735362 0.250137568 -0.691755116 0.855735362 0.250137568 -0.691755116 0.913079381 0.500087917 -0.717346668 0.913079381 0.500087917 -0.717346668 0.913079381 0.500087917 -0.717346668 0.913079381 0.500087917 -0.717346668 0.971268475 0.750019908 -0.768974125 0.971268475 0.750019908 -0.768974125 0.971268475 0.750019908 -0.768974125 0.971268475 0.750019908 -0.768974125 0.990295708 -0.749922514 -0.94431597 0.990295708 -0.749922514 -0.94431597 0.990295708 -0.749922514 -0.94431597 0.990295708 -0.749922514 -0.94431597 0.953855813 -0.499949157 -0.838856459 0.953855813 -0.499949157 -0.838856459 0.953855813 -0.499949157 -0.838856459 0.953855813 -0.499949157 -0.838856459 0.917234957 -0.249907315 -0.746099651 0.917234957 -0.249907315 -0.746099651 0.917234957 -0.249907315 -0.746099651 0.917234957 -0.249907315 -0.746099651 0.900374293 0.000106342879 -0.694885015 0.900374293 0.000106342879 -0.694885015 0.900374293 0.000106342879 -0.694885015 0.900374293 0.000106342879 -0.694885015 0.917069256 0.250099659 -0.682829559 0.917069256 0.250099659 -0.682829559 0.917069256 0.250099659 -0.682829559 0.917069256 0.250099659 -0.682829559 0.952933252 0.50008291 -0.706040502 0.952933252 0.50008291 -0.706040502 0.952933252 0.50008291 -0.706040502 0.952933252 0.50008291 -0.706040502 0.986185491 0.750091553 -0.763071835 0.986185491 0.750091553 -0.763071835 0.986185491 0.750091553 -0.763071835 0.986185491 0.750091553 -0.763071835 0.990541995 -0.749908388 -0.944358885 0.990541995 -0.749908388 -0.944358885 0.990541995 -0.749908388 -0.944358885 0.990541995 -0.749908388 -0.944358885 0.970404029 -0.499957323 -0.842705905 0.970404029 -0.499957323 -0.842705905 0.970404029 -0.499957323 -0.842705905 0.970404029 -0.499957323 -0.842705905 0.953098834 -0.249943808 -0.751497805 0.953098834 -0.249943808 -0.751497805 0.953098834 -0.249943808 -0.751497805 0.953098834 -0.249943808 -0.751497805 0.945479035 6.12497388e-05 -0.694595337 0.945479035 6.12497388e-05 -0.694595337 0.945479035 6.12497388e-05 -0.694595337 0.945479035 6.12497388e-05 -0.694595337 0.952897608 0.250061601 -0.676493287 0.952897608 0.250061601 -0.676493287 0.952897608 0.250061601 -0.676493287 0.952897608 0.250061601 -0.676493287 0.969650686 0.500064909 -0.700960159 0.969650686 0.500064909 -0.700960159 0.969650686 0.500064909 -0.700960159 0.969650686 0.500064909 -0.700960159 0.98638165 0.750110447 -0.762792587 0.98638165 0.750110447 -0.762792587 0.98638165 0.750110447 -0.762792587 0.98638165 0.750110447 -0.762792587 0.990056872 -0.749983251 -0.944609523 0.990056872 -0.749983251 -0.944609523 0.990056872 -0.749983251 -0.944609523 0.990056872 -0.749983251 -0.944609523 0.981195331 -0.499975413 -0.845295668 0.981195331 -0.499975413 -0.845295668 0.981195331 -0.499975413 -0.845295668 0.981195331 -0.499975413 -0.845295668 0.974924743 -0.249971151 -0.754748225 0.974924743 -0.249971151 -0.754748225 0.974924743 -0.249971151 -0.754748225 0.974924743 -0.249971151 -0.754748225 0.972541928 3.01442669e-05 -0.694012582 0.972541928 3.01442669e-05 -0.694012582 0.972541928 3.01442669e-05 -0.694012582 0.972541928 3.01442669e-05 -0.694012582 0.974871337 0.250029534 -0.672256589 0.974871337 0.250029534 -0.672256589 0.974871337 0.250029534 -0.672256589 0.974871337 0.250029534 -0.672256589 0.98098594 0.500028849 -0.697503209 0.98098594 0.500028849 -0.697503209 0.98098594 0.500028849 -0.697503209 0.98098594 0.500028849 -0.697503209 0.989439607 0.750032127 -0.762186527 0.989439607 0.750032127 -0.762186527 0.989439607 0.750032127 -0.762186527 0.989439607 0.750032127 -0.762186527 0.995747387 -0.74999553 -0.945931911 0.995747387 -0.74999553 -0.945931911 0.995747387 -0.74999553 -0.945931911 0.995747387 -0.74999553 -0.945931911 0.992042363 -0.499991626 -0.84792763 0.992042363 -0.499991626 -0.84792763 0.992042363 -0.499991626 -0.84792763 0.992042363 -0.499991626 -0.84792763 0.989424765 -0.249988839 -0.756888628 0.989424765 -0.249988839 -0.756888628 0.989424765 -0.249988839 -0.756888628 0.989424765 -0.249988839 -0.756888628 0.988435745 1.22595156e-05 -0.693537354 0.988435745 1.22595156e-05 -0.693537354 0.988435745 1.22595156e-05 -0.693537354 0.988435745 1.22595156e-05 -0.693537354 0.989435136 0.250011206 -0.669317782 0.989435136 0.250011206 -0.669317782 0.989435136 0.250011206 -0.669317782 0.989435136 0.250011206 -0.669317782 0.992060184 0.500008464 -0.694075286 0.992060184 0.500008464 -0.694075286 0.992060184 0.500008464 -0.694075286 0.992060184 0.500008464 -0.694075286 0.995768487 0.75000447 -0.760040879 0.995768487 0.75000447 -0.760040879 0.995768487 0.75000447 -0.760040879 0.995768487 0.75000447 -0.760040879 0.998745084 -0.749998689 -0.946619034 0.998745084 -0.749998689 -0.946619034 0.998745084 -0.749998689 -0.946619034 0.998745084 -0.749998689 -0.946619034 0.997655869 -0.499997526 -0.849292099 0.997655869 -0.499997526 -0.849292099 0.997655869 -0.499997526 -0.849292099 0.997655869 -0.499997526 -0.849292099 0.996884346 -0.249996677 -0.75798136 0.996884346 -0.249996677 -0.75798136 0.996884346 -0.249996677 -0.75798136 0.996884346 -0.249996677 -0.75798136 0.996593297 3.64679909e-06 -0.693256676 0.996593297 3.64679909e-06 -0.693256676 0.996593297 3.64679909e-06 -0.693256676 0.996593297 3.64679909e-06 -0.693256676 0.996891022 0.250003338 -0.667768717 0.996891022 0.250003338 -0.667768717 0.996891022 0.250003338 -0.667768717 0.996891022 0.250003338 -0.667768717 0.997665763 0.500002503 -0.692291558 0.997665763 0.500002503 -0.692291558 0.997665763 0.500002503 -0.692291558 0.997665763 0.500002503 -0.692291558 0.998753905 0.750001371 -0.758931875 0.998753905 0.750001371 -0.758931875 0.998753905 0.750001371 -0.758931875 0.998753905 0.750001371 -0.758931875 0.999832273 -0.749999881 -0.946873546 0.999832273 -0.749999881 -0.946873546 0.999832273 -0.749999881 -0.946873546 0.999832273 -0.749999881 -0.946873546 0.999705195 -0.499999762 -0.849797189 0.999705195 -0.499999762 -0.849797189 0.999705195 -0.499999762 -0.849797189 0.999705195 -0.499999762 -0.849797189 0.999628723 -0.249999627 -0.758382797 0.999628723 -0.249999627 -0.758382797 0.999628723 -0.249999627 -0.758382797 0.999628723 -0.249999627 -0.758382797 0.999616623 4.47000389e-07 -0.693147123 0.999616623 4.47000389e-07 -0.693147123 0.999616623 4.47000389e-07 -0.693147123 0.999616623 4.47000389e-07 -0.693147123 0.999673426 0.250000447 -0.667191446 0.999673426 0.250000447 -0.667191446 0.999673426 0.250000447 -0.667191446 0.999673426 0.250000447 -0.667191446 0.999782085 0.500000358 -0.691630363 0.999782085 0.500000358 -0.691630363 0.999782085 0.500000358 -0.691630363 0.999782085 0.500000358 -0.691630363 0.999965429 0.750000238 -0.758522213 0.999965429 0.750000238 -0.758522213 0.999965429 0.750000238 -0.758522213 0.999965429 0.750000238 -0.758522213 -0.935147107 1.061252 -0.746865392 -0.93887955 1.09042621 -0.496844143 -0.94249016 1.09366894 -0.246868148 -0.948637009 1.00337803 0.00289124274 -0.957208693 0.904944003 0.252591997 -0.96484983 0.874835908 0.502434492 -0.966631055 0.940439165 0.752557456 -0.944392383 1.06131756 -0.747313082 -0.947484314 1.09021902 -0.497295409 -0.950452507 1.09362149 -0.247315869 -0.955952406 1.00364101 0.00247829198 -0.963871479 0.905551553 0.252222449 -0.970848799 0.875798583 0.50208813 -0.971957564 0.941670358 0.752194345 -0.953637838 1.06144917 -0.747760713 -0.956089199 1.09003186 -0.497746617 -0.958414674 1.0935905 -0.2477635 -0.963266432 1.0039562 0.00206541526 -0.970529735 0.906235337 0.251852781 -0.976842642 0.876832724 0.501741588 -0.977280915 0.94294709 0.751830578 -0.962882817 1.06164944 -0.748208463 -0.964693666 1.08986664 -0.498197585 -0.966376424 1.09357727 -0.248210996 -0.97057879 1.00432467 0.00165254273 -0.977184713 0.906996429 0.251482904 -0.982832313 0.877939105 0.50139451 -0.982600808 0.944269717 0.751466215 -0.972127616 1.06192183 -0.748656094 -0.973297119 1.08972597 -0.498648405 -0.974336743 1.0935837 -0.248658374 -0.977889478 1.00474811 0.00123961479 -0.983838141 0.907835662 0.251112819 -0.988819778 0.879118264 0.501046956 -0.98791635 0.94563818 0.751100898 -0.981372654 1.06226909 -0.749103904 -0.981901109 1.08961189 -0.499099076 -0.98229748 1.09361184 -0.249105662 -0.985198617 1.00522757 0.000826590694 -0.990488112 0.908754528 0.250742346 -0.994801998 0.880370915 0.500698686 -0.993228614 0.947052777 0.750734866 -0.990617394 1.06269419 -0.749551833 -0.990505338 1.08952701 -0.499549568 -0.990258932 1.09366286 -0.249552906 -0.992506027 1.00576437 0.000413406611 -0.997132659 0.909753561 0.250371456 -1.00077808 0.881697536 0.50034976 -0.998537779 0.948513865 0.750367939 -0.720938623 0.965741932 0.963552713 -0.720938623 0.965741932 0.963552713 -0.720938623 0.965741932 0.963552713 -0.720938623 0.965741932 0.963552713 -0.475090265 0.957113445 0.952028573 -0.475090265 0.957113445 0.952028573 -0.475090265 0.957113445 0.952028573 -0.475090265 0.957113445 0.952028573 -0.229241803 0.926400661 0.913181186 -0.229241803 0.926400661 0.913181186 -0.229241803 0.926400661 0.913181186 -0.229241803 0.926400661 0.913181186 0.0166065544 0.889514089 0.866621494 0.0166065544 0.889514089 0.866621494 0.0166065544 0.889514089 0.866621494 0.0166065544 0.889514089 0.866621494 0.262454838 0.870272875 0.841912389 0.262454838 0.870272875 0.841912389 0.262454838 0.870272875 0.841912389 0.262454838 0.870272875 0.841912389 0.508303285 0.869296908 0.839913845 0.508303285 0.869296908 0.839913845 0.508303285 0.869296908 0.839913845 0.508303285 0.869296908 0.839913845 0.754151225 0.844445169 0.807654083 0.754151225 0.844445169 0.807654083 0.754151225 0.844445169 0.807654083 0.754151225 0.844445169 0.807654083 -0.725090325 0.966154397 0.963225007 -0.725090325 0.966154397 0.963225007 -0.725090325 0.966154397 0.963225007 -0.725090325 0.966154397 0.963225007 -0.478648812 0.957847297 0.952191949 -0.478648812 0.957847297 0.952191949 -0.478648812 0.957847297 0.952191949 -0.478648812 0.957847297 0.952191949 -0.232207298 0.927180052 0.913504243 -0.232207298 0.927180052 0.913504243 -0.232207298 0.927180052 0.913504243 -0.232207298 0.927180052 0.913504243 0.0142342327 0.890039444 0.866815507 0.0142342327 0.890039444 0.866815507 0.0142342327 0.890039444 0.866815507 0.0142342327 0.890039444 0.866815507 0.260675639 0.8703686 0.841776133 0.260675639 0.8703686 0.841776133 0.260675639 0.8703686 0.841776133 0.260675639 0.8703686 0.841776133 0.507117033 0.869529009 0.839823186 0.507117033 0.869529009 0.839823186 0.507117033 0.869529009 0.839823186 0.507117033 0.869529009 0.839823186 0.753558993 0.844050765 0.808050096 0.753558993 0.844050765 0.808050096 0.753558993 0.844050765 0.808050096 0.753558993 0.844050765 0.808050096 -0.729241908 0.966583729 0.962868512 -0.729241908 0.966583729 0.962868512 -0.729241908 0.966583729 0.962868512 -0.729241908 0.966583729 0.962868512 -0.482207417 0.958566844 0.952359557 -0.482207417 0.958566844 0.952359557 -0.482207417 0.958566844 0.952359557 -0.482207417 0.958566844 0.952359557 -0.235172823 0.927953601 0.913831592 -0.235172823 0.927953601 0.913831592 -0.235172823 0.927953601 0.913831592 -0.235172823 0.927953601 0.913831592 0.0118618375 0.890592635 0.866992116 0.0118618375 0.890592635 0.866992116 0.0118618375 0.890592635 0.866992116 0.0118618375 0.890592635 0.866992116 0.25889641 0.870551825 0.841574609 0.25889641 0.870551825 0.841574609 0.25889641 0.870551825 0.841574609 0.25889641 0.870551825 0.841574609 0.50593096 0.869585454 0.839873195 0.50593096 0.869585454 0.839873195 0.50593096 0.869585454 0.839873195 0.50593096 0.869585454 0.839873195 0.752965391 0.844522297 0.807747066 0.752965391 0.844522297 0.807747066 0.752965391 0.844522297 0.807747066 0.752965391 0.844522297 0.807747066 -0.73339355 0.966971278 0.962530553 -0.73339355 0.966971278 0.962530553 -0.73339355 0.966971278 0.962530553 -0.73339355 0.966971278 0.962530553 -0.485765964 0.959295273 0.952512324 -0.485765964 0.959295273 0.952512324 -0.485765964 0.959295273 0.952512324 -0.485765964 0.959295273 0.952512324 -0.238138288 0.928701937 0.914179564 -0.238138288 0.928701937 0.914179564 -0.238138288 0.928701937 0.914179564 -0.238138288 0.928701937 0.914179564 0.00948942453 0.891155839 0.867164731 0.00948942453 0.891155839 0.867164731 0.00948942453 0.891155839 0.867164731 0.00948942453 0.891155839 0.867164731 0.257117182 0.870703578 0.841404855 0.257117182 0.870703578 0.841404855 0.257117182 0.870703578 0.841404855 0.257117182 0.870703578 0.841404855 0.504744768 0.869782031 0.839808881 0.504744768 0.869782031 0.839808881 0.504744768 0.869782031 0.839808881 0.504744768 0.869782031 0.839808881 0.752372801 0.843876958 0.808347583 0.752372801 0.843876958 0.808347583 0.752372801 0.843876958 0.808347583 0.752372801 0.843876958 0.808347583 -0.737545133 0.967371404 0.962166905 -0.737545133 0.967371404 0.962166905 -0.737545133 0.967371404 0.962166905 -0.737545133 0.967371404 0.962166905 -0.48932448 0.959990442 0.952684224 -0.48932448 0.959990442 0.952684224 -0.48932448 0.959990442 0.952684224 -0.48932448 0.959990442 0.952684224 -0.241103724 0.929471195 0.914509833 -0.241103724 0.929471195 0.914509833 -0.241103724 0.929471195 0.914509833 -0.241103724 0.929471195 0.914509833 0.00711702509 0.891673565 0.86737901 0.00711702509 0.891673565 0.86737901 0.00711702509 0.891673565 0.86737901 0.00711702509 0.891673565 0.86737901 0.255337805 0.870927334 0.841182828 0.255337805 0.870927334 0.841182828 0.255337805 0.870927334 0.841182828 0.255337805 0.870927334 0.841182828 0.503558576 0.869980812 0.839741945 0.503558576 0.869980812 0.839741945 0.503558576 0.869980812 0.839741945 0.503558576 0.869980812 0.839741945 0.75177902 0.844749868 0.807719409 0.75177902 0.844749868 0.807719409 0.75177902 0.844749868 0.807719409 0.75177902 0.844749868 0.807719409 -0.741696835 0.967763841 0.961794674 -0.741696835 0.967763841 0.961794674 -0.741696835 0.967763841 0.961794674 -0.741696835 0.967763841 0.961794674 -0.492882937 0.960712135 0.952826977 -0.492882937 0.960712135 0.952826977 -0.492882937 0.960712135 0.952826977 -0.492882937 0.960712135 0.952826977 -0.244069114 0.930225313 0.914852202 -0.244069114 0.930225313 0.914852202 -0.244069114 0.930225313 0.914852202 -0.244069114 0.930225313 0.914852202 0.00474474439 0.892238081 0.86755985 0.00474474439 0.892238081 0.86755985 0.00474474439 0.892238081 0.86755985 0.00474474439 0.892238081 0.86755985 0.253558576 0.870960772 0.841120541 0.253558576 0.870960772 0.841120541 0.253558576 0.870960772 0.841120541 0.253558576 0.870960772 0.841120541 0.502372324 0.870234013 0.839630246 0.502372324 0.870234013 0.839630246 0.502372324 0.870234013 0.839630246 0.502372324 0.870234013 0.839630246 0.751186252 0.844472647 0.808021605 0.751186252 0.844472647 0.808021605 0.751186252 0.844472647 0.808021605 0.751186252 0.844472647 0.808021605 -0.745848417 0.968145967 0.961414993 -0.745848417 0.968145967 0.961414993 -0.745848417 0.968145967 0.961414993 -0.745848417 0.968145967 0.961414993 -0.496441573 0.961419702 0.952973485 -0.496441573 0.961419702 0.952973485 -0.496441573 0.961419702 0.952973485 -0.496441573 0.961419702 0.952973485 -0.247034565 0.930995345 0.915181279 -0.247034565 0.930995345 0.915181279 -0.247034565 0.930995345 0.915181279 -0.247034565 0.930995345 0.915181279 0.0023723701 0.892816782 0.867733359 0.0023723701 0.892816782 0.867733359 0.0023723701 0.892816782 0.867733359 0.0023723701 0.892816782 0.867733359 0.251779288 0.871250153 0.84085691 0.251779288 0.871250153 0.84085691 0.251779288 0.871250153 0.84085691 0.251779288 0.871250153 0.84085691 0.501186252 0.870263636 0.839697957 0.501186252 0.870263636 0.839697957 0.501186252 0.870263636 0.839697957 0.501186252 0.870263636 0.839697957 0.750593066 0.845095217 0.807597756 0.750593066 0.845095217 0.807597756 0.750593066 0.845095217 0.807597756 0.750593066 0.845095217 0.807597756 -0.985979259 0.747187436 1.06541455 -0.985979259 0.747187436 1.06541455 -0.985979259 0.747187436 1.06541455 -0.985979259 0.747187436 1.06541455 -1.00117576 0.49779743 1.02488554 -1.00117576 0.49779743 1.02488554 -1.00117576 0.49779743 1.02488554 -1.00117576 0.49779743 1.02488554 -1.0082649 0.247957736 0.999614954 -1.0082649 0.247957736 0.999614954 -1.0082649 0.247957736 0.999614954 -1.0082649 0.247957736 0.999614954 -1.01801193 -0.0018329781 1.00155747 -1.01801193 -0.0018329781 1.00155747 -1.01801193 -0.0018329781 1.00155747 -1.01801193 -0.0018329781 1.00155747 -1.03137124 -0.251480699 1.01899564 -1.03137124 -0.251480699 1.01899564 -1.03137124 -0.251480699 1.01899564 -1.03137124 -0.251480699 1.01899564 -1.04509652 -0.50111568 1.03854811 -1.04509652 -0.50111568 1.03854811 -1.04509652 -0.50111568 1.03854811 -1.04509652 -0.50111568 1.03854811 -1.05866337 -0.750740647 1.05182934 -1.05866337 -0.750740647 1.05182934 -1.05866337 -0.750740647 1.05182934 -1.05866337 -0.750740647 1.05182934 -0.988993347 0.747591138 1.06609225 -0.988993347 0.747591138 1.06609225 -0.988993347 0.747591138 1.06609225 -0.988993347 0.747591138 1.06609225 -1.00250518 0.498120815 1.02515137 -1.00250518 0.498120815 1.02515137 -1.00250518 0.498120815 1.02515137 -1.00250518 0.498120815 1.02515137 -1.0071075 0.248230904 0.999656379 -1.0071075 0.248230904 0.999656379 -1.0071075 0.248230904 0.999656379 -1.0071075 0.248230904 0.999656379 -1.01544309 -0.00157342618 1.0025748 -1.01544309 -0.00157342618 1.0025748 -1.01544309 -0.00157342618 1.0025748 -1.01544309 -0.00157342618 1.0025748 -1.02698267 -0.251269698 1.01957631 -1.02698267 -0.251269698 1.01957631 -1.02698267 -0.251269698 1.01957631 -1.02698267 -0.251269698 1.01957631 -1.03881598 -0.500955105 1.03742802 -1.03881598 -0.500955105 1.03742802 -1.03881598 -0.500955105 1.03742802 -1.03881598 -0.500955105 1.03742802 -1.0504353 -0.750632286 1.0481137 -1.0504353 -0.750632286 1.0481137 -1.0504353 -0.750632286 1.0481137 -1.0504353 -0.750632286 1.0481137 -0.992008865 0.747994184 1.06678236 -0.992008865 0.747994184 1.06678236 -0.992008865 0.747994184 1.06678236 -0.992008865 0.747994184 1.06678236 -1.00383949 0.498441368 1.02541745 -1.00383949 0.498441368 1.02541745 -1.00383949 0.498441368 1.02541745 -1.00383949 0.498441368 1.02541745 -1.00594759 0.248510316 0.999698818 -1.00594759 0.248510316 0.999698818 -1.00594759 0.248510316 0.999698818 -1.00594759 0.248510316 0.999698818 -1.0128746 -0.00131312234 1.00361073 -1.0128746 -0.00131312234 1.00361073 -1.0128746 -0.00131312234 1.00361073 -1.0128746 -0.00131312234 1.00361073 -1.02259493 -0.251058578 1.02018392 -1.02259493 -0.251058578 1.02018392 -1.02259493 -0.251058578 1.02018392 -1.02259493 -0.251058578 1.02018392 -1.03253603 -0.500795007 1.0363133 -1.03253603 -0.500795007 1.0363133 -1.03253603 -0.500795007 1.0363133 -1.03253603 -0.500795007 1.0363133 -1.04220617 -0.75052458 1.04435635 -1.04220617 -0.75052458 1.04435635 -1.04220617 -0.75052458 1.04435635 -1.04220617 -0.75052458 1.04435635 -0.995028734 0.748396933 1.06748474 -0.995028734 0.748396933 1.06748474 -0.995028734 0.748396933 1.06748474 -0.995028734 0.748396933 1.06748474 -1.00517988 0.498758644 1.02568376 -1.00517988 0.498758644 1.02568376 -1.00517988 0.498758644 1.02568376 -1.00517988 0.498758644 1.02568376 -1.00478709 0.248795792 0.999744534 -1.00478709 0.248795792 0.999744534 -1.00478709 0.248795792 0.999744534 -1.00478709 0.248795792 0.999744534 -1.01030612 -0.00105207891 1.00466442 -1.01030612 -0.00105207891 1.00466442 -1.01030612 -0.00105207891 1.00466442 -1.01030612 -0.00105207891 1.00466442 -1.01820767 -0.25084725 1.02081907 -1.01820767 -0.25084725 1.02081907 -1.01820767 -0.25084725 1.02081907 -1.01820767 -0.25084725 1.02081907 -1.02625549 -0.500635266 1.03520429 -1.02625549 -0.500635266 1.03520429 -1.02625549 -0.500635266 1.03520429 -1.02625549 -0.500635266 1.03520429 -1.03397501 -0.750417888 1.04056013 -1.03397501 -0.750417888 1.04056013 -1.03397501 -0.750417888 1.04056013 -1.03397501 -0.750417888 1.04056013 -0.99804908 0.748798549 1.0681994 -0.99804908 0.748798549 1.0681994 -0.99804908 0.748798549 1.0681994 -0.99804908 0.748798549 1.0681994 -1.00653052 0.49907282 1.02594805 -1.00653052 0.49907282 1.02594805 -1.00653052 0.49907282 1.02594805 -1.00653052 0.49907282 1.02594805 -1.0036248 0.249087498 0.999793112 -1.0036248 0.249087498 0.999793112 -1.0036248 0.249087498 0.999793112 -1.0036248 0.249087498 0.999793112 -1.00773799 -0.000790268823 1.00573647 -1.00773799 -0.000790268823 1.00573647 -1.00773799 -0.000790268823 1.00573647 -1.00773799 -0.000790268823 1.00573647 -1.0138216 -0.250635743 1.02148235 -1.0138216 -0.250635743 1.02148235 -1.0138216 -0.250635743 1.02148235 -1.0138216 -0.250635743 1.02148235 -1.01997578 -0.500475824 1.03410304 -1.01997578 -0.500475824 1.03410304 -1.01997578 -0.500475824 1.03410304 -1.01997578 -0.500475824 1.03410304 -1.02574241 -0.75031203 1.03672755 -1.02574241 -0.75031203 1.03672755 -1.02574241 -0.75031203 1.03672755 -1.02574241 -0.75031203 1.03672755 -1.00106955 0.749199629 1.06892705 -1.00106955 0.749199629 1.06892705 -1.00106955 0.749199629 1.06892705 -1.00106955 0.749199629 1.06892705 -1.00788021 0.499383479 1.02621472 -1.00788021 0.499383479 1.02621472 -1.00788021 0.499383479 1.02621472 -1.00788021 0.499383479 1.02621472 -1.00246155 0.249385417 0.999844611 -1.00246155 0.249385417 0.999844611 -1.00246155 0.249385417 0.999844611 -1.00246155 0.249385417 0.999844611 -1.00516987 -0.00052767765 1.00682747 -1.00516987 -0.00052767765 1.00682747 -1.00516987 -0.00052767765 1.00682747 -1.00516987 -0.00052767765 1.00682747 -1.00943613 -0.250424087 1.02217436 -1.00943613 -0.250424087 1.02217436 -1.00943613 -0.250424087 1.02217436 -1.00943613 -0.250424087 1.02217436 -1.01369631 -0.500316858 1.03301036 -1.01369631 -0.500316858 1.03301036 -1.01369631 -0.500316858 1.03301036 -1.01369631 -0.500316858 1.03301036 -1.01750863 -0.750207126 1.03286171 -1.01750863 -0.750207126 1.03286171 -1.01750863 -0.750207126 1.03286171 -1.01750863 -0.750207126 1.03286171 -1.00409317 0.749600053 1.06966698 -1.00409317 0.749600053 1.06966698 -1.00409317 0.749600053 1.06966698 -1.00409317 0.749600053 1.06966698 -1.00923777 0.499690711 1.02648067 -1.00923777 0.499690711 1.02648067 -1.00923777 0.499690711 1.02648067 -1.00923777 0.499690711 1.02648067 -1.00129795 0.249689639 0.999899447 -1.00129795 0.249689639 0.999899447 -1.00129795 0.249689639 0.999899447 -1.00129795 0.249689639 0.999899447 -1.00260186 -0.000264273142 1.00793684 -1.00260186 -0.000264273142 1.00793684 -1.00260186 -0.000264273142 1.00793684 -1.00260186 -0.000264273142 1.00793684 -1.00505149 -0.250212193 1.02289569 -1.00505149 -0.250212193 1.02289569 -1.00505149 -0.250212193 1.02289569 -1.00505149 -0.250212193 1.02289569 -1.00741708 -0.50015825 1.03192782 -1.00741708 -0.50015825 1.03192782 -1.00741708 -0.50015825 1.03192782 -1.00741708 -0.50015825 1.03192782 -1.00927341 -0.750103116 1.028965 -1.00927341 -0.750103116 1.028965 -1.00927341 -0.750103116 1.028965 -1.00927341 -0.750103116 1.028965 0.758653224 0.910530329 -0.990159273 0.757417142 0.910688281 -0.990209162 0.756180644 0.910829604 -0.990403712 0.754944742 0.910989404 -0.990407169 0.753708363 0.911130488 -0.990576982 0.75247246 0.911318004 -0.990292907 0.751236141 0.911415935 -0.990838349 0.517306209 0.918358862 -0.990644276 0.514833987 0.918062329 -0.990649879 0.512361526 0.917740285 -0.990834832 0.509889483 0.91742897 -0.990863085 0.507416964 0.917109787 -0.990903139 0.504944682 0.916778386 -0.991003036 0.502472341 0.916437924 -0.991128922 0.275959402 0.870657504 -0.985226214 0.27225095 0.869747162 -0.985248506 0.268542498 0.868837714 -0.985384822 0.264834076 0.867955923 -0.985381305 0.261125475 0.867071807 -0.985518515 0.257417053 0.866207242 -0.985595047 0.253708541 0.865359664 -0.985628843 0.0346124545 0.842478514 -0.98186177 0.0296680052 0.842280567 -0.982035816 0.0247232188 0.842097998 -0.982249558 0.019778531 0.841936827 -0.982449591 0.014833929 0.841787815 -0.982721567 0.00988932978 0.84167397 -0.982842565 0.00494461646 0.841567039 -0.983080864 -0.2067343 0.856926203 -0.98301816 -0.212915197 0.857639074 -0.983307123 -0.21909605 0.858361542 -0.983690977 -0.225276873 0.859104156 -0.98406899 -0.231457621 0.859870493 -0.984404147 -0.237638384 0.860655785 -0.984736502 -0.243819207 0.861452937 -0.985127091 -0.448081225 0.89731878 -0.986853659 -0.455498248 0.898668766 -0.987327754 -0.462915212 0.900021791 -0.987810135 -0.470332205 0.901378155 -0.988284469 -0.477749109 0.902736843 -0.988753557 -0.485166132 0.904097497 -0.989212215 -0.492583096 0.905452847 -0.989718795 -0.689428151 0.939318955 -0.990885317 -0.698081255 0.940426648 -0.991403341 -0.706734419 0.941496074 -0.991903782 -0.715387583 0.942524374 -0.992395759 -0.724040627 0.943509579 -0.992881 -0.732693791 0.944448471 -0.993369997 -0.741346896 0.945340395 -0.993852854 -1.0480088 -1.13140893 -0.753170311 -1.04859817 -1.10844612 -0.503103912 -1.04643643 -0.99137789 -0.252815783 -1.04752445 -0.873311639 -0.00258432887 -1.05239618 -0.82304579 0.247454986 -1.05871606 -0.846883118 0.497332722 -1.06453741 -0.911488473 0.747144878 -1.0426966 -1.1327585 -0.752720058 -1.04261315 -1.1095314 -0.502662301 -1.03979325 -0.992381454 -0.252415121 -1.04025221 -0.875090301 -0.00221830094 -1.04449284 -0.826235354 0.247812882 -1.05015826 -0.851713538 0.497705609 -1.05530274 -0.917690277 0.747542858 -1.0373894 -1.13413835 -0.75226897 -1.03663087 -1.11065781 -0.502220273 -1.03315187 -0.993436933 -0.252014071 -1.0329808 -0.876920223 -0.00185129372 -1.03658772 -0.829467595 0.2481727 -1.04160047 -0.856580555 0.498081177 -1.04606915 -0.92393595 0.747944117 -1.03208315 -1.13554978 -0.751817107 -1.0306493 -1.11182618 -0.50177753 -1.02651274 -0.994544983 -0.251612455 -1.0257107 -0.878801703 -0.00148327788 -1.02868414 -0.832741737 0.248534307 -1.03304327 -0.861481786 0.498459488 -1.03683543 -0.930221319 0.748348713 -1.02677703 -1.13699293 -0.751364172 -1.02467096 -1.11303699 -0.50133425 -1.019876 -0.995706618 -0.251210332 -1.01844239 -0.880735576 -0.00111417088 -1.02078104 -0.836056769 0.248897791 -1.02448571 -0.866414607 0.498840451 -1.02760196 -0.936542094 0.748756409 -1.02147675 -1.13846779 -0.750910461 -1.01869631 -1.11429107 -0.500890255 -1.01324153 -0.996922851 -0.250807583 -1.01117551 -0.882722139 -0.000743968238 -1.01287818 -0.839412391 0.249263242 -1.01592886 -0.871376753 0.499224156 -1.01836884 -0.942893922 0.749167621 -1.01617754 -1.13997555 -0.750455678 -1.01272368 -1.11558938 -0.500445545 -1.00660956 -0.998194575 -0.250404179 -1.00390995 -0.88476187 -0.000372600218 -1.00497711 -0.842807591 0.24963063 -1.00737286 -0.876365602 0.499610662 -1.0091356 -0.949272156 0.749582112 1.08802366 0.660748482 0.75000006 1.08802366 0.660748482 0.75000006 1.08802366 0.660748482 0.75000006 1.08802366 0.660748482 0.75000006 1.17004597 0.761980593 0.50000006 1.17004597 0.761980593 0.50000006 1.17004597 0.761980593 0.50000006 1.17004597 0.761980593 0.50000006 1.06934786 0.887792706 0.25000003 1.06934786 0.887792706 0.25000003 1.06934786 0.887792706 0.25000003 1.06934786 0.887792706 0.25000003 0.98342824 1.06386983 -0 0.98342824 1.06386983 -0 0.98342824 1.06386983 -0 0.98342824 1.06386983 -0 1.00000012 1.19796252 -0.25000003 1.00000012 1.19796252 -0.25000003 1.00000012 1.19796252 -0.25000003 1.00000012 1.19796252 -0.25000003 0.912974596 0.879258394 -0.50000006 0.912974596 0.879258394 -0.50000006 0.912974596 0.879258394 -0.50000006 0.912974596 0.879258394 -0.50000006 1.01090014 1.00451493 -0.75 1.01090014 1.00451493 -0.75 1.01090014 1.00451493 -0.75 1.01090014 1.00451493 -0.75 1.20374084 0.714816689 0.75000006 1.20374084 0.714816689 0.75000006 1.20374084 0.714816689 0.75000006 1.20374084 0.714816689 0.75000006 1.15378761 0.751166344 0.5 1.15378761 0.751166344 0.5 1.15378761 0.751166344 0.5 1.15378761 0.751166344 0.5 1 1 0.25000003 1 1 0.25000003 1 1 0.25000003 1 1 0.25000003 0.965309978 1.05612993 -0 0.965309978 1.05612993 -0 0.965309978 1.05612993 -0 0.965309978 1.05612993 -0 0.895925164 1.16839695 -0.25000003 0.895925164 1.16839695 -0.25000003 0.895925164 1.16839695 -0.25000003 0.895925164 1.16839695 -0.25000003 0.912974536 0.879258573 -0.5 0.912974536 0.879258573 -0.5 0.912974536 0.879258573 -0.5 0.912974536 0.879258573 -0.5 1.00689864 1.00957131 -0.75000006 1.00689864 1.00957131 -0.75000006 1.00689864 1.00957131 -0.75000006 1.00689864 1.00957131 -0.75000006 0.701859593 0.815739155 0.75 0.701859593 0.815739155 0.75 0.701859593 0.815739155 0.75 0.701859593 0.815739155 0.75 0.803410947 0.78338623 0.50000006 0.803410947 0.78338623 0.50000006 0.803410947 0.78338623 0.50000006 0.803410947 0.78338623 0.50000006 1 1 0.25000006 1 1 0.25000006 1 1 0.25000006 1 1 0.25000006 0.943870246 0.965309978 -0 0.943870246 0.965309978 -0 0.943870246 0.965309978 -0 0.943870246 0.965309978 -0 0.831603169 0.895925045 -0.25000006 0.831603169 0.895925045 -0.25000006 0.831603169 0.895925045 -0.25000006 0.831603169 0.895925045 -0.25000006 1.00000012 1.00000012 -0.50000006 1.00000012 1.00000012 -0.50000006 1.00000012 1.00000012 -0.50000006 1.00000012 1.00000012 -0.50000006 0.98909986 0.995485008 -0.75 0.98909986 0.995485008 -0.75 0.98909986 0.995485008 -0.75 0.98909986 0.995485008 -0.75 0.795067906 0.715671778 0.75000006 0.795067906 0.715671778 0.75000006 0.795067906 0.715671778 0.75000006 0.795067906 0.715671778 0.75000006 1.00000012 0.707478523 0.50000006 1.00000012 0.707478523 0.50000006 1.00000012 0.707478523 0.50000006 1.00000012 0.707478523 0.50000006 1 0.868092477 0.25000006 1 0.868092477 0.25000006 1 0.868092477 0.25000006 1 0.868092477 0.25000006 1 1.06598473 -0 1 1.06598473 -0 1 1.06598473 -0 1 1.06598473 -0 0.831603289 0.895925164 -0.25000003 0.831603289 0.895925164 -0.25000003 0.831603289 0.895925164 -0.25000003 0.831603289 0.895925164 -0.25000003 1.00000012 1.00000012 -0.50000006 1.00000012 1.00000012 -0.50000006 1.00000012 1.00000012 -0.50000006 1.00000012 1.00000012 -0.50000006 1.00000012 1.00000012 -0.75000006 1.00000012 1.00000012 -0.75000006 1.00000012 1.00000012 -0.75000006 1.00000012 1.00000012 -0.75000006 1.29367554 1.1912967 0.75 1.29367554 1.1912967 0.75 1.29367554 1.1912967 0.75 1.29367554 1.1912967 0.75 1.15378785 0.751166403 0.50000006 1.15378785 0.751166403 0.50000006 1.15378785 0.751166403 0.50000006 1.15378785 0.751166403 0.50000006 0.973121643 0.870859981 0.25000006 0.973121643 0.870859981 0.25000006 0.973121643 0.870859981 0.25000006 0.973121643 0.870859981 0.25000006 1.06096184 1.02525127 -0 1.06096184 1.02525127 -0 1.06096184 1.02525127 -0 1.06096184 1.02525127 -0 1.18476665 1.07106602 -0.25000003 1.18476665 1.07106602 -0.25000003 1.18476665 1.07106602 -0.25000003 1.18476665 1.07106602 -0.25000003 0.921752691 1.12660706 -0.5 0.921752691 1.12660706 -0.5 0.921752691 1.12660706 -0.5 0.921752691 1.12660706 -0.5 1.00980735 0.993441582 -0.75 1.00980735 0.993441582 -0.75 1.00980735 0.993441582 -0.75 1.00980735 0.993441582 -0.75 0.865875244 1.32380617 0.75 0.865875244 1.32380617 0.75 0.865875244 1.32380617 0.75 0.865875244 1.32380617 0.75 0.751166344 0.846212268 0.50000006 0.751166344 0.846212268 0.50000006 0.751166344 0.846212268 0.50000006 0.751166344 0.846212268 0.50000006 1.01342559 0.868777573 0.25 1.01342559 0.868777573 0.25 1.01342559 0.868777573 0.25 1.01342559 0.868777573 0.25 0.961418271 0.946470618 -0 0.961418271 0.946470618 -0 0.961418271 0.946470618 -0 0.961418271 0.946470618 -0 0.884249568 0.839404702 -0.25000006 0.884249568 0.839404702 -0.25000006 0.884249568 0.839404702 -0.25000006 0.884249568 0.839404702 -0.25000006 0.921752691 1.12660706 -0.5 0.921752691 1.12660706 -0.5 0.921752691 1.12660706 -0.5 0.921752691 1.12660706 -0.5 1 1.01179826 -0.75 1 1.01179826 -0.75 1 1.01179826 -0.75 1 1.01179826 -0.75 1.18426108 0.701859713 0.75 1.18426108 0.701859713 0.75 1.18426108 0.701859713 0.75 1.18426108 0.701859713 0.75 1.00000012 0.707478523 0.50000006 1.00000012 0.707478523 0.50000006 1.00000012 0.707478523 0.50000006 1.00000012 0.707478523 0.50000006 1.02914131 0.871351719 0.25000003 1.02914131 0.871351719 0.25000003 1.02914131 0.871351719 0.25000003 1.02914131 0.871351719 0.25000003 0.965309978 1.05612993 -0 0.965309978 1.05612993 -0 0.965309978 1.05612993 -0 0.965309978 1.05612993 -0 1 0.802037656 -0.25000003 1 0.802037656 -0.25000003 1 0.802037656 -0.25000003 1 0.802037656 -0.25000003 1.07824755 0.873393178 -0.50000006 1.07824755 0.873393178 -0.50000006 1.07824755 0.873393178 -0.50000006 1.07824755 0.873393178 -0.50000006 0.989566982 0.994490921 -0.75000006 0.989566982 0.994490921 -0.75000006 0.989566982 0.994490921 -0.75000006 0.989566982 0.994490921 -0.75000006 1.09421992 -0.539318323 0.811560631 1.09421992 -0.539318323 0.811560631 1.09421992 -0.539318323 0.811560631 1.09421992 -0.539318323 0.811560631 0.843379438 -0.322101057 1.03442907 0.843379438 -0.322101057 1.03442907 0.843379438 -0.322101057 1.03442907 0.843379438 -0.322101057 1.03442907 0.938463628 -0.0653909147 1 0.938463628 -0.0653909147 1 0.938463628 -0.0653909147 1 0.938463628 -0.0653909147 1 1.02236831 0.15005061 0.955263674 1.02236831 0.15005061 0.955263674 1.02236831 0.15005061 0.955263674 1.02236831 0.15005061 0.955263674 1.07969344 0.292067289 0.924747944 1.07969344 0.292067289 0.924747944 1.07969344 0.292067289 0.924747944 1.07969344 0.292067289 0.924747944 1.00101817 0.50000006 0.998687029 1.00101817 0.50000006 0.998687029 1.00101817 0.50000006 0.998687029 1.00101817 0.50000006 0.998687029 0.982163906 0.665289879 1.13223267 0.982163906 0.665289879 1.13223267 0.982163906 0.665289879 1.13223267 0.982163906 0.665289879 1.13223267 0.896192729 -0.563201368 1.2076149 0.896192729 -0.563201368 1.2076149 0.896192729 -0.563201368 1.2076149 0.896192729 -0.563201368 1.2076149 0.924261332 -0.330643266 1.15147734 0.924261332 -0.330643266 1.15147734 0.924261332 -0.330643266 1.15147734 0.924261332 -0.330643266 1.15147734 1.13759947 -0.112400517 1 1.13759947 -0.112400517 1 1.13759947 -0.112400517 1 1.13759947 -0.112400517 1 1.03869486 0.139998794 1.06260943 1.03869486 0.139998794 1.06260943 1.03869486 0.139998794 1.06260943 1.03869486 0.139998794 1.06260943 0.962873876 0.333016813 1.07425261 0.962873876 0.333016813 1.07425261 0.962873876 0.333016813 1.07425261 0.962873876 0.333016813 1.07425261 1.00134814 0.5 1.00097179 1.00134814 0.5 1.00097179 1.00134814 0.5 1.00097179 1.00134814 0.5 1.00097179 0.871784329 0.75000006 0.907587409 0.871784329 0.75000006 0.907587409 0.871784329 0.75000006 0.907587409 0.871784329 0.75000006 0.907587409 1.09421968 -0.539318264 0.811560512 1.09421968 -0.539318264 0.811560512 1.09421968 -0.539318264 0.811560512 1.09421968 -0.539318264 0.811560512 1.10965586 -0.302542746 0.920315385 1.10965586 -0.302542746 0.920315385 1.10965586 -0.302542746 0.920315385 1.10965586 -0.302542746 0.920315385 1.13759959 -0.112400502 1 1.13759959 -0.112400502 1 1.13759959 -0.112400502 1 1.13759959 -0.112400502 1 1.08315349 0 1.13454521 1.08315349 0 1.13454521 1.08315349 0 1.13454521 1.08315349 0 1.13454521 1.06172264 0.25000006 1.09986925 1.06172264 0.25000006 1.09986925 1.06172264 0.25000006 1.09986925 1.06172264 0.25000006 1.09986925 1.00000012 0.50000006 1.00000012 1.00000012 0.50000006 1.00000012 1.00000012 0.50000006 1.00000012 1 0.75 1 1 0.75 1 1 0.75 1 0.758291304 -0.75000006 0.825786293 0.758291304 -0.75000006 0.825786293 0.758291304 -0.75000006 0.825786293 0.758291304 -0.75000006 0.825786293 1.00000012 -0.260493398 1.00000012 1.00000012 -0.260493398 1.00000012 1.00000012 -0.260493398 1.00000012 1.00000012 -0.260493398 1.00000012 0.938463628 -0.0653908849 1 0.938463628 -0.0653908849 1 0.938463628 -0.0653908849 1 0.938463628 -0.0653908849 1 0.888158917 0.111841068 1 0.888158917 0.111841068 1 0.888158917 0.111841068 1 0.888158917 0.111841068 1 1.06172276 0.25000003 1.09986949 1.06172276 0.25000003 1.09986949 1.06172276 0.25000003 1.09986949 1.06172276 0.25000003 1.09986949 1.00000012 0.50000006 1.00000012 1.00000012 0.50000006 1.00000012 1.00000012 0.50000006 1.00000012 1.00000012 0.50000006 1.00000012 1.12821591 0.75000006 1.09241283 1.12821591 0.75000006 1.09241283 1.12821591 0.75000006 1.09241283 1.12821591 0.75000006 1.09241283 1.16262221 -0.75 1.24965501 1.16262221 -0.75 1.24965501 1.16262221 -0.75 1.24965501 1.16262221 -0.75 1.24965501 1.05859399 -0.288005173 1.09480715 1.05859399 -0.288005173 1.09480715 1.05859399 -0.288005173 1.09480715 1.05859399 -0.288005173 1.09480715 1.03257155 -0.0609353334 0.967428505 1.03257155 -0.0609353334 0.967428505 1.03257155 -0.0609353334 0.967428505 1.03257155 -0.0609353334 0.967428505 1.03678775 0.0888135135 0.874398708 1.03678775 0.0888135135 0.874398708 1.03678775 0.0888135135 0.874398708 1.03678775 0.0888135135 0.874398708 0.957853675 0.25000003 0.890422463 0.957853675 0.25000003 0.890422463 0.957853675 0.25000003 0.890422463 0.957853675 0.25000003 0.890422463 0.999474645 0.501174986 1.00105107 0.999474645 0.501174986 1.00105107 0.999474645 0.501174986 1.00105107 0.999474645 0.501174986 1.00105107 1.00805283 0.66790092 0.865187943 1.00805283 0.66790092 0.865187943 1.00805283 0.66790092 0.865187943 1.00805283 0.66790092 0.865187943 1.27526903 -0.75 0.88597995 1.27526903 -0.75 0.88597995 1.27526903 -0.75 0.88597995 1.27526903 -0.75 0.88597995 1.07573867 -0.330643326 0.848522723 1.07573867 -0.330643326 0.848522723 1.07573867 -0.330643326 0.848522723 1.07573867 -0.330643326 0.848522723 0.892688751 -0.0899889022 1.02734995 0.892688751 -0.0899889022 1.02734995 0.892688751 -0.0899889022 1.02734995 0.892688751 -0.0899889022 1.02734995 1.12831211 0 1.09248209 1.12831211 0 1.09248209 1.12831211 0 1.09248209 1.12831211 0 1.09248209 1.09524274 0.25000006 1.06864715 1.09524274 0.25000006 1.06864715 1.09524274 0.25000006 1.06864715 1.09524274 0.25000006 1.06864715 0.999474645 0.501174986 1.00105107 0.999474645 0.501174986 1.00105107 0.999474645 0.501174986 1.00105107 0.999474645 0.501174986 1.00105107 0.850061834 0.700020611 1 0.850061834 0.700020611 1 0.850061834 0.700020611 1 0.850061834 0.700020611 1 0.746549606 -0.75 1.15664124 0.746549606 -0.75 1.15664124 0.746549606 -0.75 1.15664124 0.746549606 -0.75 1.15664124 0.830643356 -0.330643237 1.00000012 0.830643356 -0.330643237 1.00000012 0.830643356 -0.330643237 1.00000012 0.830643356 -0.330643237 1.00000012 0.888293684 -0.101925164 1.0588454 0.888293684 -0.101925164 1.0588454 0.888293684 -0.101925164 1.0588454 0.888293684 -0.101925164 1.0588454 0.949983239 0.111841127 1.10003388 0.949983239 0.111841127 1.10003388 0.949983239 0.111841127 1.10003388 0.949983239 0.111841127 1.10003388 1.11740327 0.25000003 1 1.11740327 0.25000003 1 1.11740327 0.25000003 1 1.11740327 0.25000003 1 1.0014137 0.50000006 0.999126494 1.0014137 0.50000006 0.999126494 1.0014137 0.50000006 0.999126494 1.0014137 0.50000006 0.999126494 1.07379973 0.75000006 1.13976049 1.07379973 0.75000006 1.13976049 1.07379973 0.75000006 1.13976049 1.07379973 0.75000006 1.13976049 -12.9281301 -0.884424806 1.68830144 -12.7371664 -0.645459473 1.79961097 -12.6127081 -0.421170801 1.875144 -12.5634508 -0.198100179 1.91533673 -12.6151247 0.0213832334 1.89211798 -12.774251 0.188893989 1.79337275 -13.0040054 0.287963003 1.66005588 -13.3819742 -0.900293887 2.24807405 -13.2338085 -0.654226184 2.31250238 -13.1422558 -0.437613815 2.35196781 -13.0958843 -0.237244472 2.38476372 -13.1364174 -0.0358362868 2.3850491 -13.2850828 0.121026292 2.3337009 -13.4963465 0.219687998 2.25976539 -13.7399836 -0.834527075 2.84222054 -13.5074968 -0.722361565 2.90473914 -13.3400879 -0.537988245 2.96496487 -13.2599258 -0.29739365 3.0123837 -13.3142748 -0.0440420248 3.02227139 -13.5130453 0.13061744 2.98622966 -13.7946348 0.173666954 2.92787981 -13.7743311 -1.02478051 3.47924805 -13.5196285 -0.879295528 3.51125288 -13.348053 -0.64757967 3.54996514 -13.2716637 -0.363664925 3.58997345 -13.3147373 -0.0665686354 3.6232543 -13.4877186 0.182001829 3.64206505 -13.7591562 0.332582831 3.64648151 -13.9102192 -0.918915689 4.15131712 -13.7460527 -0.782626092 4.15322876 -13.6182117 -0.628518283 4.15979004 -13.5020037 -0.441835016 4.1704154 -13.4179411 -0.184102237 4.19622946 -13.4335175 0.135914564 4.24469042 -13.6081305 0.432443887 4.30966187 -13.822916 -0.926853657 4.87209415 -13.756918 -0.746926785 4.89080238 -13.741807 -0.63243854 4.91696501 -13.724637 -0.567207932 4.92251778 -13.6635361 -0.460114062 4.90631247 -13.6068411 -0.232071579 4.91286659 -13.6606884 0.0672397763 4.98105097 -13.4383993 -1.20562577 5.45997 -13.2647219 -1.03805363 5.40232325 -13.2281837 -0.8347224 5.44440508 -13.3179016 -0.714578807 5.54143095 -13.4258022 -0.678520143 5.60236073 -13.4770193 -0.573982179 5.62236309 -13.4967346 -0.275086313 5.6708231 -2.55276752 0.916810393 0.653191388 -2.55024862 0.997716308 0.427644759 -2.54637313 1.04032183 0.179621279 -2.54217911 1.0543015 -0.0633037761 -2.53730178 1.05926263 -0.306243598 -2.53270054 1.06242871 -0.557128251 -2.53029776 1.05210996 -0.800686836 -4.1549902 1.10162115 0.609100342 -4.14134312 1.12269032 0.35470432 -4.13073635 1.06615007 0.104816288 -4.1231699 0.964480579 -0.129417837 -4.11691046 0.861294806 -0.357535601 -4.10938931 0.726114154 -0.566662192 -4.1006918 0.584412694 -0.707299113 -5.67813158 0.575335383 0.328979969 -5.67210245 0.561886072 0.173966646 -5.66806889 0.56517005 -0.00166840106 -5.66495943 0.576599598 -0.194960877 -5.66346359 0.581012905 -0.389849097 -5.66458035 0.612857103 -0.575684547 -5.66794729 0.638080478 -0.748476088 -7.20367861 0.807198465 0.39489162 -7.19228983 0.88911891 0.194073513 -7.18006897 0.949983597 -0.0246437956 -7.17285204 1.00669909 -0.256115347 -7.17397547 1.0403564 -0.498405933 -7.17906094 0.978459239 -0.731719375 -7.18348694 0.843415082 -0.928149879 -8.65399837 0.665643811 0.331839144 -8.62606144 0.69860363 0.123647898 -8.60892487 0.736704409 -0.090891391 -8.60152817 0.780123651 -0.316564232 -8.60474586 0.820023954 -0.552701056 -8.61616516 0.848714709 -0.798063397 -8.63508892 0.845922947 -1.05199111 -10.0592394 0.918170631 0.482008964 -9.99067497 0.838693738 0.164530516 -9.95344162 0.726523638 -0.119058087 -9.9405899 0.648539364 -0.37298122 -9.9491291 0.62249577 -0.616997302 -9.98227501 0.65469873 -0.87294066 -10.046999 0.719624519 -1.15926778 -11.3685541 0.423253894 0.400861144 -11.2473202 0.712000132 0.16938746 -11.1860943 0.993932188 -0.107525818 -11.1661558 1.13897514 -0.419375151 -11.179285 1.15075088 -0.747868836 -11.2324743 1.01721847 -1.07633567 -11.3449841 0.741592467 -1.36607468 -2.53398132 0.734700918 -1.20555723 -2.54269242 0.48406744 -1.23289979 -2.55804205 0.229690716 -1.14000642 -2.574754 -0.0127224224 -1.03971136 -2.58888626 -0.2549465 -1.02509177 -2.60165095 -0.501003981 -1.06037235 -2.61473775 -0.738574386 -1.08146834 -4.11974669 0.512739658 -0.703340411 -4.13677168 0.380980164 -0.766092479 -4.14984846 0.187813029 -0.81666553 -4.15899038 -0.0281326193 -0.890192091 -4.16680145 -0.250093728 -0.987051427 -4.17701769 -0.474646211 -1.05333793 -4.18945837 -0.681731701 -1.04439974 -5.67607212 0.485177159 -0.950804293 -5.68255568 0.319726884 -0.948669016 -5.6913166 0.141762152 -0.930696368 -5.70220518 -0.0430246182 -0.904526591 -5.7141099 -0.224396959 -0.897603154 -5.72447443 -0.399205208 -0.925500691 -5.734056 -0.577947199 -0.970253527 -7.17517662 0.511206329 -1.17992353 -7.16305113 0.335117489 -1.25870836 -7.15552616 0.141013041 -1.28943038 -7.15829849 -0.0567588843 -1.28972089 -7.1749115 -0.250946224 -1.26812482 -7.20048809 -0.432305157 -1.21600103 -7.22814178 -0.581451058 -1.11831367 -8.59918594 0.582096636 -1.44751716 -8.55980968 0.355641335 -1.50713444 -8.54373264 0.132298216 -1.50064862 -8.54881096 -0.071107775 -1.45611918 -8.57312965 -0.254288286 -1.4036386 -8.6082325 -0.435574889 -1.3691951 -8.65235043 -0.647436976 -1.35203469 -9.96235085 0.634826839 -1.70901418 -9.84253883 0.41973564 -1.85424328 -9.79590225 0.152047023 -1.85521686 -9.79646397 -0.0853134692 -1.80605745 -9.83184719 -0.295347989 -1.74883413 -9.90065289 -0.502277792 -1.6922859 -10.016469 -0.709591687 -1.60751891 -11.2521524 0.463032305 -1.81685793 -11.064187 0.303368658 -1.94520497 -10.9721556 0.0942032188 -1.98264802 -10.9488792 -0.0985190123 -1.98899662 -10.9842386 -0.291449934 -1.98094666 -11.0947886 -0.484719068 -1.91939664 -11.2897415 -0.640882552 -1.79815304 -2.63286734 -0.696291029 0.641650915 -2.62021613 -0.489460349 0.583309412 -2.60927391 -0.257917792 0.600510955 -2.6003871 -0.015838651 0.681066155 -2.59097052 0.226054519 0.763363481 -2.57826257 0.466213882 0.794058263 -2.56432676 0.686225474 0.797569156 -4.23778915 -0.752805293 0.962523401 -4.22375917 -0.515997112 1.05271852 -4.20720434 -0.268037379 1.07372701 -4.19236851 -0.0328942947 1.05084026 -4.18062067 0.200127542 1.01130748 -4.17256021 0.441595435 0.988522887 -4.16997433 0.688636839 0.973755836 -5.75042343 -0.572551489 0.535790503 -5.74041891 -0.442015737 0.668810129 -5.72725058 -0.258280605 0.7847417 -5.71559191 -0.0482327901 0.856708169 -5.709517 0.170266747 0.870662034 -5.70619917 0.377821505 0.801038861 -5.69953775 0.529169023 0.647665322 -7.24688482 -0.54814893 0.507973969 -7.22342682 -0.438256353 0.66746372 -7.19925737 -0.265375227 0.76763016 -7.18345308 -0.0655031204 0.816575289 -7.18209934 0.143267095 0.829570591 -7.19093513 0.3494533 0.796133339 -7.20224571 0.535103083 0.704607606 -8.68246365 -0.562903285 0.548175216 -8.62693405 -0.45365566 0.711175978 -8.58624649 -0.288371772 0.837096393 -8.56531715 -0.0861297697 0.901091158 -8.56911373 0.127898023 0.899519145 -8.59402466 0.328710914 0.828265607 -8.63623524 0.49619022 0.702760637 -10.0486441 -0.674530089 0.741773725 -9.93244648 -0.497356981 0.852333426 -9.8685379 -0.296359032 0.891181827 -9.84633541 -0.104343258 0.886846244 -9.85843372 0.0821193159 0.885300815 -9.90503788 0.302562922 0.909855187 -10.0015726 0.584188163 0.914554596 -11.2670431 -0.853110492 1.01788282 -11.0832853 -0.599038064 1.12599492 -10.9814415 -0.353248328 1.16990137 -10.9542732 -0.131777287 1.15274131 -10.9888706 0.0657177195 1.11406469 -11.0909233 0.257644653 1.04555881 -11.2833586 0.367125303 0.873128772 -16.7132072 -0.949170947 0.544817328 -16.7132072 -0.949170947 0.544817328 -16.7132072 -0.949170947 0.544817328 -16.7132072 -0.949170947 0.544817328 -16.8284798 -0.705433011 0.552323461 -16.8284798 -0.705433011 0.552323461 -16.8284798 -0.705433011 0.552323461 -16.8284798 -0.705433011 0.552323461 -16.8789749 -0.466138184 0.562762916 -16.8789749 -0.466138184 0.562762916 -16.8789749 -0.466138184 0.562762916 -16.8789749 -0.466138184 0.562762916 -16.8896103 -0.242989868 0.57442975 -16.8896103 -0.242989868 0.57442975 -16.8896103 -0.242989868 0.57442975 -16.8896103 -0.242989868 0.57442975 -16.8702984 -0.0288562626 0.586482525 -16.8702984 -0.0288562626 0.586482525 -16.8702984 -0.0288562626 0.586482525 -16.8702984 -0.0288562626 0.586482525 -16.8051815 0.180319145 0.599381685 -16.8051815 0.180319145 0.599381685 -16.8051815 0.180319145 0.599381685 -16.8051815 0.180319145 0.599381685 -16.6629333 0.358369529 0.613729656 -16.6629333 0.358369529 0.613729656 -16.6629333 0.358369529 0.613729656 -16.6629333 0.358369529 0.613729656 -16.6810341 -0.920887411 0.119630985 -16.6810341 -0.920887411 0.119630985 -16.6810341 -0.920887411 0.119630985 -16.6810341 -0.920887411 0.119630985 -16.8162766 -0.697518885 0.123245254 -16.8162766 -0.697518885 0.123245254 -16.8162766 -0.697518885 0.123245254 -16.8162766 -0.697518885 0.123245254 -16.8886528 -0.464560717 0.129449427 -16.8886528 -0.464560717 0.129449427 -16.8886528 -0.464560717 0.129449427 -16.8886528 -0.464560717 0.129449427 -16.9050255 -0.234238401 0.137708738 -16.9050255 -0.234238401 0.137708738 -16.9050255 -0.234238401 0.137708738 -16.9050255 -0.234238401 0.137708738 -16.8817596 -0.0109779276 0.147123426 -16.8817596 -0.0109779276 0.147123426 -16.8817596 -0.0109779276 0.147123426 -16.8817596 -0.0109779276 0.147123426 -16.8192177 0.210073546 0.157484159 -16.8192177 0.210073546 0.157484159 -16.8192177 0.210073546 0.157484159 -16.8192177 0.210073546 0.157484159 -16.6837997 0.408862472 0.169468373 -16.6837997 0.408862472 0.169468373 -16.6837997 0.408862472 0.169468373 -16.6837997 0.408862472 0.169468373 -16.553957 -0.793069184 -0.272331178 -16.553957 -0.793069184 -0.272331178 -16.553957 -0.793069184 -0.272331178 -16.553957 -0.793069184 -0.272331178 -16.6875496 -0.616372705 -0.271059692 -16.6875496 -0.616372705 -0.271059692 -16.6875496 -0.616372705 -0.271059692 -16.6875496 -0.616372705 -0.271059692 -16.7663937 -0.42183727 -0.267637134 -16.7663937 -0.42183727 -0.267637134 -16.7663937 -0.42183727 -0.267637134 -16.7663937 -0.42183727 -0.267637134 -16.790699 -0.221469656 -0.262325376 -16.790699 -0.221469656 -0.262325376 -16.790699 -0.221469656 -0.262325376 -16.790699 -0.221469656 -0.262325376 -16.7830925 -0.0215593316 -0.255854487 -16.7830925 -0.0215593316 -0.255854487 -16.7830925 -0.0215593316 -0.255854487 -16.7830925 -0.0215593316 -0.255854487 -16.7545967 0.191871464 -0.248525411 -16.7545967 0.191871464 -0.248525411 -16.7545967 0.191871464 -0.248525411 -16.7545967 0.191871464 -0.248525411 -16.6676998 0.414994895 -0.23961322 -16.6676998 0.414994895 -0.23961322 -16.6676998 0.414994895 -0.23961322 -16.6676998 0.414994895 -0.23961322 -16.539114 -0.778057456 -0.655615747 -16.539114 -0.778057456 -0.655615747 -16.539114 -0.778057456 -0.655615747 -16.539114 -0.778057456 -0.655615747 -16.6879005 -0.615641296 -0.655981779 -16.6879005 -0.615641296 -0.655981779 -16.6879005 -0.615641296 -0.655981779 -16.6879005 -0.615641296 -0.655981779 -16.798563 -0.429915637 -0.654535234 -16.798563 -0.429915637 -0.654535234 -16.798563 -0.429915637 -0.654535234 -16.798563 -0.429915637 -0.654535234 -16.8582287 -0.221418768 -0.651358068 -16.8582287 -0.221418768 -0.651358068 -16.8582287 -0.221418768 -0.651358068 -16.8582287 -0.221418768 -0.651358068 -16.8713608 0.00252566114 -0.646599531 -16.8713608 0.00252566114 -0.646599531 -16.8713608 0.00252566114 -0.646599531 -16.8713608 0.00252566114 -0.646599531 -16.8421726 0.24414736 -0.640349388 -16.8421726 0.24414736 -0.640349388 -16.8421726 0.24414736 -0.640349388 -16.8421726 0.24414736 -0.640349388 -16.7434368 0.493025392 -0.632491767 -16.7434368 0.493025392 -0.632491767 -16.7434368 0.493025392 -0.632491767 -16.7434368 0.493025392 -0.632491767 -16.5889893 -0.826439142 -1.04152894 -16.5889893 -0.826439142 -1.04152894 -16.5889893 -0.826439142 -1.04152894 -16.5889893 -0.826439142 -1.04152894 -16.7650032 -0.66161263 -1.04266584 -16.7650032 -0.66161263 -1.04266584 -16.7650032 -0.66161263 -1.04266584 -16.7650032 -0.66161263 -1.04266584 -16.9140167 -0.464864761 -1.04194736 -16.9140167 -0.464864761 -1.04194736 -16.9140167 -0.464864761 -1.04194736 -16.9140167 -0.464864761 -1.04194736 -17.0025005 -0.227267101 -1.03977966 -17.0025005 -0.227267101 -1.03977966 -17.0025005 -0.227267101 -1.03977966 -17.0025005 -0.227267101 -1.03977966 -17.0095978 0.0334645994 -1.03632879 -17.0095978 0.0334645994 -1.03632879 -17.0095978 0.0334645994 -1.03632879 -17.0095978 0.0334645994 -1.03632879 -16.9367313 0.294007629 -1.03155434 -16.9367313 0.294007629 -1.03155434 -16.9367313 0.294007629 -1.03155434 -16.9367313 0.294007629 -1.03155434 -16.7883472 0.534980178 -1.02543414 -16.7883472 0.534980178 -1.02543414 -16.7883472 0.534980178 -1.02543414 -16.7883472 0.534980178 -1.02543414 -16.6671448 -0.901405632 -1.44530988 -16.6671448 -0.901405632 -1.44530988 -16.6671448 -0.901405632 -1.44530988 -16.6671448 -0.901405632 -1.44530988 -16.8558903 -0.715451241 -1.44695842 -16.8558903 -0.715451241 -1.44695842 -16.8558903 -0.715451241 -1.44695842 -16.8558903 -0.715451241 -1.44695842 -16.9840775 -0.486294657 -1.44734228 -16.9840775 -0.486294657 -1.44734228 -16.9840775 -0.486294657 -1.44734228 -16.9840775 -0.486294657 -1.44734228 -17.0197296 -0.229026049 -1.44700849 -17.0197296 -0.229026049 -1.44700849 -17.0197296 -0.229026049 -1.44700849 -17.0197296 -0.229026049 -1.44700849 -16.9546947 0.0193592533 -1.44589913 -16.9546947 0.0193592533 -1.44589913 -16.9546947 0.0193592533 -1.44589913 -16.9546947 0.0193592533 -1.44589913 -16.8165207 0.228848189 -1.44338381 -16.8165207 0.228848189 -1.44338381 -16.8165207 0.228848189 -1.44338381 -16.8165207 0.228848189 -1.44338381 -16.6425781 0.399834156 -1.43890667 -16.6425781 0.399834156 -1.43890667 -16.6425781 0.399834156 -1.43890667 -16.6425781 0.399834156 -1.43890667 -16.6635227 -0.891636491 -1.88741493 -16.6635227 -0.891636491 -1.88741493 -16.6635227 -0.891636491 -1.88741493 -16.6635227 -0.891636491 -1.88741493 -16.8410225 -0.703897357 -1.89005017 -16.8410225 -0.703897357 -1.89005017 -16.8410225 -0.703897357 -1.89005017 -16.8410225 -0.703897357 -1.89005017 -16.9149666 -0.465171874 -1.89268064 -16.9149666 -0.465171874 -1.89268064 -16.9149666 -0.465171874 -1.89268064 -16.9149666 -0.465171874 -1.89268064 -16.8732643 -0.225103453 -1.89519453 -16.8732643 -0.225103453 -1.89519453 -16.8732643 -0.225103453 -1.89519453 -16.8732643 -0.225103453 -1.89519453 -16.7415924 -0.0321427621 -1.89656329 -16.7415924 -0.0321427621 -1.89656329 -16.7415924 -0.0321427621 -1.89656329 -16.7415924 -0.0321427621 -1.89656329 -16.5771389 0.0981163979 -1.89533591 -16.5771389 0.0981163979 -1.89533591 -16.5771389 0.0981163979 -1.89533591 -16.5771389 0.0981163979 -1.89533591 -16.4269485 0.196268499 -1.89078784 -16.4269485 0.196268499 -1.89078784 -16.4269485 0.196268499 -1.89078784 -16.4269485 0.196268499 -1.89078784 -13.7985182 -0.87116468 -2.70804667 -13.7985182 -0.87116468 -2.70804667 -13.7985182 -0.87116468 -2.70804667 -13.7985182 -0.87116468 -2.70804667 -14.2973633 -1.11216581 -2.79538035 -14.2973633 -1.11216581 -2.79538035 -14.2973633 -1.11216581 -2.79538035 -14.2973633 -1.11216581 -2.79538035 -14.7756033 -1.26906192 -2.84505868 -14.7756033 -1.26906192 -2.84505868 -14.7756033 -1.26906192 -2.84505868 -14.7756033 -1.26906192 -2.84505868 -15.2069521 -1.13008857 -2.87714958 -15.2069521 -1.13008857 -2.87714958 -15.2069521 -1.13008857 -2.87714958 -15.2069521 -1.13008857 -2.87714958 -15.5645781 -1.03464413 -2.90326476 -15.5645781 -1.03464413 -2.90326476 -15.5645781 -1.03464413 -2.90326476 -15.5645781 -1.03464413 -2.90326476 -15.8913403 -1.09836483 -2.91975045 -15.8913403 -1.09836483 -2.91975045 -15.8913403 -1.09836483 -2.91975045 -15.8913403 -1.09836483 -2.91975045 -16.1859169 -1.08873916 -2.9306798 -16.1859169 -1.08873916 -2.9306798 -16.1859169 -1.08873916 -2.9306798 -16.1859169 -1.08873916 -2.9306798 -14.1363707 -0.735826194 -3.3613534 -14.1363707 -0.735826194 -3.3613534 -14.1363707 -0.735826194 -3.3613534 -14.1363707 -0.735826194 -3.3613534 -14.500452 -0.957704186 -3.42844296 -14.500452 -0.957704186 -3.42844296 -14.500452 -0.957704186 -3.42844296 -14.500452 -0.957704186 -3.42844296 -14.8805532 -1.16287792 -3.46711516 -14.8805532 -1.16287792 -3.46711516 -14.8805532 -1.16287792 -3.46711516 -14.8805532 -1.16287792 -3.46711516 -15.2593489 -1.28990841 -3.49275041 -15.2593489 -1.28990841 -3.49275041 -15.2593489 -1.28990841 -3.49275041 -15.2593489 -1.28990841 -3.49275041 -15.6242924 -1.38031542 -3.51228738 -15.6242924 -1.38031542 -3.51228738 -15.6242924 -1.38031542 -3.51228738 -15.6242924 -1.38031542 -3.51228738 -15.9795828 -1.44122493 -3.52588463 -15.9795828 -1.44122493 -3.52588463 -15.9795828 -1.44122493 -3.52588463 -15.9795828 -1.44122493 -3.52588463 -16.3123531 -1.39474928 -3.53624368 -16.3123531 -1.39474928 -3.53624368 -16.3123531 -1.39474928 -3.53624368 -16.3123531 -1.39474928 -3.53624368 -14.3343372 -0.857402682 -4.07447624 -14.3343372 -0.857402682 -4.07447624 -14.3343372 -0.857402682 -4.07447624 -14.3343372 -0.857402682 -4.07447624 -14.6612778 -0.897227705 -4.099473 -14.6612778 -0.897227705 -4.099473 -14.6612778 -0.897227705 -4.099473 -14.6612778 -0.897227705 -4.099473 -14.9900684 -0.962297678 -4.12456751 -14.9900684 -0.962297678 -4.12456751 -14.9900684 -0.962297678 -4.12456751 -14.9900684 -0.962297678 -4.12456751 -15.3157434 -1.07863188 -4.14711952 -15.3157434 -1.07863188 -4.14711952 -15.3157434 -1.07863188 -4.14711952 -15.3157434 -1.07863188 -4.14711952 -15.6414738 -1.19580376 -4.16467285 -15.6414738 -1.19580376 -4.16467285 -15.6414738 -1.19580376 -4.16467285 -15.6414738 -1.19580376 -4.16467285 -15.9714127 -1.29602361 -4.1772542 -15.9714127 -1.29602361 -4.1772542 -15.9714127 -1.29602361 -4.1772542 -15.9714127 -1.29602361 -4.1772542 -16.2942562 -1.30257583 -4.18733454 -16.2942562 -1.30257583 -4.18733454 -16.2942562 -1.30257583 -4.18733454 -16.2942562 -1.30257583 -4.18733454 -14.329771 -1.29311728 -4.7989502 -14.329771 -1.29311728 -4.7989502 -14.329771 -1.29311728 -4.7989502 -14.329771 -1.29311728 -4.7989502 -14.686512 -1.27916837 -4.79477024 -14.686512 -1.27916837 -4.79477024 -14.686512 -1.27916837 -4.79477024 -14.686512 -1.27916837 -4.79477024 -15.0373831 -1.19590807 -4.80390263 -15.0373831 -1.19590807 -4.80390263 -15.0373831 -1.19590807 -4.80390263 -15.0373831 -1.19590807 -4.80390263 -15.3622608 -1.13061202 -4.8198638 -15.3622608 -1.13061202 -4.8198638 -15.3622608 -1.13061202 -4.8198638 -15.3622608 -1.13061202 -4.8198638 -15.6680202 -1.15197992 -4.83523846 -15.6680202 -1.15197992 -4.83523846 -15.6680202 -1.15197992 -4.83523846 -15.6680202 -1.15197992 -4.83523846 -15.9817505 -1.24482012 -4.84730959 -15.9817505 -1.24482012 -4.84730959 -15.9817505 -1.24482012 -4.84730959 -15.9817505 -1.24482012 -4.84730959 -16.2977715 -1.26827359 -4.85775042 -16.2977715 -1.26827359 -4.85775042 -16.2977715 -1.26827359 -4.85775042 -16.2977715 -1.26827359 -4.85775042 -14.4457006 -1.21874225 -5.47229671 -14.4457006 -1.21874225 -5.47229671 -14.4457006 -1.21874225 -5.47229671 -14.4457006 -1.21874225 -5.47229671 -14.7424288 -1.3348875 -5.47488499 -14.7424288 -1.3348875 -5.47488499 -14.7424288 -1.3348875 -5.47488499 -14.7424288 -1.3348875 -5.47488499 -15.0704298 -1.34237707 -5.48189735 -15.0704298 -1.34237707 -5.48189735 -15.0704298 -1.34237707 -5.48189735 -15.0704298 -1.34237707 -5.48189735 -15.395298 -1.26075625 -5.49365902 -15.395298 -1.26075625 -5.49365902 -15.395298 -1.26075625 -5.49365902 -15.395298 -1.26075625 -5.49365902 -15.6981001 -1.20710659 -5.50747252 -15.6981001 -1.20710659 -5.50747252 -15.6981001 -1.20710659 -5.50747252 -15.6981001 -1.20710659 -5.50747252 -15.9873724 -1.17614937 -5.52119493 -15.9873724 -1.17614937 -5.52119493 -15.9873724 -1.17614937 -5.52119493 -15.9873724 -1.17614937 -5.52119493 -16.257513 -1.11458111 -5.53469944 -16.257513 -1.11458111 -5.53469944 -16.257513 -1.11458111 -5.53469944 -16.257513 -1.11458111 -5.53469944 -14.5761089 -1.04255104 -6.12759638 -14.5761089 -1.04255104 -6.12759638 -14.5761089 -1.04255104 -6.12759638 -14.5761089 -1.04255104 -6.12759638 -14.8462715 -1.11461985 -6.13283968 -14.8462715 -1.11461985 -6.13283968 -14.8462715 -1.11461985 -6.13283968 -14.8462715 -1.11461985 -6.13283968 -15.146368 -1.06435347 -6.14164686 -15.146368 -1.06435347 -6.14164686 -15.146368 -1.06435347 -6.14164686 -15.146368 -1.06435347 -6.14164686 -15.4350929 -0.926340222 -6.15470886 -15.4350929 -0.926340222 -6.15470886 -15.4350929 -0.926340222 -6.15470886 -15.4350929 -0.926340222 -6.15470886 -15.6926641 -0.839811802 -6.170228 -15.6926641 -0.839811802 -6.170228 -15.6926641 -0.839811802 -6.170228 -15.6926641 -0.839811802 -6.170228 -15.9402046 -0.850466251 -6.18571329 -15.9402046 -0.850466251 -6.18571329 -15.9402046 -0.850466251 -6.18571329 -15.9402046 -0.850466251 -6.18571329 -16.1979446 -0.907393813 -6.20004177 -16.1979446 -0.907393813 -6.20004177 -16.1979446 -0.907393813 -6.20004177 -16.1979446 -0.907393813 -6.20004177 -14.555522 -1.16157997 -6.76036167 -14.555522 -1.16157997 -6.76036167 -14.555522 -1.16157997 -6.76036167 -14.555522 -1.16157997 -6.76036167 -14.8247452 -1.29309368 -6.76450443 -14.8247452 -1.29309368 -6.76450443 -14.8247452 -1.29309368 -6.76450443 -14.8247452 -1.29309368 -6.76450443 -15.135438 -1.29986429 -6.77166224 -15.135438 -1.29986429 -6.77166224 -15.135438 -1.29986429 -6.77166224 -15.135438 -1.29986429 -6.77166224 -15.4467964 -1.18161702 -6.78274679 -15.4467964 -1.18161702 -6.78274679 -15.4467964 -1.18161702 -6.78274679 -15.4467964 -1.18161702 -6.78274679 -15.7272139 -1.04888237 -6.79753113 -15.7272139 -1.04888237 -6.79753113 -15.7272139 -1.04888237 -6.79753113 -15.7272139 -1.04888237 -6.79753113 -15.9778633 -0.95094502 -6.81458998 -15.9778633 -0.95094502 -6.81458998 -15.9778633 -0.95094502 -6.81458998 -15.9778633 -0.95094502 -6.81458998 -16.2166843 -0.914835453 -6.83206654 -16.2166843 -0.914835453 -6.83206654 -16.2166843 -0.914835453 -6.83206654 -16.2166843 -0.914835453 -6.83206654 -13.3078947 -1.13892436 -1.68903792 -13.3078947 -1.13892436 -1.68903792 -13.3078947 -1.13892436 -1.68903792 -13.3078947 -1.13892436 -1.68903792 -13.2482328 -1.00687408 -1.25505066 -13.2482328 -1.00687408 -1.25505066 -13.2482328 -1.00687408 -1.25505066 -13.2482328 -1.00687408 -1.25505066 -13.2008638 -0.949805081 -0.87701714 -13.2008638 -0.949805081 -0.87701714 -13.2008638 -0.949805081 -0.87701714 -13.2008638 -0.949805081 -0.87701714 -13.1806812 -1.02568889 -0.538788021 -13.1806812 -1.02568889 -0.538788021 -13.1806812 -1.02568889 -0.538788021 -13.1806812 -1.02568889 -0.538788021 -13.1980991 -1.117082 -0.197962359 -13.1980991 -1.117082 -0.197962359 -13.1980991 -1.117082 -0.197962359 -13.1980991 -1.117082 -0.197962359 -13.2456446 -1.19674706 0.173986122 -13.2456446 -1.19674706 0.173986122 -13.2456446 -1.19674706 0.173986122 -13.2456446 -1.19674706 0.173986122 -13.313549 -1.22180974 0.580167651 -13.313549 -1.22180974 0.580167651 -13.313549 -1.22180974 0.580167651 -13.313549 -1.22180974 0.580167651 -14.0350189 -1.08435833 -1.73687232 -14.0350189 -1.08435833 -1.73687232 -14.0350189 -1.08435833 -1.73687232 -14.0350189 -1.08435833 -1.73687232 -13.9868793 -1.00191319 -1.30652702 -13.9868793 -1.00191319 -1.30652702 -13.9868793 -1.00191319 -1.30652702 -13.9868793 -1.00191319 -1.30652702 -13.9459229 -1.0690155 -0.926718831 -13.9459229 -1.0690155 -0.926718831 -13.9459229 -1.0690155 -0.926718831 -13.9459229 -1.0690155 -0.926718831 -13.9311485 -1.1053772 -0.570669293 -13.9311485 -1.1053772 -0.570669293 -13.9311485 -1.1053772 -0.570669293 -13.9311485 -1.1053772 -0.570669293 -13.9496212 -1.0143261 -0.218946606 -13.9496212 -1.0143261 -0.218946606 -13.9496212 -1.0143261 -0.218946606 -13.9496212 -1.0143261 -0.218946606 -13.9887505 -1.07400322 0.153292269 -13.9887505 -1.07400322 0.153292269 -13.9887505 -1.07400322 0.153292269 -13.9887505 -1.07400322 0.153292269 -14.0354233 -1.22267735 0.566123664 -14.0354233 -1.22267735 0.566123664 -14.0354233 -1.22267735 0.566123664 -14.0354233 -1.22267735 0.566123664 -14.6283131 -1.25273526 -1.7903446 -14.6283131 -1.25273526 -1.7903446 -14.6283131 -1.25273526 -1.7903446 -14.6283131 -1.25273526 -1.7903446 -14.5903339 -1.15456569 -1.35588121 -14.5903339 -1.15456569 -1.35588121 -14.5903339 -1.15456569 -1.35588121 -14.5903339 -1.15456569 -1.35588121 -14.5621223 -1.18905425 -0.965175092 -14.5621223 -1.18905425 -0.965175092 -14.5621223 -1.18905425 -0.965175092 -14.5621223 -1.18905425 -0.965175092 -14.5526371 -1.18982089 -0.596211433 -14.5526371 -1.18982089 -0.596211433 -14.5526371 -1.18982089 -0.596211433 -14.5526371 -1.18982089 -0.596211433 -14.5649014 -1.05398607 -0.231325582 -14.5649014 -1.05398607 -0.231325582 -14.5649014 -1.05398607 -0.231325582 -14.5649014 -1.05398607 -0.231325582 -14.5955772 -1.06426001 0.148245528 -14.5955772 -1.06426001 0.148245528 -14.5955772 -1.06426001 0.148245528 -14.5955772 -1.06426001 0.148245528 -14.6385593 -1.15387857 0.562026501 -14.6385593 -1.15387857 0.562026501 -14.6385593 -1.15387857 0.562026501 -14.6385593 -1.15387857 0.562026501 -15.1178198 -1.12824714 -1.82457304 -15.1178198 -1.12824714 -1.82457304 -15.1178198 -1.12824714 -1.82457304 -15.1178198 -1.12824714 -1.82457304 -15.0913877 -1.23819327 -1.38935328 -15.0913877 -1.23819327 -1.38935328 -15.0913877 -1.23819327 -1.38935328 -15.0913877 -1.23819327 -1.38935328 -15.0726233 -1.17641747 -0.991773486 -15.0726233 -1.17641747 -0.991773486 -15.0726233 -1.17641747 -0.991773486 -15.0726233 -1.17641747 -0.991773486 -15.0621729 -1.02527595 -0.61464572 -15.0621729 -1.02527595 -0.61464572 -15.0621729 -1.02527595 -0.61464572 -15.0621729 -1.02527595 -0.61464572 -15.0666218 -0.948896229 -0.24154821 -15.0666218 -0.948896229 -0.24154821 -15.0666218 -0.948896229 -0.24154821 -15.0666218 -0.948896229 -0.24154821 -15.0911646 -1.13073587 0.143789127 -15.0911646 -1.13073587 0.143789127 -15.0911646 -1.13073587 0.143789127 -15.0911646 -1.13073587 0.143789127 -15.1249189 -1.26145267 0.559912622 -15.1249189 -1.26145267 0.559912622 -15.1249189 -1.26145267 0.559912622 -15.1249189 -1.26145267 0.559912622 -15.5036154 -0.936946869 -1.85168529 -15.5036154 -0.936946869 -1.85168529 -15.5036154 -0.936946869 -1.85168529 -15.5036154 -0.936946869 -1.85168529 -15.5117626 -1.21709275 -1.41173542 -15.5117626 -1.21709275 -1.41173542 -15.5117626 -1.21709275 -1.41173542 -15.5117626 -1.21709275 -1.41173542 -15.500658 -1.20795238 -1.01106465 -15.500658 -1.20795238 -1.01106465 -15.500658 -1.20795238 -1.01106465 -15.500658 -1.20795238 -1.01106465 -15.4818773 -1.04987061 -0.629849434 -15.4818773 -1.04987061 -0.629849434 -15.4818773 -1.04987061 -0.629849434 -15.4818773 -1.04987061 -0.629849434 -15.484272 -1.03510332 -0.252023906 -15.484272 -1.03510332 -0.252023906 -15.484272 -1.03510332 -0.252023906 -15.484272 -1.03510332 -0.252023906 -15.52073 -1.29847288 0.134757012 -15.52073 -1.29847288 0.134757012 -15.52073 -1.29847288 0.134757012 -15.52073 -1.29847288 0.134757012 -15.5475016 -1.38564658 0.552937984 -15.5475016 -1.38564658 0.552937984 -15.5475016 -1.38564658 0.552937984 -15.5475016 -1.38564658 0.552937984 -15.8291445 -0.945925355 -1.86956227 -15.8291445 -0.945925355 -1.86956227 -15.8291445 -0.945925355 -1.86956227 -15.8291445 -0.945925355 -1.86956227 -15.8714314 -1.21243322 -1.42670226 -15.8714314 -1.21243322 -1.42670226 -15.8714314 -1.21243322 -1.42670226 -15.8714314 -1.21243322 -1.42670226 -15.8730221 -1.25367928 -1.02408731 -15.8730221 -1.25367928 -1.02408731 -15.8730221 -1.25367928 -1.02408731 -15.8730221 -1.25367928 -1.02408731 -15.8515577 -1.15914452 -0.641575515 -15.8515577 -1.15914452 -0.641575515 -15.8515577 -1.15914452 -0.641575515 -15.8515577 -1.15914452 -0.641575515 -15.8547277 -1.16393685 -0.262280047 -15.8547277 -1.16393685 -0.262280047 -15.8547277 -1.16393685 -0.262280047 -15.8547277 -1.16393685 -0.262280047 -15.9047852 -1.37628114 0.125837088 -15.9047852 -1.37628114 0.125837088 -15.9047852 -1.37628114 0.125837088 -15.9047852 -1.37628114 0.125837088 -15.9184113 -1.38144505 0.54724735 -15.9184113 -1.38144505 0.54724735 -15.9184113 -1.38144505 0.54724735 -15.9184113 -1.38144505 0.54724735 -16.1316795 -1.00416982 -1.87915623 -16.1316795 -1.00416982 -1.87915623 -16.1316795 -1.00416982 -1.87915623 -16.1316795 -1.00416982 -1.87915623 -16.1796227 -1.1582253 -1.43609214 -16.1796227 -1.1582253 -1.43609214 -16.1796227 -1.1582253 -1.43609214 -16.1796227 -1.1582253 -1.43609214 -16.1705837 -1.14805603 -1.03266048 -16.1705837 -1.14805603 -1.03266048 -16.1705837 -1.14805603 -1.03266048 -16.1705837 -1.14805603 -1.03266048 -16.1435699 -1.0799557 -0.648948669 -16.1435699 -1.0799557 -0.648948669 -16.1435699 -1.0799557 -0.648948669 -16.1435699 -1.0799557 -0.648948669 -16.1511536 -1.0969429 -0.26841867 -16.1511536 -1.0969429 -0.26841867 -16.1511536 -1.0969429 -0.26841867 -16.1511536 -1.0969429 -0.26841867 -16.2274036 -1.2912432 0.120733894 -16.2274036 -1.2912432 0.120733894 -16.2274036 -1.2912432 0.120733894 -16.2274036 -1.2912432 0.120733894 -16.244236 -1.31097674 0.543016434 -16.244236 -1.31097674 0.543016434 -16.244236 -1.31097674 0.543016434 -16.244236 -1.31097674 0.543016434 -13.3296003 0.442885965 0.592108965 -13.2433319 0.438613206 0.18747139 -13.1841803 0.69973892 -0.158263668 -13.1628408 0.939566672 -0.500548422 -13.1786337 1.02707553 -0.863678813 -13.2259073 0.941526473 -1.25202858 -13.2979069 0.831071138 -1.67338252 -14.0497341 0.973124444 0.664969146 -13.9941816 1.05773902 0.240048423 -13.9530783 1.09217787 -0.153178588 -13.9349794 1.07883322 -0.528491437 -13.9440956 0.830247343 -0.8988626 -13.9829626 0.52817136 -1.27756917 -14.0428858 0.453106582 -1.7044667 -14.6733503 1.01409829 0.668195903 -14.6283569 1.13707495 0.236897945 -14.5963907 1.15144718 -0.165628746 -14.5806437 1.10017359 -0.551985502 -14.5793257 0.844663203 -0.934984982 -14.6011057 0.597259641 -1.33035898 -14.6459723 0.557268381 -1.76943016 -15.1688795 0.700187147 0.653984725 -15.1378183 0.836677432 0.219023228 -15.1215639 0.954143763 -0.183285087 -15.116971 1.03169227 -0.571860313 -15.1186304 1.01497674 -0.963088036 -15.1240873 0.868320942 -1.37120223 -15.1422949 0.700224459 -1.8148756 -15.5539865 0.467310369 0.646685421 -15.5387611 0.582797408 0.207006007 -15.5488987 0.792301118 -0.197186857 -15.5660057 0.973047256 -0.588060796 -15.5795069 1.06336927 -0.982744932 -15.5643673 0.893804252 -1.39548945 -15.5426283 0.614847243 -1.84232092 -15.8755236 0.421684802 0.643356502 -15.8708515 0.513197899 0.199921057 -15.9049311 0.71934104 -0.208102971 -15.9431667 0.905349493 -0.601504862 -15.9587965 0.970646977 -0.997729003 -15.9117918 0.760928571 -1.41222763 -15.8513813 0.47473675 -1.8612268 -16.1559906 0.42872715 0.63768518 -16.1649723 0.517211616 0.192407429 -16.2117329 0.671308756 -0.218353093 -16.2674541 0.825042248 -0.612924814 -16.2838612 0.867336631 -1.00914299 -16.1992035 0.655520201 -1.42409587 -16.0930557 0.380968064 -1.87430215 -13.8651829 0.158559293 6.92169762 -14.5676956 -0.070043765 6.84940815 -15.1597719 -0.121470734 6.83174896 -15.6928711 0.152310967 6.9194541 -16.234621 0.178047061 7.03125668 -16.7616882 -0.149608418 7.15985632 -17.3914795 -0.0363306999 7.43959904 -13.859417 0.138819277 7.41916943 -14.5547199 -0.0201294385 7.35363865 -15.1600676 -0.207923263 7.31488895 -15.7022171 -0.0205166414 7.39881325 -16.2509766 0.0752707347 7.53332901 -16.8167973 0.0395234153 7.71907091 -17.451931 0.148313314 8.01947689 -13.8854771 0.0154619515 7.85247898 -14.5652008 -0.0907143801 7.79032516 -15.162344 -0.227138206 7.76178122 -15.7098227 -0.0512870401 7.85210371 -16.2631245 0.0737030283 7.99959183 -16.8342762 0.105594113 8.20636654 -17.4293327 0.0180782378 8.47862816 -13.9533749 -0.212653354 8.21094513 -14.6073456 -0.293058127 8.15898514 -15.178915 -0.351941079 8.14758682 -15.7111816 -0.245163769 8.22234154 -16.2437344 -0.158036411 8.35671711 -16.8031712 -0.0469147861 8.57801723 -17.3672276 -0.226755604 8.81680679 -14.0768976 -0.257152826 8.54568672 -14.6814051 -0.335147321 8.51573372 -15.2103682 -0.397572994 8.51428795 -15.7112961 -0.381844401 8.56496143 -16.209362 -0.358223945 8.65950298 -16.7336426 -0.229451925 8.8465929 -17.2708988 -0.332955301 9.05996323 -14.2670202 -0.14099513 8.86315155 -14.7946615 -0.251510948 8.85613632 -15.2604313 -0.360712379 8.86764431 -15.7154074 -0.418715656 8.90238857 -16.1706848 -0.446352214 8.94848442 -16.6419163 -0.343606532 9.06719398 -17.1247368 -0.406523705 9.21634769 -14.4879131 -0.0423461646 9.18299007 -14.9234953 -0.198890179 9.19110012 -15.320261 -0.35196203 9.20240498 -15.7220793 -0.451602161 9.22162628 -16.1285152 -0.519438207 9.22813034 -16.5388622 -0.513506591 9.26381779 -16.9590359 -0.558953345 9.33519268 -13.8124437 0.510358214 1.61862683 -14.3411303 0.722742081 1.68403625 -14.8508587 0.69528228 1.70041239 -15.2850885 0.519806266 1.70113468 -15.6435671 0.404176116 1.70238292 -15.9544325 0.386436939 1.70273197 -16.2084808 0.334668547 1.69743252 -14.0984249 0.552879393 2.27504158 -14.5238438 0.701414049 2.31417513 -14.9599085 0.74806875 2.32792044 -15.3690434 0.674495995 2.33013225 -15.7319107 0.586764276 2.33100891 -16.0722752 0.61317718 2.33240294 -16.3864174 0.603128135 2.3249855 -14.3931494 0.122095287 2.90301037 -14.7115755 0.272250801 2.94023633 -15.0648098 0.509933233 2.9736197 -15.4482698 0.739111543 2.99939442 -15.8344231 0.822990298 3.01138973 -16.2020016 0.82619226 3.01328921 -16.5327301 0.74070251 3.00335312 -14.4254465 0.367100388 3.63926864 -14.7887478 0.291377693 3.63532043 -15.1434908 0.35352686 3.65035415 -15.5147686 0.589940548 3.68290281 -15.903553 0.716731608 3.70764947 -16.2530136 0.609310627 3.71558118 -16.5325241 0.413207769 3.71657372 -14.3612299 0.545165062 4.36540508 -14.7821779 0.412711978 4.35031796 -15.1735582 0.437514782 4.35967827 -15.5730839 0.577762961 4.39018488 -15.9688654 0.516520262 4.41318989 -16.3182755 0.340739757 4.43661308 -16.6399364 0.246697739 4.47180223 -14.3356447 0.238075137 5.0596652 -14.7748852 0.170326099 5.02764797 -15.1823606 0.386291891 5.05037594 -15.6188688 0.551486135 5.09138012 -16.0401878 0.341145694 5.11731815 -16.4289246 0.167156681 5.17497587 -16.8260365 0.151932627 5.27240705 -14.1229992 0.302439272 5.76523256 -14.6947355 0.0651775151 5.69520712 -15.1838303 0.101428166 5.68743563 -15.6505995 0.28744024 5.73880386 -16.1326981 0.376977921 5.82112312 -16.6290722 0.352187335 5.93690395 -17.0521832 0.0237006396 6.07860899 -16.0388393 -0.653642654 1.57915902 -15.8234015 -0.708063483 1.57543421 -15.5538626 -0.786872745 1.57149637 -15.2196589 -0.911526084 1.56473124 -14.8081131 -1.02522755 1.5569309 -14.322279 -1.06462777 1.54609454 -13.7735071 -1.13148391 1.53226507 -16.1400032 -0.847614527 2.15970707 -15.8973894 -0.910120487 2.15298581 -15.6167517 -1.02114153 2.14554 -15.282299 -1.21558905 2.1360054 -14.8889322 -1.342188 2.1338203 -14.4767389 -1.25013447 2.13970542 -14.0633688 -1.1273253 2.13634634 -16.3429832 -1.30429626 2.75472951 -16.0277252 -1.34635234 2.7507658 -15.6968651 -1.38878918 2.7464478 -15.342802 -1.43086517 2.74421358 -14.9768038 -1.31021929 2.75524497 -14.6402893 -1.05485213 2.77394342 -14.3400736 -0.850684166 2.7827661 -16.459692 -1.49354458 3.39951181 -16.1176186 -1.54695332 3.38951683 -15.7525635 -1.45260704 3.39059305 -15.3949432 -1.35196412 3.39369464 -15.0482302 -1.17992735 3.40928459 -14.7217932 -1.05918658 3.42802048 -14.4049215 -1.03639376 3.44361162 -16.5249348 -1.45223057 4.10989237 -16.1529331 -1.36354911 4.09053755 -15.7852869 -1.18022573 4.08338165 -15.433568 -1.12686169 4.0728054 -15.0820742 -1.09339058 4.07709503 -14.7391529 -1.0784291 4.09391737 -14.4146814 -1.06609714 4.1208477 -16.5899372 -1.21925402 4.90786123 -16.218895 -1.19699121 4.81474304 -15.8454294 -1.24482453 4.74660254 -15.4631433 -1.41667044 4.69676304 -15.0622578 -1.55157828 4.67750597 -14.6628256 -1.47630167 4.70577717 -14.29424 -1.30051935 4.77832603 -16.7554169 -1.16491747 5.69639301 -16.3297863 -1.18454909 5.51677895 -15.9043655 -1.31062782 5.3897543 -15.4819918 -1.52363825 5.31048679 -15.0423117 -1.74023664 5.2735877 -14.5780716 -1.6999898 5.30768871 -14.1168842 -1.50619769 5.41181946 -16.4635677 0.0714784712 1.68035102 -16.4611473 -0.0679928958 1.67397118 -16.4081154 -0.168141276 1.66803122 -16.3554726 -0.22871688 1.65836656 -16.3311043 -0.282700777 1.64247167 -16.3242569 -0.364569634 1.62185538 -16.2924347 -0.476075977 1.601632 -16.7916756 0.283849537 2.28801012 -16.8216515 0.0533923842 2.27244115 -16.7788315 -0.136208028 2.26051593 -16.7214222 -0.279401481 2.24626851 -16.6715775 -0.407663226 2.22664762 -16.6131535 -0.545082331 2.2037034 -16.5117226 -0.681958199 2.18294573 -16.983717 0.339876711 2.95374727 -17.0631771 0.0894149095 2.92649698 -17.0687656 -0.139461502 2.90187836 -17.0399742 -0.341144681 2.87626934 -17.0029449 -0.540180087 2.84595108 -16.9459057 -0.762158334 2.81216216 -16.829834 -0.997854531 2.78209949 -16.8950005 0.0711179376 3.69875312 -16.9740658 -0.0892464966 3.67735052 -16.9714203 -0.245098934 3.6564157 -16.9444752 -0.376464933 3.62992764 -16.9283085 -0.516550183 3.59115744 -16.9123325 -0.707604408 3.53955746 -16.8598595 -0.968196452 3.48176742 -17.2006035 0.121087819 4.45398426 -17.344614 -0.0635589361 4.40049934 -17.396492 -0.275318384 4.35216475 -17.3824615 -0.483721375 4.30751181 -17.3373013 -0.694944918 4.25905085 -17.2659359 -0.937242866 4.20421171 -17.1231308 -1.19691193 4.16072559 -17.3879719 -0.0561849289 5.29426956 -17.5342426 -0.210458547 5.21090889 -17.5975838 -0.396991879 5.14338779 -17.5718517 -0.586833 5.09478235 -17.4711113 -0.754716992 5.06281805 -17.3231812 -0.900473416 5.04177141 -17.1473217 -1.04468036 5.03159571 -17.5010929 -0.482919425 6.20166349 -17.5801849 -0.571935356 6.131742 -17.6311455 -0.642362058 6.07155085 -17.6668606 -0.715043545 6.00464535 -17.6509247 -0.826450586 5.93788719 -17.5385494 -0.949411988 5.90655088 -17.3612556 -1.05079389 5.91472673 -16.6774158 -0.804316819 -7.9950242 -16.6774158 -0.804316819 -7.9950242 -16.6774158 -0.804316819 -7.9950242 -16.6774158 -0.804316819 -7.9950242 -16.7702179 -0.628794909 -8.02177525 -16.7702179 -0.628794909 -8.02177525 -16.7702179 -0.628794909 -8.02177525 -16.7702179 -0.628794909 -8.02177525 -16.812294 -0.456131101 -8.04784489 -16.812294 -0.456131101 -8.04784489 -16.812294 -0.456131101 -8.04784489 -16.812294 -0.456131101 -8.04784489 -16.8227177 -0.293859571 -8.07165432 -16.8227177 -0.293859571 -8.07165432 -16.8227177 -0.293859571 -8.07165432 -16.8227177 -0.293859571 -8.07165432 -16.793478 -0.139601648 -8.09267044 -16.793478 -0.139601648 -8.09267044 -16.793478 -0.139601648 -8.09267044 -16.793478 -0.139601648 -8.09267044 -16.719471 -0.000439479947 -8.11007977 -16.719471 -0.000439479947 -8.11007977 -16.719471 -0.000439479947 -8.11007977 -16.719471 -0.000439479947 -8.11007977 -16.6199436 0.130400136 -8.12237835 -16.6199436 0.130400136 -8.12237835 -16.6199436 0.130400136 -8.12237835 -16.6199436 0.130400136 -8.12237835 -16.7844906 -0.904811859 -8.47159195 -16.7844906 -0.904811859 -8.47159195 -16.7844906 -0.904811859 -8.47159195 -16.7844906 -0.904811859 -8.47159195 -16.8886051 -0.699681282 -8.50370121 -16.8886051 -0.699681282 -8.50370121 -16.8886051 -0.699681282 -8.50370121 -16.8886051 -0.699681282 -8.50370121 -16.9449272 -0.500466108 -8.53513622 -16.9449272 -0.500466108 -8.53513622 -16.9449272 -0.500466108 -8.53513622 -16.9449272 -0.500466108 -8.53513622 -16.9812164 -0.308381796 -8.56368923 -16.9812164 -0.308381796 -8.56368923 -16.9812164 -0.308381796 -8.56368923 -16.9812164 -0.308381796 -8.56368923 -16.9818821 -0.110401981 -8.58913136 -16.9818821 -0.110401981 -8.58913136 -16.9818821 -0.110401981 -8.58913136 -16.9818821 -0.110401981 -8.58913136 -16.9222431 0.0861400813 -8.61116123 -16.9222431 0.0861400813 -8.61116123 -16.9222431 0.0861400813 -8.61116123 -16.9222431 0.0861400813 -8.61116123 -16.7998352 0.26518175 -8.62868881 -16.7998352 0.26518175 -8.62868881 -16.7998352 0.26518175 -8.62868881 -16.7998352 0.26518175 -8.62868881 -16.7186737 -0.822937489 -8.91295052 -16.7186737 -0.822937489 -8.91295052 -16.7186737 -0.822937489 -8.91295052 -16.7186737 -0.822937489 -8.91295052 -16.7655849 -0.621720016 -8.95440674 -16.7655849 -0.621720016 -8.95440674 -16.7655849 -0.621720016 -8.95440674 -16.7655849 -0.621720016 -8.95440674 -16.7987537 -0.458980531 -8.99163151 -16.7987537 -0.458980531 -8.99163151 -16.7987537 -0.458980531 -8.99163151 -16.7987537 -0.458980531 -8.99163151 -16.8522091 -0.308177024 -9.02417946 -16.8522091 -0.308177024 -9.02417946 -16.8522091 -0.308177024 -9.02417946 -16.8522091 -0.308177024 -9.02417946 -16.9121304 -0.134479582 -9.05243111 -16.9121304 -0.134479582 -9.05243111 -16.9121304 -0.134479582 -9.05243111 -16.9121304 -0.134479582 -9.05243111 -16.9314651 0.0740883797 -9.0756855 -16.9314651 0.0740883797 -9.0756855 -16.9314651 0.0740883797 -9.0756855 -16.9314651 0.0740883797 -9.0756855 -16.8514595 0.283123553 -9.09522152 -16.8514595 0.283123553 -9.09522152 -16.8514595 0.283123553 -9.09522152 -16.8514595 0.283123553 -9.09522152 -16.6608868 -0.75624609 -9.32819939 -16.6608868 -0.75624609 -9.32819939 -16.6608868 -0.75624609 -9.32819939 -16.6608868 -0.75624609 -9.32819939 -16.6468811 -0.564972878 -9.38276577 -16.6468811 -0.564972878 -9.38276577 -16.6468811 -0.564972878 -9.38276577 -16.6468811 -0.564972878 -9.38276577 -16.6370449 -0.427266985 -9.42312622 -16.6370449 -0.427266985 -9.42312622 -16.6370449 -0.427266985 -9.42312622 -16.6370449 -0.427266985 -9.42312622 -16.6668816 -0.306051075 -9.45968342 -16.6668816 -0.306051075 -9.45968342 -16.6668816 -0.306051075 -9.45968342 -16.6668816 -0.306051075 -9.45968342 -16.7392159 -0.170293599 -9.49549961 -16.7392159 -0.170293599 -9.49549961 -16.7392159 -0.170293599 -9.49549961 -16.7392159 -0.170293599 -9.49549961 -16.8130035 0.00625942647 -9.5228653 -16.8130035 0.00625942647 -9.5228653 -16.8130035 0.00625942647 -9.5228653 -16.8130035 0.00625942647 -9.5228653 -16.7984505 0.208455563 -9.54089737 -16.7984505 0.208455563 -9.54089737 -16.7984505 0.208455563 -9.54089737 -16.7984505 0.208455563 -9.54089737 -16.788372 -0.863784552 -9.68127346 -16.788372 -0.863784552 -9.68127346 -16.788372 -0.863784552 -9.68127346 -16.788372 -0.863784552 -9.68127346 -16.767622 -0.658731222 -9.75468922 -16.767622 -0.658731222 -9.75468922 -16.767622 -0.658731222 -9.75468922 -16.767622 -0.658731222 -9.75468922 -16.7218475 -0.480643749 -9.80735016 -16.7218475 -0.480643749 -9.80735016 -16.7218475 -0.480643749 -9.80735016 -16.7218475 -0.480643749 -9.80735016 -16.7108593 -0.315908492 -9.85476017 -16.7108593 -0.315908492 -9.85476017 -16.7108593 -0.315908492 -9.85476017 -16.7108593 -0.315908492 -9.85476017 -16.7655392 -0.154299244 -9.90544128 -16.7655392 -0.154299244 -9.90544128 -16.7655392 -0.154299244 -9.90544128 -16.7655392 -0.154299244 -9.90544128 -16.8578529 0.0269201286 -9.94436359 -16.8578529 0.0269201286 -9.94436359 -16.8578529 0.0269201286 -9.94436359 -16.8578529 0.0269201286 -9.94436359 -16.8926888 0.244633913 -9.95968628 -16.8926888 0.244633913 -9.95968628 -16.8926888 0.244633913 -9.95968628 -16.8926888 0.244633913 -9.95968628 -16.9942913 -0.990920424 -9.97255135 -16.9942913 -0.990920424 -9.97255135 -16.9942913 -0.990920424 -9.97255135 -16.9942913 -0.990920424 -9.97255135 -16.9310799 -0.752486467 -10.0785618 -16.9310799 -0.752486467 -10.0785618 -16.9310799 -0.752486467 -10.0785618 -16.9310799 -0.752486467 -10.0785618 -16.8214054 -0.533790052 -10.1577301 -16.8214054 -0.533790052 -10.1577301 -16.8214054 -0.533790052 -10.1577301 -16.8214054 -0.533790052 -10.1577301 -16.7802029 -0.325456142 -10.2217236 -16.7802029 -0.325456142 -10.2217236 -16.7802029 -0.325456142 -10.2217236 -16.7802029 -0.325456142 -10.2217236 -16.8364048 -0.125671208 -10.2861519 -16.8364048 -0.125671208 -10.2861519 -16.8364048 -0.125671208 -10.2861519 -16.8364048 -0.125671208 -10.2861519 -16.9482155 0.0729785711 -10.3402948 -16.9482155 0.0729785711 -10.3402948 -16.9482155 0.0729785711 -10.3402948 -16.9482155 0.0729785711 -10.3402948 -17.0152359 0.291346699 -10.3692236 -17.0152359 0.291346699 -10.3692236 -17.0152359 0.291346699 -10.3692236 -17.0152359 0.291346699 -10.3692236 -17.0915852 -1.04086936 -10.2977009 -17.0915852 -1.04086936 -10.2977009 -17.0915852 -1.04086936 -10.2977009 -17.0915852 -1.04086936 -10.2977009 -16.9596786 -0.797494531 -10.4085445 -16.9596786 -0.797494531 -10.4085445 -16.9596786 -0.797494531 -10.4085445 -16.9596786 -0.797494531 -10.4085445 -16.8255978 -0.56314218 -10.4976721 -16.8255978 -0.56314218 -10.4976721 -16.8255978 -0.56314218 -10.4976721 -16.8255978 -0.56314218 -10.4976721 -16.7935524 -0.330321133 -10.5757408 -16.7935524 -0.330321133 -10.5757408 -16.7935524 -0.330321133 -10.5757408 -16.7935524 -0.330321133 -10.5757408 -16.8633385 -0.104873508 -10.6480398 -16.8633385 -0.104873508 -10.6480398 -16.8633385 -0.104873508 -10.6480398 -16.8633385 -0.104873508 -10.6480398 -16.9676552 0.108776115 -10.7200727 -16.9676552 0.108776115 -10.7200727 -16.9676552 0.108776115 -10.7200727 -16.9676552 0.108776115 -10.7200727 -17.0151539 0.307379365 -10.793335 -17.0151539 0.307379365 -10.793335 -17.0151539 0.307379365 -10.793335 -17.0151539 0.307379365 -10.793335 -16.6308384 -0.842322588 -2.94556642 -16.6308384 -0.842322588 -2.94556642 -16.6308384 -0.842322588 -2.94556642 -16.6308384 -0.842322588 -2.94556642 -16.77672 -0.658946335 -2.95105743 -16.77672 -0.658946335 -2.95105743 -16.77672 -0.658946335 -2.95105743 -16.77672 -0.658946335 -2.95105743 -16.8630848 -0.451921076 -2.95540118 -16.8630848 -0.451921076 -2.95540118 -16.8630848 -0.451921076 -2.95540118 -16.8630848 -0.451921076 -2.95540118 -16.8641777 -0.234917194 -2.95911241 -16.8641777 -0.234917194 -2.95911241 -16.8641777 -0.234917194 -2.95911241 -16.8641777 -0.234917194 -2.95911241 -16.7681789 -0.0439210199 -2.96205759 -16.7681789 -0.0439210199 -2.96205759 -16.7681789 -0.0439210199 -2.96205759 -16.7681789 -0.0439210199 -2.96205759 -16.6059265 0.0871850997 -2.96297383 -16.6059265 0.0871850997 -2.96297383 -16.6059265 0.0871850997 -2.96297383 -16.6059265 0.0871850997 -2.96297383 -16.4358387 0.16836518 -2.96040154 -16.4358387 0.16836518 -2.96040154 -16.4358387 0.16836518 -2.96040154 -16.4358387 0.16836518 -2.96040154 -16.7984447 -1.00380874 -3.55373788 -16.7984447 -1.00380874 -3.55373788 -16.7984447 -1.00380874 -3.55373788 -16.7984447 -1.00380874 -3.55373788 -16.9374142 -0.755284667 -3.56144714 -16.9374142 -0.755284667 -3.56144714 -16.9374142 -0.755284667 -3.56144714 -16.9374142 -0.755284667 -3.56144714 -17.0095577 -0.499871194 -3.56810594 -17.0095577 -0.499871194 -3.56810594 -17.0095577 -0.499871194 -3.56810594 -17.0095577 -0.499871194 -3.56810594 -16.9956264 -0.247673258 -3.57403374 -16.9956264 -0.247673258 -3.57403374 -16.9956264 -0.247673258 -3.57403374 -16.9956264 -0.247673258 -3.57403374 -16.8882389 -0.0289311819 -3.578969 -16.8882389 -0.0289311819 -3.578969 -16.8882389 -0.0289311819 -3.578969 -16.8882389 -0.0289311819 -3.578969 -16.7231178 0.131307453 -3.58153534 -16.7231178 0.131307453 -3.58153534 -16.7231178 0.131307453 -3.58153534 -16.7231178 0.131307453 -3.58153534 -16.5607738 0.257583976 -3.58031869 -16.5607738 0.257583976 -3.58031869 -16.5607738 0.257583976 -3.58031869 -16.5607738 0.257583976 -3.58031869 -16.7666073 -0.961322486 -4.2069993 -16.7666073 -0.961322486 -4.2069993 -16.7666073 -0.961322486 -4.2069993 -16.7666073 -0.961322486 -4.2069993 -16.9046783 -0.732180834 -4.21603251 -16.9046783 -0.732180834 -4.21603251 -16.9046783 -0.732180834 -4.21603251 -16.9046783 -0.732180834 -4.21603251 -16.9853916 -0.494909048 -4.22384405 -16.9853916 -0.494909048 -4.22384405 -16.9853916 -0.494909048 -4.22384405 -16.9853916 -0.494909048 -4.22384405 -16.9858665 -0.254630923 -4.23085213 -16.9858665 -0.254630923 -4.23085213 -16.9858665 -0.254630923 -4.23085213 -16.9858665 -0.254630923 -4.23085213 -16.8925915 -0.040204972 -4.23691225 -16.8925915 -0.040204972 -4.23691225 -16.8925915 -0.040204972 -4.23691225 -16.8925915 -0.040204972 -4.23691225 -16.7366333 0.120637588 -4.24065971 -16.7366333 0.120637588 -4.24065971 -16.7366333 0.120637588 -4.24065971 -16.7366333 0.120637588 -4.24065971 -16.5787315 0.249190196 -4.24055386 -16.5787315 0.249190196 -4.24055386 -16.5787315 0.249190196 -4.24055386 -16.5787315 0.249190196 -4.24055386 -16.786108 -0.970831037 -4.87926435 -16.786108 -0.970831037 -4.87926435 -16.786108 -0.970831037 -4.87926435 -16.786108 -0.970831037 -4.87926435 -16.9040794 -0.728850543 -4.89079094 -16.9040794 -0.728850543 -4.89079094 -16.9040794 -0.728850543 -4.89079094 -16.9040794 -0.728850543 -4.89079094 -16.9302578 -0.480468959 -4.90214586 -16.9302578 -0.480468959 -4.90214586 -16.9302578 -0.480468959 -4.90214586 -16.9302578 -0.480468959 -4.90214586 -16.8711586 -0.257224679 -4.91250658 -16.8711586 -0.257224679 -4.91250658 -16.8711586 -0.257224679 -4.91250658 -16.8711586 -0.257224679 -4.91250658 -16.75284 -0.0836390182 -4.92057657 -16.75284 -0.0836390182 -4.92057657 -16.75284 -0.0836390182 -4.92057657 -16.75284 -0.0836390182 -4.92057657 -16.6186752 0.0412687659 -4.92492437 -16.6186752 0.0412687659 -4.92492437 -16.6186752 0.0412687659 -4.92492437 -16.6186752 0.0412687659 -4.92492437 -16.5021801 0.154916093 -4.92490149 -16.5021801 0.154916093 -4.92490149 -16.5021801 0.154916093 -4.92490149 -16.5021801 0.154916093 -4.92490149 -16.6913757 -0.862857401 -5.5607419 -16.6913757 -0.862857401 -5.5607419 -16.6913757 -0.862857401 -5.5607419 -16.6913757 -0.862857401 -5.5607419 -16.8126488 -0.66907227 -5.57375288 -16.8126488 -0.66907227 -5.57375288 -16.8126488 -0.66907227 -5.57375288 -16.8126488 -0.66907227 -5.57375288 -16.8519135 -0.458788723 -5.58653021 -16.8519135 -0.458788723 -5.58653021 -16.8519135 -0.458788723 -5.58653021 -16.8519135 -0.458788723 -5.58653021 -16.8240261 -0.263198614 -5.59793854 -16.8240261 -0.263198614 -5.59793854 -16.8240261 -0.263198614 -5.59793854 -16.8240261 -0.263198614 -5.59793854 -16.7631855 -0.0948365703 -5.60651588 -16.7631855 -0.0948365703 -5.60651588 -16.7631855 -0.0948365703 -5.60651588 -16.7631855 -0.0948365703 -5.60651588 -16.6964645 0.0619402528 -5.61139297 -16.6964645 0.0619402528 -5.61139297 -16.6964645 0.0619402528 -5.61139297 -16.6964645 0.0619402528 -5.61139297 -16.6165447 0.230306238 -5.61279631 -16.6165447 0.230306238 -5.61279631 -16.6165447 0.230306238 -5.61279631 -16.6165447 0.230306238 -5.61279631 -16.7542229 -0.916569948 -6.22421646 -16.7542229 -0.916569948 -6.22421646 -16.7542229 -0.916569948 -6.22421646 -16.7542229 -0.916569948 -6.22421646 -16.9678936 -0.762561321 -6.23660183 -16.9678936 -0.762561321 -6.23660183 -16.9678936 -0.762561321 -6.23660183 -16.9678936 -0.762561321 -6.23660183 -17.0639858 -0.528419733 -6.25065565 -17.0639858 -0.528419733 -6.25065565 -17.0639858 -0.528419733 -6.25065565 -17.0639858 -0.528419733 -6.25065565 -17.0395832 -0.281592041 -6.26527977 -17.0395832 -0.281592041 -6.26527977 -17.0395832 -0.281592041 -6.26527977 -17.0395832 -0.281592041 -6.26527977 -16.939537 -0.0700474456 -6.2781291 -16.939537 -0.0700474456 -6.2781291 -16.939537 -0.0700474456 -6.2781291 -16.939537 -0.0700474456 -6.2781291 -16.8292332 0.110692903 -6.2869482 -16.8292332 0.110692903 -6.2869482 -16.8292332 0.110692903 -6.2869482 -16.8292332 0.110692903 -6.2869482 -16.7407379 0.3141388 -6.2911458 -16.7407379 0.3141388 -6.2911458 -16.7407379 0.3141388 -6.2911458 -16.7407379 0.3141388 -6.2911458 -16.7866154 -0.939407885 -6.86085939 -16.7866154 -0.939407885 -6.86085939 -16.7866154 -0.939407885 -6.86085939 -16.7866154 -0.939407885 -6.86085939 -17.0739861 -0.826065302 -6.8735795 -17.0739861 -0.826065302 -6.8735795 -17.0739861 -0.826065302 -6.8735795 -17.0739861 -0.826065302 -6.8735795 -17.25 -0.59026587 -6.8883934 -17.25 -0.59026587 -6.8883934 -17.25 -0.59026587 -6.8883934 -17.25 -0.59026587 -6.8883934 -17.2670555 -0.30066213 -6.90549374 -17.2670555 -0.30066213 -6.90549374 -17.2670555 -0.30066213 -6.90549374 -17.2670555 -0.30066213 -6.90549374 -17.1519146 -0.03731139 -6.92254114 -17.1519146 -0.03731139 -6.92254114 -17.1519146 -0.03731139 -6.92254114 -17.1519146 -0.03731139 -6.92254114 -16.9875164 0.172780648 -6.93615961 -16.9875164 0.172780648 -6.93615961 -16.9875164 0.172780648 -6.93615961 -16.9875164 0.172780648 -6.93615961 -16.842083 0.37782836 -6.94447613 -16.842083 0.37782836 -6.94447613 -16.842083 0.37782836 -6.94447613 -16.842083 0.37782836 -6.94447613 -16.0901127 0.300353557 -2.94557309 -15.8735237 0.418773592 -2.93307686 -15.5865717 0.532953322 -2.91481161 -15.231925 0.647829294 -2.88883543 -14.8063822 0.644437194 -2.85087729 -14.3308411 0.442393273 -2.78420544 -13.8064318 0.423750401 -2.69557858 -16.2019043 0.515277684 -3.56858826 -15.9658642 0.689499974 -3.55812883 -15.6592646 0.815454066 -3.54294682 -15.2979279 0.864833593 -3.52146983 -14.9010134 0.844855189 -3.49430633 -14.492959 0.693073213 -3.4543221 -14.0991297 0.515969634 -3.38986683 -16.2118607 0.487639189 -4.23049784 -15.9814587 0.654369473 -4.22105789 -15.6881647 0.773113191 -4.20786285 -15.3479328 0.754875839 -4.18904066 -14.9973173 0.671530545 -4.16499472 -14.6588593 0.548292994 -4.13541508 -14.3440018 0.450403392 -4.09980059 -16.1687317 0.335380495 -4.91522741 -15.9526482 0.451826304 -4.90611124 -15.6939974 0.582190573 -4.89428043 -15.3923416 0.639555454 -4.8788147 -15.076911 0.595044672 -4.85865021 -14.7845783 0.467674702 -4.8333745 -14.5363359 0.335522562 -4.80442429 -16.2137966 0.385003716 -5.60698366 -15.9706182 0.430119723 -5.59868622 -15.7179661 0.549759328 -5.58807087 -15.4333878 0.694339037 -5.57570696 -15.1242371 0.727489471 -5.5608139 -14.832592 0.63615346 -5.54288769 -14.5872002 0.494206071 -5.5223546 -16.3627224 0.670261025 -6.29006958 -16.0868778 0.773375273 -6.28410721 -15.7862654 0.845628381 -6.27494669 -15.4696684 0.859668255 -6.262959 -15.1612015 0.738106072 -6.24735546 -14.8970757 0.547924757 -6.22827911 -14.6932287 0.359667182 -6.20625639 -16.4009857 0.703087211 -6.94809389 -16.0922222 0.710008502 -6.94261551 -15.7755079 0.620945871 -6.93235064 -15.4794197 0.512638927 -6.91850185 -15.2092886 0.41055119 -6.90200472 -14.9586477 0.378832012 -6.88450766 -14.7128506 0.399101675 -6.8672514 -12.869009 0.619530201 -2.84266639 -12.7036476 0.327103019 -2.90365744 -12.6117945 0.0850083306 -2.92631412 -12.558795 -0.124430649 -2.96007705 -12.5860453 -0.355461925 -2.96167374 -12.7129393 -0.586295485 -2.90354586 -12.9181356 -0.805051684 -2.80164051 -13.4736824 0.351844192 -3.38830042 -13.3070173 0.202288866 -3.43453383 -13.2019415 0.0390301906 -3.46119452 -13.1350164 -0.134360537 -3.49316287 -13.141943 -0.340181768 -3.50530672 -13.2558107 -0.538446546 -3.46987152 -13.4775505 -0.655950904 -3.38449836 -13.9087839 0.215390548 -4.05311584 -13.7860327 0.0990305245 -4.05122328 -13.6723776 -0.00526957959 -4.06765747 -13.5530434 -0.143126264 -4.11138296 -13.4984341 -0.349868298 -4.14489365 -13.5646639 -0.574252963 -4.14097881 -13.7542591 -0.73901391 -4.10255194 -14.174571 0.168376729 -4.75935459 -14.0529528 0.0816209763 -4.75083494 -13.9170179 -0.00815789029 -4.76513529 -13.7778111 -0.152068883 -4.79633045 -13.6905718 -0.371751666 -4.82299757 -13.6925459 -0.642633677 -4.83417892 -13.8001823 -0.923787951 -4.82931042 -14.1809359 0.312858433 -5.49590254 -13.9830875 0.216802999 -5.49984646 -13.8048611 0.0607177913 -5.51170063 -13.7155857 -0.162753642 -5.51644087 -13.7364445 -0.406607807 -5.5083189 -13.839757 -0.635116935 -5.4940505 -13.994051 -0.846659422 -5.48174095 -14.4066448 0.157947689 -6.16482258 -14.2705441 0.0909989625 -6.15239859 -14.1287889 -0.00807703286 -6.14709044 -14.0349188 -0.163323373 -6.1432991 -14.0220213 -0.350595385 -6.13737011 -14.0837584 -0.539448619 -6.13059664 -14.1993265 -0.719857574 -6.12597322 -14.2910347 0.314072907 -6.83358335 -14.1763554 0.168010488 -6.81585455 -14.0937138 0.00969354063 -6.80016041 -14.0409851 -0.16636008 -6.78707218 -14.034483 -0.361158967 -6.77616119 -14.0811949 -0.566138327 -6.76757765 -14.1838455 -0.772148371 -6.76173353 -16.8305969 0.22342509 -12.0119362 -16.7848072 -0.315784037 -12.7379313 -16.6724701 -1.014274 -13.3400135 -16.8021812 -1.22403836 -14.2772474 -16.8193817 -1.82903123 -14.9524632 -16.875349 -2.49271297 -15.6288052 -17.0482216 -2.81295657 -16.4871025 -16.4494858 0.237708211 -11.962389 -16.4546719 -0.137759328 -12.8014526 -16.3878212 -0.931296229 -13.3428802 -16.4391575 -1.27127206 -14.1967402 -16.4980431 -1.7694304 -14.9445887 -16.5597534 -2.41443014 -15.6163034 -16.6678982 -2.82278514 -16.4240532 -16.0521164 0.294482857 -11.9465618 -16.0796261 -0.0262548923 -12.8154287 -16.0611248 -0.827542067 -13.3586178 -16.0781174 -1.37004089 -14.0792942 -16.1296406 -1.85554266 -14.8389454 -16.1994553 -2.32989788 -15.6057224 -16.2723122 -2.78592014 -16.3826962 -15.6584101 0.346608341 -11.9273472 -15.694047 -0.0330873281 -12.7516403 -15.7129021 -0.668133616 -13.4078779 -15.7220287 -1.37502527 -14.0203962 -15.7509804 -1.97535026 -14.7048597 -15.8246031 -2.25841522 -15.5888767 -15.8856535 -2.65947461 -16.3981113 -15.2716408 0.399417877 -11.9078913 -15.3062601 -0.0884053558 -12.6595325 -15.3472996 -0.517233133 -13.4490767 -15.3705378 -1.16703069 -14.0969381 -15.3822336 -1.948457 -14.6625471 -15.4502449 -2.17497206 -15.5811682 -15.5039644 -2.55807734 -16.3999691 -14.8794451 0.455899835 -11.890727 -14.9159126 -0.0648593977 -12.6198435 -14.9525404 -0.5782125 -13.3537731 -15.0029087 -0.908664048 -14.2044296 -15.0180836 -1.71307886 -14.7531843 -15.0747166 -1.98896825 -15.6384363 -15.1140518 -2.48929405 -16.3810177 -14.4795923 0.40622583 -11.8059692 -14.5231962 0.00745180249 -12.6113081 -14.5456133 -0.778244436 -13.1704626 -14.6074419 -0.885526359 -14.1610775 -14.6412134 -1.46234918 -14.8531637 -14.6930742 -1.77616727 -15.7122459 -14.7178974 -2.46385384 -16.3341198 -14.634656 -1.05472887 -7.86701679 -14.634656 -1.05472887 -7.86701679 -14.634656 -1.05472887 -7.86701679 -14.634656 -1.05472887 -7.86701679 -14.8678951 -1.24935341 -7.87133598 -14.8678951 -1.24935341 -7.87133598 -14.8678951 -1.24935341 -7.87133598 -14.8678951 -1.24935341 -7.87133598 -15.1599083 -1.3389647 -7.87898684 -15.1599083 -1.3389647 -7.87898684 -15.1599083 -1.3389647 -7.87898684 -15.1599083 -1.3389647 -7.87898684 -15.4730873 -1.28724301 -7.89003277 -15.4730873 -1.28724301 -7.89003277 -15.4730873 -1.28724301 -7.89003277 -15.4730873 -1.28724301 -7.89003277 -15.766593 -1.16600633 -7.90550232 -15.766593 -1.16600633 -7.90550232 -15.766593 -1.16600633 -7.90550232 -15.766593 -1.16600633 -7.90550232 -16.036293 -1.09135532 -7.92480755 -16.036293 -1.09135532 -7.92480755 -16.036293 -1.09135532 -7.92480755 -16.036293 -1.09135532 -7.92480755 -16.2892971 -1.03532934 -7.9463625 -16.2892971 -1.03532934 -7.9463625 -16.2892971 -1.03532934 -7.9463625 -16.2892971 -1.03532934 -7.9463625 -14.5971117 -1.15809786 -8.3373661 -14.5971117 -1.15809786 -8.3373661 -14.5971117 -1.15809786 -8.3373661 -14.5971117 -1.15809786 -8.3373661 -14.8683081 -1.28267288 -8.33984566 -14.8683081 -1.28267288 -8.33984566 -14.8683081 -1.28267288 -8.33984566 -14.8683081 -1.28267288 -8.33984566 -15.1795006 -1.2850976 -8.34706879 -15.1795006 -1.2850976 -8.34706879 -15.1795006 -1.2850976 -8.34706879 -15.1795006 -1.2850976 -8.34706879 -15.491519 -1.17187881 -8.35882759 -15.491519 -1.17187881 -8.35882759 -15.491519 -1.17187881 -8.35882759 -15.491519 -1.17187881 -8.35882759 -15.7751999 -1.06198633 -8.37628937 -15.7751999 -1.06198633 -8.37628937 -15.7751999 -1.06198633 -8.37628937 -15.7751999 -1.06198633 -8.37628937 -16.0499172 -1.07954872 -8.3973465 -16.0499172 -1.07954872 -8.3973465 -16.0499172 -1.07954872 -8.3973465 -16.0499172 -1.07954872 -8.3973465 -16.3318901 -1.11373484 -8.41914654 -16.3318901 -1.11373484 -8.41914654 -16.3318901 -1.11373484 -8.41914654 -16.3318901 -1.11373484 -8.41914654 -14.6108503 -1.13509429 -8.75595665 -14.6108503 -1.13509429 -8.75595665 -14.6108503 -1.13509429 -8.75595665 -14.6108503 -1.13509429 -8.75595665 -14.8929796 -1.21237218 -8.7580719 -14.8929796 -1.21237218 -8.7580719 -14.8929796 -1.21237218 -8.7580719 -14.8929796 -1.21237218 -8.7580719 -15.1997766 -1.20433462 -8.76658154 -15.1997766 -1.20433462 -8.76658154 -15.1997766 -1.20433462 -8.76658154 -15.1997766 -1.20433462 -8.76658154 -15.5047884 -1.14008486 -8.78030491 -15.5047884 -1.14008486 -8.78030491 -15.5047884 -1.14008486 -8.78030491 -15.5047884 -1.14008486 -8.78030491 -15.7944746 -1.11950755 -8.79916859 -15.7944746 -1.11950755 -8.79916859 -15.7944746 -1.11950755 -8.79916859 -15.7944746 -1.11950755 -8.79916859 -16.0838718 -1.16750824 -8.82028484 -16.0838718 -1.16750824 -8.82028484 -16.0838718 -1.16750824 -8.82028484 -16.0838718 -1.16750824 -8.82028484 -16.3654232 -1.15761983 -8.84342957 -16.3654232 -1.15761983 -8.84342957 -16.3654232 -1.15761983 -8.84342957 -16.3654232 -1.15761983 -8.84342957 -14.6509333 -1.03018618 -9.13538837 -14.6509333 -1.03018618 -9.13538837 -14.6509333 -1.03018618 -9.13538837 -14.6509333 -1.03018618 -9.13538837 -14.927474 -1.07270122 -9.13739586 -14.927474 -1.07270122 -9.13739586 -14.927474 -1.07270122 -9.13739586 -14.927474 -1.07270122 -9.13739586 -15.2192097 -1.09424055 -9.14648056 -15.2192097 -1.09424055 -9.14648056 -15.2192097 -1.09424055 -9.14648056 -15.2192097 -1.09424055 -9.14648056 -15.5155344 -1.13530171 -9.16169262 -15.5155344 -1.13530171 -9.16169262 -15.5155344 -1.13530171 -9.16169262 -15.5155344 -1.13530171 -9.16169262 -15.8165102 -1.23305297 -9.17930698 -15.8165102 -1.23305297 -9.17930698 -15.8165102 -1.23305297 -9.17930698 -15.8165102 -1.23305297 -9.17930698 -16.1248302 -1.29362845 -9.19542217 -16.1248302 -1.29362845 -9.19542217 -16.1248302 -1.29362845 -9.19542217 -16.1248302 -1.29362845 -9.19542217 -16.4069195 -1.21276498 -9.21891689 -16.4069195 -1.21276498 -9.21891689 -16.4069195 -1.21276498 -9.21891689 -16.4069195 -1.21276498 -9.21891689 -14.6275797 -0.998438537 -9.45953274 -14.6275797 -0.998438537 -9.45953274 -14.6275797 -0.998438537 -9.45953274 -14.6275797 -0.998438537 -9.45953274 -14.9212484 -0.994078875 -9.47142315 -14.9212484 -0.994078875 -9.47142315 -14.9212484 -0.994078875 -9.47142315 -14.9212484 -0.994078875 -9.47142315 -15.224638 -1.00342631 -9.49073219 -15.224638 -1.00342631 -9.49073219 -15.224638 -1.00342631 -9.49073219 -15.224638 -1.00342631 -9.49073219 -15.5278301 -1.09741974 -9.5113821 -15.5278301 -1.09741974 -9.5113821 -15.5278301 -1.09741974 -9.5113821 -15.5278301 -1.09741974 -9.5113821 -15.8403006 -1.28174496 -9.52491951 -15.8403006 -1.28174496 -9.52491951 -15.8403006 -1.28174496 -9.52491951 -15.8403006 -1.28174496 -9.52491951 -16.1702251 -1.3845439 -9.52852345 -16.1702251 -1.3845439 -9.52852345 -16.1702251 -1.3845439 -9.52852345 -16.1702251 -1.3845439 -9.52852345 -16.4806652 -1.30765843 -9.54230404 -16.4806652 -1.30765843 -9.54230404 -16.4806652 -1.30765843 -9.54230404 -16.4806652 -1.30765843 -9.54230404 -14.5318174 -1.09932792 -9.73096752 -14.5318174 -1.09932792 -9.73096752 -14.5318174 -1.09932792 -9.73096752 -14.5318174 -1.09932792 -9.73096752 -14.8687382 -1.03972709 -9.766325 -14.8687382 -1.03972709 -9.766325 -14.8687382 -1.03972709 -9.766325 -14.8687382 -1.03972709 -9.766325 -15.2111416 -0.982123375 -9.8068552 -15.2111416 -0.982123375 -9.8068552 -15.2111416 -0.982123375 -9.8068552 -15.2111416 -0.982123375 -9.8068552 -15.541378 -1.04479349 -9.83774471 -15.541378 -1.04479349 -9.83774471 -15.541378 -1.04479349 -9.83774471 -15.541378 -1.04479349 -9.83774471 -15.870491 -1.26181006 -9.85107422 -15.870491 -1.26181006 -9.85107422 -15.870491 -1.26181006 -9.85107422 -15.870491 -1.26181006 -9.85107422 -16.2210159 -1.43351483 -9.84767818 -16.2210159 -1.43351483 -9.84767818 -16.2210159 -1.43351483 -9.84767818 -16.2210159 -1.43351483 -9.84767818 -16.5715084 -1.42241371 -9.84373856 -16.5715084 -1.42241371 -9.84373856 -16.5715084 -1.42241371 -9.84373856 -16.5715084 -1.42241371 -9.84373856 -14.443347 -1.23049295 -10.0080214 -14.443347 -1.23049295 -10.0080214 -14.443347 -1.23049295 -10.0080214 -14.443347 -1.23049295 -10.0080214 -14.8131542 -1.15295184 -10.0565662 -14.8131542 -1.15295184 -10.0565662 -14.8131542 -1.15295184 -10.0565662 -14.8131542 -1.15295184 -10.0565662 -15.1876192 -1.06239498 -10.1075735 -15.1876192 -1.06239498 -10.1075735 -15.1876192 -1.06239498 -10.1075735 -15.1876192 -1.06239498 -10.1075735 -15.5463972 -1.09490466 -10.1439972 -15.5463972 -1.09490466 -10.1439972 -15.5463972 -1.09490466 -10.1439972 -15.5463972 -1.09490466 -10.1439972 -15.8990469 -1.27545965 -10.1622725 -15.8990469 -1.27545965 -10.1622725 -15.8990469 -1.27545965 -10.1622725 -15.8990469 -1.27545965 -10.1622725 -16.2664375 -1.434726 -10.172596 -16.2664375 -1.434726 -10.172596 -16.2664375 -1.434726 -10.172596 -16.2664375 -1.434726 -10.172596 -16.6363297 -1.46778202 -10.1736164 -16.6363297 -1.46778202 -10.1736164 -16.6363297 -1.46778202 -10.1736164 -16.6363297 -1.46778202 -10.1736164 -14.3359575 0.30506587 -7.99599552 -14.2435875 0.150450736 -7.97037458 -14.1602879 0.00272027403 -7.94651031 -14.1183662 -0.164399385 -7.9243989 -14.1336269 -0.341630787 -7.9043808 -14.2003565 -0.51608026 -7.88749218 -14.3131409 -0.681165159 -7.87479734 -14.1876945 0.468130827 -8.50390434 -14.0788612 0.253315449 -8.47642422 -14.000495 0.0474172831 -8.4489212 -13.972105 -0.166326061 -8.42167568 -14.0003309 -0.381075501 -8.39542675 -14.0739288 -0.592397392 -8.37212849 -14.2001619 -0.793414354 -8.35356426 -14.0986185 0.557926059 -8.9665432 -13.9791136 0.307210237 -8.94020844 -13.9077196 0.065293029 -8.91075516 -13.8823719 -0.174908027 -8.87795162 -13.9196749 -0.41081211 -8.84255123 -14.0161266 -0.632278383 -8.80874062 -14.1663771 -0.831196368 -8.78110027 -14.2226276 0.427581012 -9.39963722 -14.1591015 0.200898543 -9.37642956 -14.1019373 0.00287594879 -9.34434891 -14.0440912 -0.195541173 -9.3065567 -14.0334234 -0.402837753 -9.26167679 -14.0941715 -0.604315162 -9.21438789 -14.2182989 -0.787515998 -9.172369 -14.2653427 0.379535764 -9.80659866 -14.2483797 0.155467108 -9.79252911 -14.197403 -0.04144115 -9.76557064 -14.1209631 -0.236801714 -9.72637463 -14.0818443 -0.429492295 -9.6646862 -14.1111183 -0.612889171 -9.58822727 -14.2068882 -0.782984495 -9.51546001 -14.1348476 0.446586043 -10.1779804 -14.0554619 0.184324503 -10.1794443 -14.0017185 -0.0766586587 -10.180831 -13.964777 -0.311268806 -10.1486111 -13.9510326 -0.502822876 -10.0620041 -13.9738636 -0.670921326 -9.93784046 -14.0557747 -0.839415848 -9.8101759 -14.0075541 0.475795686 -10.5722294 -13.8666792 0.139126956 -10.5972986 -13.9231291 -0.180727452 -10.6282349 -13.9918957 -0.435810059 -10.602663 -13.9771051 -0.605834067 -10.4974041 -13.929903 -0.727410495 -10.3336372 -13.9219646 -0.853983402 -10.1414404 -16.3375435 0.459582388 -8.12950802 -16.106966 0.613083482 -8.12564754 -15.8223619 0.671463907 -8.11693764 -15.5202694 0.601171672 -8.1031456 -15.2376461 0.519053698 -8.08570576 -14.9716845 0.494944036 -8.06600475 -14.7136326 0.497407585 -8.04448605 -16.4049129 0.558290243 -8.64434528 -16.1430225 0.665267527 -8.64202309 -15.8487053 0.716141284 -8.63379192 -15.5415688 0.690468192 -8.62007618 -15.2437248 0.666348159 -8.60203743 -14.9527245 0.674086571 -8.58055401 -14.6619272 0.686882854 -8.55615902 -16.3940163 0.469159186 -9.12142944 -16.1190376 0.486216635 -9.12036133 -15.8414135 0.534303367 -9.11057568 -15.5542154 0.628468156 -9.09509754 -15.2501307 0.781646252 -9.07441139 -14.9276724 0.879875243 -9.04852867 -14.6086426 0.870839536 -9.01995182 -16.3818703 0.350074947 -9.57689381 -16.1131363 0.330458879 -9.57499313 -15.8454685 0.390851349 -9.55888557 -15.5651655 0.565660298 -9.53780079 -15.2573547 0.836312413 -9.50985909 -14.9212351 0.975793123 -9.472826 -14.606637 0.892834067 -9.43774414 -16.5050449 0.467470378 -9.99872589 -16.2021046 0.432056904 -10.0001888 -15.8906717 0.43651098 -9.98030663 -15.5789442 0.566968143 -9.95390606 -15.259594 0.821926057 -9.91476727 -14.9189653 0.967995346 -9.85653019 -14.5968266 0.874539614 -9.81120872 -16.6748161 0.66584003 -10.3861628 -16.3245811 0.65183413 -10.3894501 -15.9471712 0.522209108 -10.3773775 -15.5867939 0.499841481 -10.3529186 -15.2432566 0.646010578 -10.3123188 -14.8962841 0.782631099 -10.253336 -14.5617914 0.775143266 -10.2108126 -16.7878399 0.744921029 -10.7879648 -16.4121246 0.811870337 -10.7731867 -15.9935455 0.579431236 -10.7586374 -15.5901785 0.390992194 -10.7393017 -15.2092447 0.407112509 -10.7047281 -14.8392572 0.503327489 -10.6615314 -14.489747 0.601961553 -10.6357212 -14.6441107 -1.93806195 8.98888016 -14.9437685 -1.96862411 8.94462585 -15.2454596 -2.01653862 8.94829273 -15.5461702 -2.05735397 8.93060493 -15.8453045 -2.07831717 8.86683178 -16.1474323 -2.14098954 8.89627838 -16.4492092 -2.20816994 8.9280014 -14.6450253 -1.73184645 9.15680313 -14.9528866 -1.74673843 9.05747128 -15.261775 -1.76717389 8.98377419 -15.5713844 -1.79403281 8.93289375 -15.8816776 -1.8368628 8.92236996 -16.1926823 -1.92692292 9.01176167 -16.5028706 -2.02522898 9.10476208 -14.6421671 -1.51383996 9.28868866 -14.9607944 -1.52461946 9.16978168 -15.2801523 -1.52854872 9.04706573 -15.5999813 -1.55264473 8.98794842 -15.9193325 -1.61554563 9.02358627 -16.2374115 -1.7151773 9.13246822 -16.5544453 -1.82483494 9.24736595 -14.6381359 -1.27674019 9.36228466 -14.9676151 -1.30248654 9.28216553 -15.2983065 -1.31092107 9.16559792 -15.628026 -1.34395015 9.12331676 -15.9555149 -1.41446006 9.1717453 -16.2814541 -1.50449979 9.25578213 -16.6061497 -1.60681438 9.35430717 -14.636219 -1.01991045 9.37569523 -14.9736872 -1.07774353 9.38724422 -15.3131132 -1.1153897 9.34289837 -15.6513081 -1.16590917 9.33524704 -15.988081 -1.23004961 9.35949993 -16.3244534 -1.29733872 9.38712597 -16.6590023 -1.3807199 9.44435406 -14.6376638 -0.755440235 9.36583328 -14.980689 -0.841791749 9.46053219 -15.3255253 -0.915304661 9.50872135 -15.6707458 -0.98604238 9.5438385 -16.0176239 -1.04523039 9.54746342 -16.3658829 -1.09487259 9.52927113 -16.7119961 -1.15932047 9.54380512 -14.641408 -0.493712217 9.36437035 -14.9904509 -0.593230426 9.49788952 -15.3408737 -0.686335981 9.59801769 -15.694253 -0.76413554 9.64816284 -16.0503311 -0.827485502 9.6587429 -16.4084358 -0.879719973 9.64364052 -16.7651482 -0.939568877 9.64649963 -13.0519609 -0.847228706 9.7372427 -13.0519609 -0.847228706 9.7372427 -13.0519609 -0.847228706 9.7372427 -13.0519609 -0.847228706 9.7372427 -13.0935564 -1.09811282 9.67019653 -13.0935564 -1.09811282 9.67019653 -13.0935564 -1.09811282 9.67019653 -13.0935564 -1.09811282 9.67019653 -13.1638756 -1.33405578 9.61950779 -13.1638756 -1.33405578 9.61950779 -13.1638756 -1.33405578 9.61950779 -13.1638756 -1.33405578 9.61950779 -13.2123804 -1.57131207 9.58909225 -13.2123804 -1.57131207 9.58909225 -13.2123804 -1.57131207 9.58909225 -13.2123804 -1.57131207 9.58909225 -13.2013884 -1.82034624 9.55212307 -13.2013884 -1.82034624 9.55212307 -13.2013884 -1.82034624 9.55212307 -13.2013884 -1.82034624 9.55212307 -13.156909 -2.06135511 9.4359951 -13.156909 -2.06135511 9.4359951 -13.156909 -2.06135511 9.4359951 -13.156909 -2.06135511 9.4359951 -13.1266584 -2.24029803 9.1989584 -13.1266584 -2.24029803 9.1989584 -13.1266584 -2.24029803 9.1989584 -13.1266584 -2.24029803 9.1989584 -11.9012871 -1.16568136 9.66682243 -11.9012871 -1.16568136 9.66682243 -11.9012871 -1.16568136 9.66682243 -11.9012871 -1.16568136 9.66682243 -11.9499722 -1.39772832 9.62090397 -11.9499722 -1.39772832 9.62090397 -11.9499722 -1.39772832 9.62090397 -11.9499722 -1.39772832 9.62090397 -12.0194101 -1.61316073 9.57333088 -12.0194101 -1.61316073 9.57333088 -12.0194101 -1.61316073 9.57333088 -12.0194101 -1.61316073 9.57333088 -12.0639267 -1.83118582 9.5278883 -12.0639267 -1.83118582 9.5278883 -12.0639267 -1.83118582 9.5278883 -12.0639267 -1.83118582 9.5278883 -12.0496082 -2.056849 9.46121788 -12.0496082 -2.056849 9.46121788 -12.0496082 -2.056849 9.46121788 -12.0496082 -2.056849 9.46121788 -12.0085688 -2.28247952 9.36656952 -12.0085688 -2.28247952 9.36656952 -12.0085688 -2.28247952 9.36656952 -12.0085688 -2.28247952 9.36656952 -11.9895029 -2.47492027 9.22658634 -11.9895029 -2.47492027 9.22658634 -11.9895029 -2.47492027 9.22658634 -11.9895029 -2.47492027 9.22658634 -10.883152 -1.53489721 9.43557453 -10.883152 -1.53489721 9.43557453 -10.883152 -1.53489721 9.43557453 -10.883152 -1.53489721 9.43557453 -10.9068775 -1.70086777 9.45659733 -10.9068775 -1.70086777 9.45659733 -10.9068775 -1.70086777 9.45659733 -10.9068775 -1.70086777 9.45659733 -10.9389677 -1.88336265 9.4753418 -10.9389677 -1.88336265 9.4753418 -10.9389677 -1.88336265 9.4753418 -10.9389677 -1.88336265 9.4753418 -10.9663906 -2.08614016 9.48285866 -10.9663906 -2.08614016 9.48285866 -10.9663906 -2.08614016 9.48285866 -10.9663906 -2.08614016 9.48285866 -10.9753685 -2.29852796 9.45933437 -10.9753685 -2.29852796 9.45933437 -10.9753685 -2.29852796 9.45933437 -10.9753685 -2.29852796 9.45933437 -10.9671593 -2.49847221 9.3789196 -10.9671593 -2.49847221 9.3789196 -10.9671593 -2.49847221 9.3789196 -10.9671593 -2.49847221 9.3789196 -10.9612579 -2.68758798 9.26509857 -10.9612579 -2.68758798 9.26509857 -10.9612579 -2.68758798 9.26509857 -10.9612579 -2.68758798 9.26509857 -9.94195843 -1.84524977 9.42485332 -9.94195843 -1.84524977 9.42485332 -9.94195843 -1.84524977 9.42485332 -9.94195843 -1.84524977 9.42485332 -9.94460773 -2.00109291 9.44256115 -9.94460773 -2.00109291 9.44256115 -9.94460773 -2.00109291 9.44256115 -9.94460773 -2.00109291 9.44256115 -9.9349966 -2.15558553 9.39466476 -9.9349966 -2.15558553 9.39466476 -9.9349966 -2.15558553 9.39466476 -9.9349966 -2.15558553 9.39466476 -9.92436504 -2.29003 9.31021976 -9.92436504 -2.29003 9.31021976 -9.92436504 -2.29003 9.31021976 -9.92436504 -2.29003 9.31021976 -9.92351055 -2.39671397 9.21285152 -9.92351055 -2.39671397 9.21285152 -9.92351055 -2.39671397 9.21285152 -9.92351055 -2.39671397 9.21285152 -9.93323231 -2.49455595 9.14112663 -9.93323231 -2.49455595 9.14112663 -9.93323231 -2.49455595 9.14112663 -9.93323231 -2.49455595 9.14112663 -9.9465065 -2.61178684 9.08995152 -9.9465065 -2.61178684 9.08995152 -9.9465065 -2.61178684 9.08995152 -9.9465065 -2.61178684 9.08995152 -9.04292965 -2.07862139 9.53546047 -9.04292965 -2.07862139 9.53546047 -9.04292965 -2.07862139 9.53546047 -9.04292965 -2.07862139 9.53546047 -9.03477669 -2.25280356 9.56467438 -9.03477669 -2.25280356 9.56467438 -9.03477669 -2.25280356 9.56467438 -9.03477669 -2.25280356 9.56467438 -9.02362061 -2.4205482 9.54452419 -9.02362061 -2.4205482 9.54452419 -9.02362061 -2.4205482 9.54452419 -9.02362061 -2.4205482 9.54452419 -9.01765156 -2.56691074 9.47829342 -9.01765156 -2.56691074 9.47829342 -9.01765156 -2.56691074 9.47829342 -9.01765156 -2.56691074 9.47829342 -9.02679634 -2.68276691 9.38707542 -9.02679634 -2.68276691 9.38707542 -9.02679634 -2.68276691 9.38707542 -9.02679634 -2.68276691 9.38707542 -9.04497242 -2.77211905 9.28500366 -9.04497242 -2.77211905 9.28500366 -9.04497242 -2.77211905 9.28500366 -9.04497242 -2.77211905 9.28500366 -9.0675745 -2.85260081 9.18394756 -9.0675745 -2.85260081 9.18394756 -9.0675745 -2.85260081 9.18394756 -9.0675745 -2.85260081 9.18394756 -8.30398369 -2.35688543 9.42366982 -8.30398369 -2.35688543 9.42366982 -8.30398369 -2.35688543 9.42366982 -8.30398369 -2.35688543 9.42366982 -8.24620152 -2.49802208 9.46591091 -8.24620152 -2.49802208 9.46591091 -8.24620152 -2.49802208 9.46591091 -8.24620152 -2.49802208 9.46591091 -8.20669746 -2.63639402 9.46141624 -8.20669746 -2.63639402 9.46141624 -8.20669746 -2.63639402 9.46141624 -8.20669746 -2.63639402 9.46141624 -8.18982315 -2.75484824 9.41416168 -8.18982315 -2.75484824 9.41416168 -8.18982315 -2.75484824 9.41416168 -8.18982315 -2.75484824 9.41416168 -8.20506954 -2.84877014 9.35352993 -8.20506954 -2.84877014 9.35352993 -8.20506954 -2.84877014 9.35352993 -8.20506954 -2.84877014 9.35352993 -8.25012589 -2.9399457 9.29910851 -8.25012589 -2.9399457 9.29910851 -8.25012589 -2.9399457 9.29910851 -8.25012589 -2.9399457 9.29910851 -8.32369137 -3.05257964 9.24291706 -8.32369137 -3.05257964 9.24291706 -8.32369137 -3.05257964 9.24291706 -8.32369137 -3.05257964 9.24291706 -7.66344213 -2.48697662 9.52157211 -7.66344213 -2.48697662 9.52157211 -7.66344213 -2.48697662 9.52157211 -7.66344213 -2.48697662 9.52157211 -7.56867123 -2.66401625 9.52346516 -7.56867123 -2.66401625 9.52346516 -7.56867123 -2.66401625 9.52346516 -7.56867123 -2.66401625 9.52346516 -7.50537443 -2.81706524 9.47576904 -7.50537443 -2.81706524 9.47576904 -7.50537443 -2.81706524 9.47576904 -7.50537443 -2.81706524 9.47576904 -7.48142195 -2.93299508 9.41454983 -7.48142195 -2.93299508 9.41454983 -7.48142195 -2.93299508 9.41454983 -7.48142195 -2.93299508 9.41454983 -7.50850296 -3.01276922 9.34728241 -7.50850296 -3.01276922 9.34728241 -7.50850296 -3.01276922 9.34728241 -7.50850296 -3.01276922 9.34728241 -7.58095789 -3.06810546 9.27981949 -7.58095789 -3.06810546 9.27981949 -7.58095789 -3.06810546 9.27981949 -7.58095789 -3.06810546 9.27981949 -7.6936965 -3.1284852 9.2171545 -7.6936965 -3.1284852 9.2171545 -7.6936965 -3.1284852 9.2171545 -7.6936965 -3.1284852 9.2171545 -17.009861 -1.42956734 6.94185925 -17.009861 -1.42956734 6.94185925 -17.009861 -1.42956734 6.94185925 -17.009861 -1.42956734 6.94185925 -16.4806442 -1.52878535 6.6592474 -16.4806442 -1.52878535 6.6592474 -16.4806442 -1.52878535 6.6592474 -16.4806442 -1.52878535 6.6592474 -15.9746819 -1.41200745 6.53020811 -15.9746819 -1.41200745 6.53020811 -15.9746819 -1.41200745 6.53020811 -15.9746819 -1.41200745 6.53020811 -15.4939175 -1.4297322 6.44915819 -15.4939175 -1.4297322 6.44915819 -15.4939175 -1.4297322 6.44915819 -15.4939175 -1.4297322 6.44915819 -15.0044909 -1.60642552 6.40077209 -15.0044909 -1.60642552 6.40077209 -15.0044909 -1.60642552 6.40077209 -15.0044909 -1.60642552 6.40077209 -14.4638472 -1.62025762 6.43779659 -14.4638472 -1.62025762 6.43779659 -14.4638472 -1.62025762 6.43779659 -14.4638472 -1.62025762 6.43779659 -13.8592749 -1.54277158 6.54572535 -13.8592749 -1.54277158 6.54572535 -13.8592749 -1.54277158 6.54572535 -13.8592749 -1.54277158 6.54572535 -17.013855 -1.52443254 7.42643452 -17.013855 -1.52443254 7.42643452 -17.013855 -1.52443254 7.42643452 -17.013855 -1.52443254 7.42643452 -16.4820824 -1.66134834 7.1199317 -16.4820824 -1.66134834 7.1199317 -16.4820824 -1.66134834 7.1199317 -16.4820824 -1.66134834 7.1199317 -15.9823208 -1.73530054 6.93940067 -15.9823208 -1.73530054 6.93940067 -15.9823208 -1.73530054 6.93940067 -15.9823208 -1.73530054 6.93940067 -15.4986343 -1.76032245 6.85379839 -15.4986343 -1.76032245 6.85379839 -15.4986343 -1.76032245 6.85379839 -15.4986343 -1.76032245 6.85379839 -15.0080481 -1.9277637 6.79720163 -15.0080481 -1.9277637 6.79720163 -15.0080481 -1.9277637 6.79720163 -15.0080481 -1.9277637 6.79720163 -14.4762669 -1.99275899 6.81344938 -14.4762669 -1.99275899 6.81344938 -14.4762669 -1.99275899 6.81344938 -14.4762669 -1.99275899 6.81344938 -13.8683376 -1.9400804 6.90143824 -13.8683376 -1.9400804 6.90143824 -13.8683376 -1.9400804 6.90143824 -13.8683376 -1.9400804 6.90143824 -16.9936256 -1.81262541 7.7735343 -16.9936256 -1.81262541 7.7735343 -16.9936256 -1.81262541 7.7735343 -16.9936256 -1.81262541 7.7735343 -16.4679604 -1.86890376 7.49337244 -16.4679604 -1.86890376 7.49337244 -16.4679604 -1.86890376 7.49337244 -16.4679604 -1.86890376 7.49337244 -15.9748344 -2.01512504 7.29246044 -15.9748344 -2.01512504 7.29246044 -15.9748344 -2.01512504 7.29246044 -15.9748344 -2.01512504 7.29246044 -15.499836 -2.06155419 7.20359087 -15.499836 -2.06155419 7.20359087 -15.499836 -2.06155419 7.20359087 -15.499836 -2.06155419 7.20359087 -15.0159798 -2.12252307 7.17133093 -15.0159798 -2.12252307 7.17133093 -15.0159798 -2.12252307 7.17133093 -15.0159798 -2.12252307 7.17133093 -14.4924984 -2.15053582 7.1966424 -14.4924984 -2.15053582 7.1966424 -14.4924984 -2.15053582 7.1966424 -14.4924984 -2.15053582 7.1966424 -13.8980551 -2.17995596 7.26325083 -13.8980551 -2.17995596 7.26325083 -13.8980551 -2.17995596 7.26325083 -13.8980551 -2.17995596 7.26325083 -16.9378242 -2.14620471 8.02104282 -16.9378242 -2.14620471 8.02104282 -16.9378242 -2.14620471 8.02104282 -16.9378242 -2.14620471 8.02104282 -16.431488 -2.06668973 7.80366802 -16.431488 -2.06668973 7.80366802 -16.431488 -2.06668973 7.80366802 -16.431488 -2.06668973 7.80366802 -15.9565678 -2.10211277 7.64690065 -15.9565678 -2.10211277 7.64690065 -15.9565678 -2.10211277 7.64690065 -15.9565678 -2.10211277 7.64690065 -15.4977131 -2.14706063 7.56546545 -15.4977131 -2.14706063 7.56546545 -15.4977131 -2.14706063 7.56546545 -15.4977131 -2.14706063 7.56546545 -15.0294046 -2.15599823 7.55042601 -15.0294046 -2.15599823 7.55042601 -15.0294046 -2.15599823 7.55042601 -15.0294046 -2.15599823 7.55042601 -14.5207882 -2.18243551 7.57656193 -14.5207882 -2.18243551 7.57656193 -14.5207882 -2.18243551 7.57656193 -14.5207882 -2.18243551 7.57656193 -13.9498587 -2.30805302 7.61740685 -13.9498587 -2.30805302 7.61740685 -13.9498587 -2.30805302 7.61740685 -13.9498587 -2.30805302 7.61740685 -16.8306427 -2.30827117 8.2025032 -16.8306427 -2.30827117 8.2025032 -16.8306427 -2.30827117 8.2025032 -16.8306427 -2.30827117 8.2025032 -16.3636379 -2.16180944 8.06015491 -16.3636379 -2.16180944 8.06015491 -16.3636379 -2.16180944 8.06015491 -16.3636379 -2.16180944 8.06015491 -15.9295826 -2.06972075 7.98569918 -15.9295826 -2.06972075 7.98569918 -15.9295826 -2.06972075 7.98569918 -15.9295826 -2.06972075 7.98569918 -15.5000544 -2.06827807 7.93797588 -15.5000544 -2.06827807 7.93797588 -15.5000544 -2.06827807 7.93797588 -15.5000544 -2.06827807 7.93797588 -15.0627298 -2.12401676 7.9108119 -15.0627298 -2.12401676 7.9108119 -15.0627298 -2.12401676 7.9108119 -15.0627298 -2.12401676 7.9108119 -14.5990953 -2.21686101 7.91368008 -14.5990953 -2.21686101 7.91368008 -14.5990953 -2.21686101 7.91368008 -14.5990953 -2.21686101 7.91368008 -14.073225 -2.32173324 7.9522891 -14.073225 -2.32173324 7.9522891 -14.073225 -2.32173324 7.9522891 -14.073225 -2.32173324 7.9522891 -16.6756859 -2.3327558 8.33939075 -16.6756859 -2.3327558 8.33939075 -16.6756859 -2.3327558 8.33939075 -16.6756859 -2.3327558 8.33939075 -16.2716446 -2.17640758 8.28142548 -16.2716446 -2.17640758 8.28142548 -16.2716446 -2.17640758 8.28142548 -16.2716446 -2.17640758 8.28142548 -15.8953018 -2.04652405 8.28356266 -15.8953018 -2.04652405 8.28356266 -15.8953018 -2.04652405 8.28356266 -15.8953018 -2.04652405 8.28356266 -15.512042 -1.9907254 8.28191566 -15.512042 -1.9907254 8.28191566 -15.512042 -1.9907254 8.28191566 -15.512042 -1.9907254 8.28191566 -15.1193771 -2.06526589 8.24667263 -15.1193771 -2.06526589 8.24667263 -15.1193771 -2.06526589 8.24667263 -15.1193771 -2.06526589 8.24667263 -14.7184601 -2.19612122 8.2295332 -14.7184601 -2.19612122 8.2295332 -14.7184601 -2.19612122 8.2295332 -14.7184601 -2.19612122 8.2295332 -14.2722454 -2.26832342 8.26402378 -14.2722454 -2.26832342 8.26402378 -14.2722454 -2.26832342 8.26402378 -14.2722454 -2.26832342 8.26402378 -16.5151424 -2.31494904 8.49570274 -16.5151424 -2.31494904 8.49570274 -16.5151424 -2.31494904 8.49570274 -16.5151424 -2.31494904 8.49570274 -16.1796913 -2.19049644 8.50542641 -16.1796913 -2.19049644 8.50542641 -16.1796913 -2.19049644 8.50542641 -16.1796913 -2.19049644 8.50542641 -15.8580294 -2.09414911 8.54735279 -15.8580294 -2.09414911 8.54735279 -15.8580294 -2.09414911 8.54735279 -15.8580294 -2.09414911 8.54735279 -15.5286551 -2.00879574 8.58088875 -15.5286551 -2.00879574 8.58088875 -15.5286551 -2.00879574 8.58088875 -15.5286551 -2.00879574 8.58088875 -15.1872044 -2.05966854 8.55850315 -15.1872044 -2.05966854 8.55850315 -15.1872044 -2.05966854 8.55850315 -15.1872044 -2.05966854 8.55850315 -14.8450842 -2.17270517 8.53981304 -14.8450842 -2.17270517 8.53981304 -14.8450842 -2.17270517 8.53981304 -14.8450842 -2.17270517 8.53981304 -14.4837828 -2.23361659 8.56711864 -14.4837828 -2.23361659 8.56711864 -14.4837828 -2.23361659 8.56711864 -14.4837828 -2.23361659 8.56711864 -18.240427 -1.83805454 7.87899303 -18.240427 -1.83805454 7.87899303 -18.240427 -1.83805454 7.87899303 -18.240427 -1.83805454 7.87899303 -18.2435017 -2.08143163 8.20579433 -18.2435017 -2.08143163 8.20579433 -18.2435017 -2.08143163 8.20579433 -18.2435017 -2.08143163 8.20579433 -18.2031746 -2.25205088 8.52406406 -18.2031746 -2.25205088 8.52406406 -18.2031746 -2.25205088 8.52406406 -18.2031746 -2.25205088 8.52406406 -18.1352882 -2.39101672 8.79591656 -18.1352882 -2.39101672 8.79591656 -18.1352882 -2.39101672 8.79591656 -18.1352882 -2.39101672 8.79591656 -18.0230026 -2.51312613 8.97226143 -18.0230026 -2.51312613 8.97226143 -18.0230026 -2.51312613 8.97226143 -18.0230026 -2.51312613 8.97226143 -17.8699722 -2.63602448 9.07731915 -17.8699722 -2.63602448 9.07731915 -17.8699722 -2.63602448 9.07731915 -17.8699722 -2.63602448 9.07731915 -17.7037926 -2.77222204 9.18457222 -17.7037926 -2.77222204 9.18457222 -17.7037926 -2.77222204 9.18457222 -17.7037926 -2.77222204 9.18457222 -19.0200462 -2.26062489 8.49331093 -19.0200462 -2.26062489 8.49331093 -19.0200462 -2.26062489 8.49331093 -19.0200462 -2.26062489 8.49331093 -18.9613132 -2.31140351 8.83473778 -18.9613132 -2.31140351 8.83473778 -18.9613132 -2.31140351 8.83473778 -18.9613132 -2.31140351 8.83473778 -18.9043484 -2.42830348 9.10971832 -18.9043484 -2.42830348 9.10971832 -18.9043484 -2.42830348 9.10971832 -18.9043484 -2.42830348 9.10971832 -18.8324738 -2.67616558 9.29576969 -18.8324738 -2.67616558 9.29576969 -18.8324738 -2.67616558 9.29576969 -18.8324738 -2.67616558 9.29576969 -18.7362823 -2.91275501 9.44964886 -18.7362823 -2.91275501 9.44964886 -18.7362823 -2.91275501 9.44964886 -18.7362823 -2.91275501 9.44964886 -18.6304092 -3.05327916 9.62573338 -18.6304092 -3.05327916 9.62573338 -18.6304092 -3.05327916 9.62573338 -18.6304092 -3.05327916 9.62573338 -18.5237923 -3.07932997 9.84265518 -18.5237923 -3.07932997 9.84265518 -18.5237923 -3.07932997 9.84265518 -18.5237923 -3.07932997 9.84265518 -19.8662357 -2.7145772 9.10115623 -19.8662357 -2.7145772 9.10115623 -19.8662357 -2.7145772 9.10115623 -19.8662357 -2.7145772 9.10115623 -19.7693768 -2.87459421 9.32610607 -19.7693768 -2.87459421 9.32610607 -19.7693768 -2.87459421 9.32610607 -19.7693768 -2.87459421 9.32610607 -19.6786518 -3.0738461 9.53287601 -19.6786518 -3.0738461 9.53287601 -19.6786518 -3.0738461 9.53287601 -19.6786518 -3.0738461 9.53287601 -19.5811672 -3.27129507 9.74080086 -19.5811672 -3.27129507 9.74080086 -19.5811672 -3.27129507 9.74080086 -19.5811672 -3.27129507 9.74080086 -19.478281 -3.4069078 9.96667671 -19.478281 -3.4069078 9.96667671 -19.478281 -3.4069078 9.96667671 -19.478281 -3.4069078 9.96667671 -19.3809795 -3.46678448 10.2151432 -19.3809795 -3.46678448 10.2151432 -19.3809795 -3.46678448 10.2151432 -19.3809795 -3.46678448 10.2151432 -19.2941723 -3.44437265 10.4773035 -19.2941723 -3.44437265 10.4773035 -19.2941723 -3.44437265 10.4773035 -19.2941723 -3.44437265 10.4773035 -20.6876011 -3.03016019 9.81097794 -20.6876011 -3.03016019 9.81097794 -20.6876011 -3.03016019 9.81097794 -20.6876011 -3.03016019 9.81097794 -20.5575676 -3.10648823 10.0576277 -20.5575676 -3.10648823 10.0576277 -20.5575676 -3.10648823 10.0576277 -20.5575676 -3.10648823 10.0576277 -20.4557552 -3.18681002 10.2988625 -20.4557552 -3.18681002 10.2988625 -20.4557552 -3.18681002 10.2988625 -20.4557552 -3.18681002 10.2988625 -20.3677807 -3.29696417 10.5186005 -20.3677807 -3.29696417 10.5186005 -20.3677807 -3.29696417 10.5186005 -20.3677807 -3.29696417 10.5186005 -20.2828388 -3.39367104 10.7341537 -20.2828388 -3.39367104 10.7341537 -20.2828388 -3.39367104 10.7341537 -20.2828388 -3.39367104 10.7341537 -20.2080212 -3.44630766 10.9509182 -20.2080212 -3.44630766 10.9509182 -20.2080212 -3.44630766 10.9509182 -20.2080212 -3.44630766 10.9509182 -20.1610584 -3.43115044 11.1614408 -20.1610584 -3.43115044 11.1614408 -20.1610584 -3.43115044 11.1614408 -20.1610584 -3.43115044 11.1614408 -21.4510593 -3.16129351 10.7123499 -21.4510593 -3.16129351 10.7123499 -21.4510593 -3.16129351 10.7123499 -21.4510593 -3.16129351 10.7123499 -21.3512897 -3.28287029 10.8764992 -21.3512897 -3.28287029 10.8764992 -21.3512897 -3.28287029 10.8764992 -21.3512897 -3.28287029 10.8764992 -21.2699947 -3.49053288 11.0059843 -21.2699947 -3.49053288 11.0059843 -21.2699947 -3.49053288 11.0059843 -21.2699947 -3.49053288 11.0059843 -21.1788387 -3.71062279 11.1565895 -21.1788387 -3.71062279 11.1565895 -21.1788387 -3.71062279 11.1565895 -21.1788387 -3.71062279 11.1565895 -21.0825443 -3.82922864 11.3692064 -21.0825443 -3.82922864 11.3692064 -21.0825443 -3.82922864 11.3692064 -21.0825443 -3.82922864 11.3692064 -21.0148735 -3.7967329 11.6256943 -21.0148735 -3.7967329 11.6256943 -21.0148735 -3.7967329 11.6256943 -21.0148735 -3.7967329 11.6256943 -21.0048542 -3.67539477 11.860014 -21.0048542 -3.67539477 11.860014 -21.0048542 -3.67539477 11.860014 -21.0048542 -3.67539477 11.860014 -22.3475266 -3.61743236 11.3470554 -22.3475266 -3.61743236 11.3470554 -22.3475266 -3.61743236 11.3470554 -22.3475266 -3.61743236 11.3470554 -22.219698 -3.73531055 11.5212688 -22.219698 -3.73531055 11.5212688 -22.219698 -3.73531055 11.5212688 -22.219698 -3.73531055 11.5212688 -22.1007595 -3.79783416 11.7413778 -22.1007595 -3.79783416 11.7413778 -22.1007595 -3.79783416 11.7413778 -22.1007595 -3.79783416 11.7413778 -22.0031242 -3.81568861 11.981061 -22.0031242 -3.81568861 11.981061 -22.0031242 -3.81568861 11.981061 -22.0031242 -3.81568861 11.981061 -21.9320354 -3.83983469 12.202527 -21.9320354 -3.83983469 12.202527 -21.9320354 -3.83983469 12.202527 -21.9320354 -3.83983469 12.202527 -21.8820705 -3.88596582 12.3991299 -21.8820705 -3.88596582 12.3991299 -21.8820705 -3.88596582 12.3991299 -21.8820705 -3.88596582 12.3991299 -21.8464336 -3.94774246 12.577178 -21.8464336 -3.94774246 12.577178 -21.8464336 -3.94774246 12.577178 -21.8464336 -3.94774246 12.577178 -23.178915 -3.88638401 12.1692924 -23.178915 -3.88638401 12.1692924 -23.178915 -3.88638401 12.1692924 -23.178915 -3.88638401 12.1692924 -23.0571861 -4.00918102 12.3156881 -23.0571861 -4.00918102 12.3156881 -23.0571861 -4.00918102 12.3156881 -23.0571861 -4.00918102 12.3156881 -22.9418583 -4.10382557 12.4982224 -22.9418583 -4.10382557 12.4982224 -22.9418583 -4.10382557 12.4982224 -22.9418583 -4.10382557 12.4982224 -22.8402901 -4.15229416 12.7121792 -22.8402901 -4.15229416 12.7121792 -22.8402901 -4.15229416 12.7121792 -22.8402901 -4.15229416 12.7121792 -22.7648296 -4.15408993 12.938715 -22.7648296 -4.15408993 12.938715 -22.7648296 -4.15408993 12.938715 -22.7648296 -4.15408993 12.938715 -22.7241974 -4.1388011 13.1484613 -22.7241974 -4.1388011 13.1484613 -22.7241974 -4.1388011 13.1484613 -22.7241974 -4.1388011 13.1484613 -22.7059708 -4.17333841 13.3170137 -22.7059708 -4.17333841 13.3170137 -22.7059708 -4.17333841 13.3170137 -22.7059708 -4.17333841 13.3170137 -6.69935465 -3.15537071 8.10801601 -6.4924016 -3.02698636 8.25238514 -6.37135792 -2.96262956 8.3173008 -6.31840801 -2.89825439 8.31763077 -6.31150055 -2.75852704 8.26827145 -6.38214159 -2.52562904 8.2321825 -6.56549978 -2.26223397 8.23910904 -6.50258875 -3.21272874 8.34845352 -6.25270224 -3.11267877 8.47006798 -6.13975191 -3.05496001 8.55704117 -6.12870693 -3.0389688 8.58393478 -6.15471649 -2.97597075 8.55001354 -6.22408533 -2.76269126 8.49722862 -6.4243865 -2.46776652 8.47818756 -6.37517643 -3.33022451 8.51201153 -6.10809326 -3.19249129 8.636446 -6.01562834 -3.11452174 8.71905899 -6.02569342 -3.12011647 8.73286533 -6.04905176 -3.09270573 8.70687294 -6.11997509 -2.89944744 8.68258476 -6.31958294 -2.57307196 8.67988586 -6.34368372 -3.44455957 8.68379021 -6.07877398 -3.22833467 8.78754997 -6.02516079 -3.11120367 8.82811928 -6.05015755 -3.14930034 8.8126049 -6.03544664 -3.15178251 8.80895042 -6.07116032 -2.9431355 8.84691906 -6.26351357 -2.58464503 8.89587021 -6.41946125 -3.51802087 8.8691206 -6.14358568 -3.2788384 8.91928387 -6.0781846 -3.11989594 8.89104557 -6.09290457 -3.15397573 8.86023998 -6.06378174 -3.14814615 8.92165089 -6.08756113 -2.90679717 9.05618095 -6.28731346 -2.53707671 9.15268421 -6.59496927 -3.53656411 9.04717922 -6.31400347 -3.36403227 9.08376122 -6.1851182 -3.21846795 9.05915737 -6.15108442 -3.17846131 9.06509018 -6.14001417 -3.08802438 9.18508148 -6.20933151 -2.8279469 9.34123325 -6.44813919 -2.52542734 9.38595009 -6.85687542 -3.48696756 9.19528294 -6.61373806 -3.39551044 9.26237106 -6.46327019 -3.29507995 9.31142139 -6.39685011 -3.19060826 9.38572884 -6.41133022 -3.02601981 9.48171425 -6.5220437 -2.79790664 9.54008007 -6.74368048 -2.56913185 9.51111984 -12.2168512 -1.72763526 6.28905582 -12.0299273 -1.51491117 6.19806433 -11.9232492 -1.27749634 6.18689966 -11.8913689 -1.0539453 6.23317003 -11.9393444 -0.862086117 6.34044838 -12.076726 -0.736029625 6.50681829 -12.2898769 -0.694447875 6.69348335 -11.3768454 -1.84017277 6.74542475 -11.2578182 -1.67664099 6.64662504 -11.1883774 -1.48496616 6.62611914 -11.1815786 -1.30660045 6.69467354 -11.2318401 -1.17686212 6.81302881 -11.3088522 -1.07179964 6.92756081 -11.4067354 -0.957896352 7.04328775 -10.4440193 -2.25533104 6.75450754 -10.3434839 -2.019274 6.6420579 -10.2686195 -1.75742137 6.6193738 -10.2388573 -1.50279629 6.69542885 -10.2623091 -1.29336393 6.84301472 -10.3189058 -1.13637793 7.01769495 -10.3883371 -1.01340604 7.20229578 -9.60775089 -2.30259681 7.26442289 -9.54298782 -2.15819764 7.13795137 -9.47729492 -1.97980702 7.06060696 -9.42836857 -1.77374411 7.03414345 -9.4141655 -1.55392933 7.07394409 -9.43804741 -1.36001921 7.19548464 -9.49236679 -1.23764598 7.38747072 -8.78245735 -2.60964179 7.29891825 -8.70441055 -2.42558599 7.21416855 -8.64175797 -2.22237206 7.20073128 -8.59740925 -2.01486731 7.2083993 -8.57993984 -1.79352033 7.24445057 -8.59603405 -1.5864768 7.35099173 -8.65217876 -1.45116115 7.53740549 -8.07711697 -2.77938962 7.50078917 -7.98549128 -2.59702516 7.52446032 -7.93530607 -2.43430901 7.60239935 -7.92147923 -2.30255938 7.6713376 -7.94378424 -2.17903781 7.7244525 -7.97991323 -2.03398061 7.75818157 -8.02450371 -1.8558073 7.80591202 -7.44734764 -3.07348394 7.42012453 -7.28592539 -2.87976217 7.41034698 -7.16974115 -2.67119265 7.43860769 -7.11355639 -2.4550879 7.50122213 -7.13746643 -2.25231147 7.60820246 -7.24507618 -2.1098485 7.76504326 -7.41073513 -2.03496337 7.9261117 -12.4549122 -0.743961692 7.21359587 -12.391057 -0.700078845 7.58432627 -12.3751163 -0.638598859 7.96210241 -12.4034567 -0.579004586 8.32432938 -12.5068245 -0.530374229 8.64597034 -12.6728287 -0.483848184 8.94961548 -12.8403292 -0.421185493 9.27475834 -11.4202499 -0.630255699 7.45789194 -11.3907976 -0.57242465 7.78944349 -11.4312716 -0.676172495 8.11146545 -11.5036678 -0.812153518 8.40824604 -11.5918341 -0.879228652 8.69115829 -11.6646118 -0.820034862 8.99611568 -11.7419682 -0.77665323 9.31582832 -10.4950314 -0.97862792 7.67182302 -10.5268784 -1.06240165 7.93514156 -10.5438938 -1.07034409 8.21168613 -10.5609379 -1.01757228 8.51228905 -10.6002541 -0.983883739 8.81323719 -10.6698704 -1.05233812 9.07538605 -10.7586498 -1.19250071 9.28230095 -9.61276245 -1.2788049 7.85248899 -9.66120911 -1.4139967 8.0796175 -9.69800568 -1.53601718 8.29783344 -9.73355007 -1.6093595 8.51810646 -9.78434181 -1.65067124 8.73561573 -9.84586716 -1.6866982 8.93643284 -9.89022255 -1.68294525 9.14677811 -8.75274277 -1.44851542 7.99312782 -8.76101208 -1.4980377 8.21864033 -8.76306343 -1.52753353 8.45131874 -8.77343273 -1.53694534 8.69757938 -8.81437778 -1.56544757 8.9425106 -8.88653946 -1.65644276 9.1525774 -8.96733856 -1.77673507 9.32287693 -8.02497482 -1.66899562 8.11193657 -7.98095894 -1.68937743 8.3280468 -7.96549177 -1.73759472 8.55184269 -7.98576164 -1.81058419 8.77154064 -8.04438019 -1.88898194 8.97713947 -8.13144875 -1.97464573 9.15796757 -8.24338436 -2.08277798 9.29140091 -7.43842793 -1.93467307 8.21622086 -7.34006071 -1.96246481 8.41257954 -7.30364609 -2.05058575 8.61506367 -7.3191843 -2.14496589 8.81014824 -7.37708139 -2.1935358 9.00285339 -7.48429489 -2.24209929 9.17053795 -7.62723207 -2.28996205 9.30976772 -12.9529762 -2.33500123 8.70728588 -12.7520981 -2.35370088 8.42392445 -12.5671854 -2.37845635 8.14146328 -12.4477873 -2.37466455 7.84408998 -12.3866558 -2.24792957 7.53833485 -12.3738394 -2.13236213 7.19739151 -12.4059906 -2.01531887 6.83057117 -11.8494215 -2.5015626 8.76978111 -11.7391367 -2.52344728 8.51491642 -11.6555672 -2.60529184 8.23290062 -11.5870342 -2.64326906 7.93108606 -11.5231476 -2.50694108 7.6529479 -11.4783964 -2.26907659 7.41562748 -11.4861097 -2.10602164 7.15519667 -10.8887081 -2.93285894 8.84242153 -10.8332148 -3.02792311 8.57556438 -10.7784681 -3.09014463 8.28284454 -10.7146339 -3.05554438 7.98706484 -10.6517239 -2.90609074 7.71724415 -10.6056776 -2.72701859 7.46821117 -10.58076 -2.60287738 7.196311 -9.90816593 -2.83929253 8.86533451 -9.84634686 -2.87786102 8.67033958 -9.77593327 -2.85517931 8.45575142 -9.71328831 -2.76777434 8.24334812 -9.67555618 -2.63866305 8.04602242 -9.66330338 -2.51758337 7.85966682 -9.66555214 -2.45395732 7.65456247 -9.04389191 -3.04898453 8.93096447 -8.98515701 -3.10520029 8.74487782 -8.92034149 -3.08723307 8.53975105 -8.86295128 -2.99168825 8.34320545 -8.83409595 -2.86163616 8.16506672 -8.83586884 -2.77056408 7.98164845 -8.85314465 -2.73726249 7.76089525 -8.33005619 -3.3424809 9.01154613 -8.24154949 -3.41650748 8.81904888 -8.16965866 -3.45471025 8.59937572 -8.12352753 -3.46201539 8.35874081 -8.11174583 -3.42713833 8.1076479 -8.12312794 -3.32704949 7.87373734 -8.15202045 -3.15233612 7.69186544 -7.68678617 -3.31601882 9.03021812 -7.55723953 -3.40710402 8.88352203 -7.46261501 -3.49223113 8.69612789 -7.41019201 -3.53240252 8.47000408 -7.41309071 -3.53596497 8.21680546 -7.46210003 -3.51730251 7.94148302 -7.54139996 -3.43650413 7.67241335 -17.5243568 -2.59948993 9.6517086 -17.559597 -2.39121056 9.78267002 -17.612381 -2.1592896 9.84408092 -17.7110443 -1.93300319 9.88173962 -17.844162 -1.73067451 9.96297169 -17.9774036 -1.53825152 10.0690851 -18.0804558 -1.34214771 10.1320639 -18.5026531 -2.81917596 10.2111206 -18.5562706 -2.65378356 10.3140411 -18.5679626 -2.47363687 10.4115276 -18.5868359 -2.29206705 10.5271349 -18.6425972 -2.12199402 10.6805277 -18.7434196 -1.94570196 10.8121309 -18.8348331 -1.75348735 10.8837204 -19.287571 -3.12382793 10.884737 -19.4030857 -2.92880774 10.9474316 -19.5133305 -2.76152468 10.9820242 -19.5850964 -2.61897874 11.05233 -19.6135159 -2.48681426 11.1862755 -19.6257744 -2.33854723 11.3449764 -19.6551361 -2.15702271 11.4586878 -20.2302666 -3.25071812 11.4590969 -20.3017731 -3.16897631 11.5594559 -20.3333263 -3.10289097 11.6848421 -20.3143253 -3.01857471 11.8552675 -20.2819557 -2.88553262 12.0408869 -20.2846508 -2.6986742 12.1893196 -20.3467846 -2.47826672 12.2588577 -21.080061 -3.54881358 12.1590557 -21.0694504 -3.55836749 12.3166246 -21.0027294 -3.54494166 12.5319424 -20.9225731 -3.45469737 12.7792835 -20.8991737 -3.27497554 12.9843779 -20.9823265 -3.04941916 13.0653677 -21.1612797 -2.86003923 12.9841356 -21.8136044 -4.01043367 12.9168758 -21.804245 -3.9914484 13.091547 -21.7591076 -3.95142794 13.3010464 -21.7205982 -3.84201837 13.5178823 -21.7432652 -3.66084123 13.6788969 -21.8276329 -3.4454062 13.7598562 -21.9529076 -3.2260623 13.7628775 -22.6459579 -4.34847927 13.6307535 -22.5921383 -4.385149 13.8297586 -22.5717258 -4.329741 14.0245047 -22.6175709 -4.20172787 14.1642265 -22.7157402 -4.04917479 14.2350035 -22.8281689 -3.89819527 14.2604465 -22.9381161 -3.74661708 14.2551975 -18.8291111 -0.605080187 7.78219271 -18.8291111 -0.605080187 7.78219271 -18.8291111 -0.605080187 7.78219271 -18.8291111 -0.605080187 7.78219271 -18.9214878 -0.786766708 7.65051317 -18.9214878 -0.786766708 7.65051317 -18.9214878 -0.786766708 7.65051317 -18.9214878 -0.786766708 7.65051317 -18.9495392 -0.968169868 7.5386529 -18.9495392 -0.968169868 7.5386529 -18.9495392 -0.968169868 7.5386529 -18.9495392 -0.968169868 7.5386529 -18.9247608 -1.14698815 7.45029879 -18.9247608 -1.14698815 7.45029879 -18.9247608 -1.14698815 7.45029879 -18.9247608 -1.14698815 7.45029879 -18.8459129 -1.33089268 7.38908148 -18.8459129 -1.33089268 7.38908148 -18.8459129 -1.33089268 7.38908148 -18.8459129 -1.33089268 7.38908148 -18.696003 -1.50793159 7.3699832 -18.696003 -1.50793159 7.3699832 -18.696003 -1.50793159 7.3699832 -18.696003 -1.50793159 7.3699832 -18.4720764 -1.63151777 7.40814972 -18.4720764 -1.63151777 7.40814972 -18.4720764 -1.63151777 7.40814972 -18.4720764 -1.63151777 7.40814972 -19.4659672 -1.08800411 8.64651775 -19.4659672 -1.08800411 8.64651775 -19.4659672 -1.08800411 8.64651775 -19.4659672 -1.08800411 8.64651775 -19.3829765 -1.28713179 8.59578896 -19.3829765 -1.28713179 8.59578896 -19.3829765 -1.28713179 8.59578896 -19.3829765 -1.28713179 8.59578896 -19.3250809 -1.37748778 8.54706383 -19.3250809 -1.37748778 8.54706383 -19.3250809 -1.37748778 8.54706383 -19.3250809 -1.37748778 8.54706383 -19.3198509 -1.43535602 8.46232224 -19.3198509 -1.43535602 8.46232224 -19.3198509 -1.43535602 8.46232224 -19.3198509 -1.43535602 8.46232224 -19.3321381 -1.54062128 8.35009098 -19.3321381 -1.54062128 8.35009098 -19.3321381 -1.54062128 8.35009098 -19.3321381 -1.54062128 8.35009098 -19.3143005 -1.71685982 8.24194527 -19.3143005 -1.71685982 8.24194527 -19.3143005 -1.71685982 8.24194527 -19.3143005 -1.71685982 8.24194527 -19.2353611 -1.93961537 8.16637135 -19.2353611 -1.93961537 8.16637135 -19.2353611 -1.93961537 8.16637135 -19.2353611 -1.93961537 8.16637135 -20.4514809 -1.21064985 9.38363171 -20.4514809 -1.21064985 9.38363171 -20.4514809 -1.21064985 9.38363171 -20.4514809 -1.21064985 9.38363171 -20.4153786 -1.39708447 9.23075771 -20.4153786 -1.39708447 9.23075771 -20.4153786 -1.39708447 9.23075771 -20.4153786 -1.39708447 9.23075771 -20.3707123 -1.55876827 9.11193752 -20.3707123 -1.55876827 9.11193752 -20.3707123 -1.55876827 9.11193752 -20.3707123 -1.55876827 9.11193752 -20.3333855 -1.71741199 9.00276184 -20.3333855 -1.71741199 9.00276184 -20.3333855 -1.71741199 9.00276184 -20.3333855 -1.71741199 9.00276184 -20.2963104 -1.90098178 8.89713669 -20.2963104 -1.90098178 8.89713669 -20.2963104 -1.90098178 8.89713669 -20.2963104 -1.90098178 8.89713669 -20.2400608 -2.12217593 8.81480503 -20.2400608 -2.12217593 8.81480503 -20.2400608 -2.12217593 8.81480503 -20.2400608 -2.12217593 8.81480503 -20.1380329 -2.35969543 8.79552555 -20.1380329 -2.35969543 8.79552555 -20.1380329 -2.35969543 8.79552555 -20.1380329 -2.35969543 8.79552555 -21.2145939 -1.65815949 10.2038679 -21.2145939 -1.65815949 10.2038679 -21.2145939 -1.65815949 10.2038679 -21.2145939 -1.65815949 10.2038679 -21.2647324 -1.71220684 9.98906422 -21.2647324 -1.71220684 9.98906422 -21.2647324 -1.71220684 9.98906422 -21.2647324 -1.71220684 9.98906422 -21.294014 -1.83721924 9.79116631 -21.294014 -1.83721924 9.79116631 -21.294014 -1.83721924 9.79116631 -21.294014 -1.83721924 9.79116631 -21.2913303 -2.0203104 9.62151814 -21.2913303 -2.0203104 9.62151814 -21.2913303 -2.0203104 9.62151814 -21.2913303 -2.0203104 9.62151814 -21.2455616 -2.24548006 9.49529552 -21.2455616 -2.24548006 9.49529552 -21.2455616 -2.24548006 9.49529552 -21.2455616 -2.24548006 9.49529552 -21.1473885 -2.48800707 9.44190407 -21.1473885 -2.48800707 9.44190407 -21.1473885 -2.48800707 9.44190407 -21.1473885 -2.48800707 9.44190407 -21.0034695 -2.71427965 9.48174381 -21.0034695 -2.71427965 9.48174381 -21.0034695 -2.71427965 9.48174381 -21.0034695 -2.71427965 9.48174381 -22.0154972 -2.10246205 11.0137873 -22.0154972 -2.10246205 11.0137873 -22.0154972 -2.10246205 11.0137873 -22.0154972 -2.10246205 11.0137873 -22.0569057 -2.12277317 10.8129473 -22.0569057 -2.12277317 10.8129473 -22.0569057 -2.12277317 10.8129473 -22.0569057 -2.12277317 10.8129473 -22.0913467 -2.2105124 10.6094027 -22.0913467 -2.2105124 10.6094027 -22.0913467 -2.2105124 10.6094027 -22.0913467 -2.2105124 10.6094027 -22.1044407 -2.36531472 10.4191561 -22.1044407 -2.36531472 10.4191561 -22.1044407 -2.36531472 10.4191561 -22.1044407 -2.36531472 10.4191561 -22.0703087 -2.57572126 10.2769232 -22.0703087 -2.57572126 10.2769232 -22.0703087 -2.57572126 10.2769232 -22.0703087 -2.57572126 10.2769232 -21.9589691 -2.80075049 10.2409382 -21.9589691 -2.80075049 10.2409382 -21.9589691 -2.80075049 10.2409382 -21.9589691 -2.80075049 10.2409382 -21.7858353 -2.98269033 10.3287678 -21.7858353 -2.98269033 10.3287678 -21.7858353 -2.98269033 10.3287678 -21.7858353 -2.98269033 10.3287678 -22.8530178 -2.53986835 11.8149014 -22.8530178 -2.53986835 11.8149014 -22.8530178 -2.53986835 11.8149014 -22.8530178 -2.53986835 11.8149014 -22.8794136 -2.5427103 11.6328573 -22.8794136 -2.5427103 11.6328573 -22.8794136 -2.5427103 11.6328573 -22.8794136 -2.5427103 11.6328573 -22.897583 -2.60873842 11.4463854 -22.897583 -2.60873842 11.4463854 -22.897583 -2.60873842 11.4463854 -22.897583 -2.60873842 11.4463854 -22.8738899 -2.74153233 11.2954006 -22.8738899 -2.74153233 11.2954006 -22.8738899 -2.74153233 11.2954006 -22.8738899 -2.74153233 11.2954006 -22.8127766 -2.9121666 11.1920576 -22.8127766 -2.9121666 11.1920576 -22.8127766 -2.9121666 11.1920576 -22.8127766 -2.9121666 11.1920576 -22.7239761 -3.10126019 11.139286 -22.7239761 -3.10126019 11.139286 -22.7239761 -3.10126019 11.139286 -22.7239761 -3.10126019 11.139286 -22.6112041 -3.29275894 11.1456499 -22.6112041 -3.29275894 11.1456499 -22.6112041 -3.29275894 11.1456499 -22.6112041 -3.29275894 11.1456499 -23.8807678 -2.73874116 12.5326891 -23.8807678 -2.73874116 12.5326891 -23.8807678 -2.73874116 12.5326891 -23.8807678 -2.73874116 12.5326891 -23.8845596 -2.82004881 12.3337297 -23.8845596 -2.82004881 12.3337297 -23.8845596 -2.82004881 12.3337297 -23.8845596 -2.82004881 12.3337297 -23.8721561 -2.93616104 12.1499949 -23.8721561 -2.93616104 12.1499949 -23.8721561 -2.93616104 12.1499949 -23.8721561 -2.93616104 12.1499949 -23.8376884 -3.09149742 11.9904728 -23.8376884 -3.09149742 11.9904728 -23.8376884 -3.09149742 11.9904728 -23.8376884 -3.09149742 11.9904728 -23.7602406 -3.2796917 11.8870802 -23.7602406 -3.2796917 11.8870802 -23.7602406 -3.2796917 11.8870802 -23.7602406 -3.2796917 11.8870802 -23.6337223 -3.47149754 11.8656969 -23.6337223 -3.47149754 11.8656969 -23.6337223 -3.47149754 11.8656969 -23.6337223 -3.47149754 11.8656969 -23.4757042 -3.6363945 11.9250393 -23.4757042 -3.6363945 11.9250393 -23.4757042 -3.6363945 11.9250393 -23.4757042 -3.6363945 11.9250393 -18.2269344 -1.17190039 10.0086193 -18.3763676 -1.11440563 9.87346554 -18.5152779 -1.04993045 9.7319088 -18.6195259 -0.940810263 9.53044033 -18.6912212 -0.746027648 9.24337101 -18.7354336 -0.559342921 8.87298965 -18.7125015 -0.511084795 8.41749477 -19.0557766 -1.41729367 10.7385845 -19.1751404 -1.32886517 10.548893 -19.2786484 -1.21867323 10.3566666 -19.3796997 -1.02835333 10.1578016 -19.4778862 -0.786119103 9.90493202 -19.5487118 -0.653767467 9.56478405 -19.5538921 -0.689131916 9.16396427 -19.8580513 -1.84354591 11.3243484 -19.9660587 -1.76432836 11.1289339 -20.0572739 -1.6551913 10.9313231 -20.1483936 -1.46398818 10.7426329 -20.2477093 -1.20769548 10.5313215 -20.3531342 -0.975945354 10.2665291 -20.4313049 -0.908763111 9.93692112 -20.5951881 -2.04492402 12.1355762 -20.725832 -1.83456314 12.0001154 -20.855629 -1.63234651 11.8204145 -20.9771442 -1.52466524 11.5609417 -21.0686054 -1.52751684 11.2465944 -21.1218033 -1.59051323 10.9308615 -21.1436901 -1.65478671 10.6531725 -21.5254765 -2.74193048 12.5507059 -21.6280861 -2.66802692 12.3756399 -21.711359 -2.51382089 12.2331772 -21.7954521 -2.36451936 12.0571384 -21.8702583 -2.26287127 11.8422804 -21.9237537 -2.21236801 11.6121273 -21.9543991 -2.18139625 11.3965845 -22.236145 -2.80136538 13.6030321 -22.3855228 -2.63507724 13.4297628 -22.5277004 -2.51676035 13.2070522 -22.6539135 -2.39731789 12.9771233 -22.7639809 -2.33167601 12.7183447 -22.841259 -2.35804605 12.4390955 -22.8716049 -2.44193411 12.1820688 -23.162262 -3.42691922 14.1295052 -23.2778416 -3.24918985 14.0139246 -23.3995113 -3.09384704 13.8485518 -23.5176468 -2.99744344 13.6316204 -23.6179523 -2.94224548 13.3951807 -23.6989784 -2.88135862 13.1712599 -23.7765179 -2.77887201 12.9655113 -14.746191 -3.28470016 -16.8704414 -14.7841311 -3.43515134 -16.5671768 -14.8540878 -3.50989437 -16.278429 -14.9084282 -3.62048149 -16.0870514 -14.9574404 -3.8608532 -15.9529467 -14.921092 -4.207582 -15.8661079 -14.8090982 -4.49535942 -15.8801374 -15.1414261 -3.31360412 -16.9417534 -15.1433811 -3.54132199 -16.7479649 -15.1755438 -3.66394162 -16.5116024 -15.255229 -3.76592278 -16.2739697 -15.3060102 -3.99247837 -16.0415421 -15.2546606 -4.27754354 -15.8899117 -15.168643 -4.50366879 -15.8354034 -15.5351162 -3.36869931 -16.9886169 -15.5174723 -3.62160087 -16.8697205 -15.5271711 -3.76995301 -16.6704769 -15.5940008 -3.87312269 -16.3988724 -15.6189804 -4.06682205 -16.1642284 -15.575388 -4.30527496 -16.0236263 -15.5177288 -4.53706455 -15.9520531 -15.9321489 -3.39667273 -17.0008297 -15.9129705 -3.63510847 -16.8991985 -15.9242296 -3.79341364 -16.6969547 -15.9536724 -3.94029021 -16.4568596 -15.9527187 -4.13737249 -16.2724648 -15.9139605 -4.37741041 -16.1814556 -15.8651981 -4.63909149 -16.1560307 -16.3356419 -3.39703465 -16.9636726 -16.3280258 -3.60229135 -16.8196335 -16.3345833 -3.77403092 -16.620182 -16.3344517 -3.96171761 -16.4377804 -16.3115959 -4.18795252 -16.3193398 -16.2673855 -4.45127058 -16.2774773 -16.218647 -4.73315907 -16.2807865 -16.7348328 -3.41373777 -16.9344292 -16.730402 -3.59268045 -16.747879 -16.7259197 -3.77418971 -16.562624 -16.7117863 -3.9795475 -16.4145107 -16.6821289 -4.21970129 -16.3267422 -16.639431 -4.49223757 -16.2998085 -16.5953598 -4.77506161 -16.2946758 -17.1154194 -3.49953246 -17.0194054 -17.1056557 -3.67198491 -16.8221207 -17.0944843 -3.85071969 -16.6347084 -17.0761223 -4.05302715 -16.4865646 -17.0471592 -4.28874159 -16.3953953 -17.0089512 -4.55495405 -16.3571625 -16.969471 -4.82785511 -16.3310356 -16.7101097 -1.40054274 -11.4019976 -17.1574364 -1.99290717 -12.0604143 -16.8130627 -2.22498775 -12.8848066 -16.8711948 -2.71478772 -13.5989885 -17.1225758 -3.3385241 -14.2074738 -17.0870075 -3.80147314 -14.9831362 -17.1924477 -4.35087729 -15.6717396 -16.7822666 -1.24809217 -11.4669609 -17.2365723 -1.7688365 -12.1570339 -16.9715271 -2.13902402 -12.927062 -16.948122 -2.58498955 -13.6726055 -17.1560326 -3.13914919 -14.3425112 -17.1049118 -3.63163042 -15.0874424 -17.2184219 -4.16078949 -15.7825747 -16.8479366 -1.04195738 -11.5437469 -17.2245998 -1.53718638 -12.252964 -17.1159306 -1.98976886 -12.9924297 -17.0238018 -2.44310093 -13.7416468 -17.1424465 -2.94929767 -14.4544792 -17.0982227 -3.44432473 -15.1911898 -17.2142849 -3.95189738 -15.9031668 -16.9712486 -0.822799504 -11.6233635 -17.1757698 -1.31902814 -12.3429632 -17.2069206 -1.80314124 -13.0727177 -17.1090755 -2.28080988 -13.8143816 -17.1028328 -2.76532245 -14.5542192 -17.0894127 -3.25039315 -15.2976055 -17.1835384 -3.74010754 -16.0289764 -17.1592083 -0.608819366 -11.7002163 -17.135685 -1.10626972 -12.4296532 -17.2317448 -1.60306478 -13.1599283 -17.2224483 -2.09584618 -13.8938179 -17.0524769 -2.59381199 -14.6446085 -17.1032391 -3.06122899 -15.4039583 -17.2114582 -3.53240013 -16.1514931 -17.3383884 -0.382680148 -11.787241 -17.1417084 -0.897675753 -12.5095663 -17.1754856 -1.40654361 -13.2423353 -17.3177643 -1.86957657 -13.9947872 -17.0136032 -2.4449265 -14.7175808 -17.1364632 -2.88514566 -15.5001574 -17.3460312 -3.3302772 -16.2604237 -17.418045 -0.134520933 -11.9008856 -17.1515808 -0.690424263 -12.5925064 -17.0435638 -1.24560523 -13.2950172 -17.3127327 -1.59518766 -14.126009 -17.0406361 -2.2772119 -14.7830286 -17.1550751 -2.72208381 -15.578867 -17.4901867 -3.1123395 -16.3640842 -14.4601889 -1.48710108 -11.0919905 -14.4601889 -1.48710108 -11.0919905 -14.4601889 -1.48710108 -11.0919905 -14.4601889 -1.48710108 -11.0919905 -14.4946585 -1.97157419 -11.7829437 -14.4946585 -1.97157419 -11.7829437 -14.4946585 -1.97157419 -11.7829437 -14.4946585 -1.97157419 -11.7829437 -14.5261908 -2.51427484 -12.436224 -14.5261908 -2.51427484 -12.436224 -14.5261908 -2.51427484 -12.436224 -14.5261908 -2.51427484 -12.436224 -14.5759068 -2.70176816 -13.3194714 -14.5759068 -2.70176816 -13.3194714 -14.5759068 -2.70176816 -13.3194714 -14.5759068 -2.70176816 -13.3194714 -14.607235 -3.2551775 -13.9658642 -14.607235 -3.2551775 -13.9658642 -14.607235 -3.2551775 -13.9658642 -14.607235 -3.2551775 -13.9658642 -14.6254396 -3.99674153 -14.4904871 -14.6254396 -3.99674153 -14.4904871 -14.6254396 -3.99674153 -14.4904871 -14.6254396 -3.99674153 -14.4904871 -14.6810818 -4.1636281 -15.3870916 -14.6810818 -4.1636281 -15.3870916 -14.6810818 -4.1636281 -15.3870916 -14.6810818 -4.1636281 -15.3870916 -14.8341503 -1.503492 -11.1309042 -14.8341503 -1.503492 -11.1309042 -14.8341503 -1.503492 -11.1309042 -14.8341503 -1.503492 -11.1309042 -14.8682384 -1.955827 -11.8440351 -14.8682384 -1.955827 -11.8440351 -14.8682384 -1.955827 -11.8440351 -14.8682384 -1.955827 -11.8440351 -14.9003935 -2.4758873 -12.5133324 -14.9003935 -2.4758873 -12.5133324 -14.9003935 -2.4758873 -12.5133324 -14.9003935 -2.4758873 -12.5133324 -14.9440699 -2.72383571 -13.3597422 -14.9440699 -2.72383571 -13.3597422 -14.9440699 -2.72383571 -13.3597422 -14.9440699 -2.72383571 -13.3597422 -14.982523 -3.15977025 -14.0842953 -14.982523 -3.15977025 -14.0842953 -14.982523 -3.15977025 -14.0842953 -14.982523 -3.15977025 -14.0842953 -15.0107489 -3.80895638 -14.6698971 -15.0107489 -3.80895638 -14.6698971 -15.0107489 -3.80895638 -14.6698971 -15.0107489 -3.80895638 -14.6698971 -15.0472832 -4.28747988 -15.3667898 -15.0472832 -4.28747988 -15.3667898 -15.0472832 -4.28747988 -15.3667898 -15.0472832 -4.28747988 -15.3667898 -15.2048655 -1.52455473 -11.1658964 -15.2048655 -1.52455473 -11.1658964 -15.2048655 -1.52455473 -11.1658964 -15.2048655 -1.52455473 -11.1658964 -15.2337551 -2.00611567 -11.8608885 -15.2337551 -2.00611567 -11.8608885 -15.2337551 -2.00611567 -11.8608885 -15.2337551 -2.00611567 -11.8608885 -15.2652435 -2.45259905 -12.5790558 -15.2652435 -2.45259905 -12.5790558 -15.2652435 -2.45259905 -12.5790558 -15.2652435 -2.45259905 -12.5790558 -15.3031893 -2.70190406 -13.4270105 -15.3031893 -2.70190406 -13.4270105 -15.3031893 -2.70190406 -13.4270105 -15.3031893 -2.70190406 -13.4270105 -15.3425827 -3.1436646 -14.1505699 -15.3425827 -3.1436646 -14.1505699 -15.3425827 -3.1436646 -14.1505699 -15.3425827 -3.1436646 -14.1505699 -15.3800764 -3.74250484 -14.7708921 -15.3800764 -3.74250484 -14.7708921 -15.3800764 -3.74250484 -14.7708921 -15.3800764 -3.74250484 -14.7708921 -15.4053669 -4.51707602 -15.2750263 -15.4053669 -4.51707602 -15.2750263 -15.4053669 -4.51707602 -15.2750263 -15.4053669 -4.51707602 -15.2750263 -15.5705862 -1.58836722 -11.1721697 -15.5705862 -1.58836722 -11.1721697 -15.5705862 -1.58836722 -11.1721697 -15.5705862 -1.58836722 -11.1721697 -15.5916452 -2.11363053 -11.8389549 -15.5916452 -2.11363053 -11.8389549 -15.5916452 -2.11363053 -11.8389549 -15.5916452 -2.11363053 -11.8389549 -15.6179781 -2.50246644 -12.5943918 -15.6179781 -2.50246644 -12.5943918 -15.6179781 -2.50246644 -12.5943918 -15.6179781 -2.50246644 -12.5943918 -15.6464109 -2.70401859 -13.4759283 -15.6464109 -2.70401859 -13.4759283 -15.6464109 -2.70401859 -13.4759283 -15.6464109 -2.70401859 -13.4759283 -15.688427 -3.26925135 -14.1214705 -15.688427 -3.26925135 -14.1214705 -15.688427 -3.26925135 -14.1214705 -15.688427 -3.26925135 -14.1214705 -15.7330132 -3.89348769 -14.7265072 -15.7330132 -3.89348769 -14.7265072 -15.7330132 -3.89348769 -14.7265072 -15.7330132 -3.89348769 -14.7265072 -15.7635794 -4.68464661 -15.2197676 -15.7635794 -4.68464661 -15.2197676 -15.7635794 -4.68464661 -15.2197676 -15.7635794 -4.68464661 -15.2197676 -15.9425697 -1.6612699 -11.1753101 -15.9425697 -1.6612699 -11.1753101 -15.9425697 -1.6612699 -11.1753101 -15.9425697 -1.6612699 -11.1753101 -15.9512911 -2.21058607 -11.8263006 -15.9512911 -2.21058607 -11.8263006 -15.9512911 -2.21058607 -11.8263006 -15.9512911 -2.21058607 -11.8263006 -15.9602785 -2.51643085 -12.6301632 -15.9602785 -2.51643085 -12.6301632 -15.9602785 -2.51643085 -12.6301632 -15.9602785 -2.51643085 -12.6301632 -15.9740791 -2.82340336 -13.4431057 -15.9740791 -2.82340336 -13.4431057 -15.9740791 -2.82340336 -13.4431057 -15.9740791 -2.82340336 -13.4431057 -16.0340538 -3.5699091 -13.9675426 -16.0340538 -3.5699091 -13.9675426 -16.0340538 -3.5699091 -13.9675426 -16.0340538 -3.5699091 -13.9675426 -16.0868511 -4.16413975 -14.594594 -16.0868511 -4.16413975 -14.594594 -16.0868511 -4.16413975 -14.594594 -16.0868511 -4.16413975 -14.594594 -16.1380234 -4.67435646 -15.2837362 -16.1380234 -4.67435646 -15.2837362 -16.1380234 -4.67435646 -15.2837362 -16.1380234 -4.67435646 -15.2837362 -16.3178425 -1.62634194 -11.2465973 -16.3178425 -1.62634194 -11.2465973 -16.3178425 -1.62634194 -11.2465973 -16.3178425 -1.62634194 -11.2465973 -16.308876 -2.23870873 -11.857811 -16.308876 -2.23870873 -11.857811 -16.308876 -2.23870873 -11.857811 -16.308876 -2.23870873 -11.857811 -16.2706604 -2.43011761 -12.7223568 -16.2706604 -2.43011761 -12.7223568 -16.2706604 -2.43011761 -12.7223568 -16.2706604 -2.43011761 -12.7223568 -16.2858849 -2.93921447 -13.4045658 -16.2858849 -2.93921447 -13.4045658 -16.2858849 -2.93921447 -13.4045658 -16.2858849 -2.93921447 -13.4045658 -16.3892746 -3.76608109 -13.8656044 -16.3892746 -3.76608109 -13.8656044 -16.3892746 -3.76608109 -13.8656044 -16.3892746 -3.76608109 -13.8656044 -16.4516602 -4.25096464 -14.5761843 -16.4516602 -4.25096464 -14.5761843 -16.4516602 -4.25096464 -14.5761843 -16.4516602 -4.25096464 -14.5761843 -16.5224152 -4.54072905 -15.4350786 -16.5224152 -4.54072905 -15.4350786 -16.5224152 -4.54072905 -15.4350786 -16.5224152 -4.54072905 -15.4350786 -16.6539688 -1.48689544 -11.3665152 -16.6539688 -1.48689544 -11.3665152 -16.6539688 -1.48689544 -11.3665152 -16.6539688 -1.48689544 -11.3665152 -16.6404457 -2.21872711 -11.9111681 -16.6404457 -2.21872711 -11.9111681 -16.6404457 -2.21872711 -11.9111681 -16.6404457 -2.21872711 -11.9111681 -16.5184345 -2.33618355 -12.8046694 -16.5184345 -2.33618355 -12.8046694 -16.5184345 -2.33618355 -12.8046694 -16.5184345 -2.33618355 -12.8046694 -16.5606632 -2.94084883 -13.4311495 -16.5606632 -2.94084883 -13.4311495 -16.5606632 -2.94084883 -13.4311495 -16.5606632 -2.94084883 -13.4311495 -16.7246971 -3.72919607 -13.9094343 -16.7246971 -3.72919607 -13.9094343 -16.7246971 -3.72919607 -13.9094343 -16.7246971 -3.72919607 -13.9094343 -16.7836781 -4.12834978 -14.7008553 -16.7836781 -4.12834978 -14.7008553 -16.7836781 -4.12834978 -14.7008553 -16.7836781 -4.12834978 -14.7008553 -16.8681259 -4.45303011 -15.5578346 -16.8681259 -4.45303011 -15.5578346 -16.8681259 -4.45303011 -15.5578346 -16.8681259 -4.45303011 -15.5578346 -14.0382519 0.0484226942 -11.7067766 -14.1814575 -0.29514876 -11.7074995 -14.2501173 -0.618704438 -11.7051725 -14.2359104 -0.887288511 -11.6573706 -14.1878119 -1.06835008 -11.5385714 -14.1160679 -1.19303572 -11.3740807 -14.0469799 -1.3182739 -11.1965961 -14.241333 -0.384932548 -12.4163666 -14.2361488 -0.679242134 -12.3754168 -14.2153854 -0.962026536 -12.3338451 -14.2456369 -1.21182919 -12.2627182 -14.2819929 -1.41118789 -12.1483288 -14.2695036 -1.57636929 -12.0107508 -14.2194624 -1.74366271 -11.8701153 -13.9319601 -0.845906317 -13.1614037 -14.0414543 -1.09955263 -13.0782595 -14.1980343 -1.34308732 -12.9908037 -14.3636751 -1.5758003 -12.8900661 -14.4535427 -1.79342902 -12.7768841 -14.4516392 -1.99685621 -12.6617289 -14.3672657 -2.19685149 -12.5517254 -14.352994 -1.27791464 -13.8736591 -14.4660797 -1.49781263 -13.7539635 -14.506299 -1.72576642 -13.635231 -14.4516077 -1.96195221 -13.5257978 -14.3397331 -2.19451857 -13.4310684 -14.221611 -2.41857576 -13.3444605 -14.0793514 -2.6380024 -13.2614574 -14.4250641 -1.73251522 -14.6112814 -14.4341211 -1.92797303 -14.4546595 -14.3763876 -2.13945961 -14.2969809 -14.2722321 -2.36251783 -14.1741543 -14.1654434 -2.58949494 -14.0986805 -14.0829859 -2.82551956 -14.0398874 -14.0768757 -3.07640195 -13.9671535 -14.6279106 -2.16142821 -15.3629627 -14.4507418 -2.35493803 -15.1450462 -14.2899628 -2.56620049 -14.9250956 -14.2236519 -2.75022745 -14.7867975 -14.2467918 -2.97099447 -14.72334 -14.3491764 -3.26783872 -14.6708813 -14.4784489 -3.56721473 -14.6225414 -14.4622173 -2.62880588 -16.0603428 -14.558403 -2.72703362 -15.7748919 -14.5134001 -2.90510201 -15.4789782 -14.4171095 -3.09475017 -15.3140936 -14.3448906 -3.31170821 -15.3031235 -14.2591038 -3.60247421 -15.3484983 -14.1711397 -3.92767072 -15.3718185 </float_array>
          <technique_common>
            <accessor count="7601" offset="0" source="#Cube_1-positions-array" stride="3">
              <param name="X" type="float" />
              <param name="Y" type="float" />
              <param name="Z" type="float" />
            </accessor>
          </technique_common>
        </source>
        <source id="Cube_1-normals" name="Cube_1-normals">
          <float_array id="Cube_1-normals-array" count="22803"> 0.0698975995 -0.669876993 -0.739174604 0.235106707 0.804922938 -0.544815481 0.584311545 -0.610112071 0.535110593 0.587574124 -0.713868618 -0.380983263 -0.175802514 0.469206691 0.865412414 0.0447015949 0.314411223 -0.948233843 0.140202448 -0.988217235 -0.0614010692 -0.0794004425 0.329801828 -0.94070518 -0.0832990557 0.733291686 -0.674792349 -0.826342404 0.541927755 -0.153207853 0.213995591 0.579488039 -0.786383808 0.598916769 0.746220887 0.290608138 -0.0668028742 0.210809082 0.975241959 -0.276996136 -0.92218715 -0.269896239 -0.498187989 -0.833279908 0.239694238 0.00950022414 0.636014998 0.771618247 0.202504784 -0.102302417 0.973923028 -0.331893086 -0.932780564 -0.14059706 -0.705017447 0.450511158 0.547713518 -0.995393038 -0.0829994157 -0.0479996614 0.0728975236 0.99126631 0.109896265 0.103997074 0.754178762 -0.64838177 0.103997074 0.754178762 -0.64838177 0.167803839 0.461510539 0.871119976 -0.0372003317 -0.24500218 -0.968808591 -0.667729259 -0.105904646 -0.736832321 -0.989358187 -0.14549385 -0.00139994069 0.0383990631 -0.992875755 0.112797245 0.0558982417 -0.676978707 0.733876944 0.0956982598 -0.94548279 0.311294317 0.114595398 0.242890239 -0.963261306 0.98963511 -0.13420476 0.0511018112 0.998364985 -0.00269990554 0.0570980012 -0.0223993417 0.706579268 -0.707279265 -0.00769984117 -0.616287291 0.787483811 -0.0488000847 0.893401563 0.446600765 -0.113299757 0.513298929 0.850698173 -0.113299757 0.513298929 0.850698173 -0.135601699 0.0434005447 0.989812374 -0.672673523 -0.739370942 0.0289988592 -0.992065132 0.0707975104 -0.10389635 0.338009983 -0.0147004342 0.941027761 0.482607692 0.0499007925 0.874413908 0.57140404 -0.707005024 0.416702956 0.58257699 -0.796468616 0.161993608 -0.12980102 -0.836606562 0.532204151 -0.19220461 0.281806767 0.940022528 -0.994231641 0.105503358 -0.0193006154 0.696902692 0.503801942 -0.510401964 0.846669257 0.459183306 0.268890232 -0.387691438 -0.484189332 0.784382701 0.068197079 -0.0774966851 0.994657457 0.281605572 -0.243504807 0.928118348 0.973121285 -0.185404047 0.136602998 -0.0263987165 0.999651372 -0.000499975693 -0.0869032219 -0.898533285 -0.430215925 -0.147999316 0.924795687 -0.350498348 -0.438812792 -0.121503539 0.890325904 -0.458780199 -0.370184034 -0.807765126 -0.502289534 -0.796583354 0.336392999 0.231995478 -0.199296132 -0.952081501 0.277998209 0.444797128 0.851394534 -0.913267434 -0.396485865 0.0934966728 0.0139005473 0.627824724 0.778230608 0.159195974 0.443788797 0.88187772 0.308809131 0.924827337 0.222106576 0.756322622 -0.609718263 0.237107098 -0.480885535 -0.576182723 -0.660880148 -0.892215192 -0.0016000272 -0.451607674 0.543814123 -0.056201458 0.837321699 0.543897331 0.823795974 0.159799218 -0.433686763 0.402087718 -0.806375384 0.055602435 -0.997543693 0.0426018648 0.180897549 -0.931287467 -0.316195726 0.211695343 -0.960278869 -0.181795985 0.350709766 -0.935826123 -0.0351009816 0.165201172 -0.962606847 0.214701518 0.214193493 -0.913272202 0.346489489 0.214193493 -0.913272202 0.346489489 -0.0733980909 -0.957075119 0.280392706 0.0939024538 0.995225966 -0.0266006943 0.0939024538 0.995225966 -0.0266006943 0.111601278 0.964311063 -0.240102753 0.111601278 0.964311063 -0.240102753 -0.00190006662 -0.957233548 -0.289310127 -0.17579475 -0.920072556 0.35008958 -0.348115742 -0.887640119 -0.301513612 -0.482723147 -0.8426404 0.238611445 -0.374488354 -0.776875794 0.50618428 -0.450389743 -0.685884356 0.571587026 -0.450389743 -0.685884356 0.571587026 -0.6443941 -0.60699445 0.465095729 -0.415406793 0.85401392 0.313205123 -0.443186402 0.883172929 0.153595299 -0.443186402 0.883172929 0.153595299 -0.233102977 0.958812296 0.162302092 -0.298691809 0.951873899 -0.0686981156 -0.325692564 0.904479325 -0.275393695 -0.020399522 -0.818680763 -0.573886514 -0.114994906 -0.951157808 -0.286487311 -0.114994906 -0.951157808 -0.286487311 0.648784757 0.759982169 -0.0387990884 0.648784757 0.759982169 -0.0387990884 0.0462005995 -0.98621279 -0.158902064 0.0920957997 -0.995654523 -0.0137993693 0.266694278 -0.953879535 -0.137797043 -0.0121993748 -0.88805449 -0.459576458 -0.0121993748 -0.88805449 -0.459576458 -0.207000241 0.915001035 -0.346300393 -0.207000241 0.915001035 -0.346300393 -0.590290666 0.785587549 -0.18549706 0.287996352 0.957387924 0.0215997268 0.287996352 0.957387924 0.0215997268 0.694982529 -0.703882277 -0.146796301 0.733297169 -0.664397418 -0.144399449 0.742691994 -0.658992887 -0.118898727 -0.585893631 0.78509146 -0.200897828 -0.675018251 0.560815156 -0.479412943 -0.790825725 0.611219883 0.0317010321 -0.0640989095 -0.997783124 -0.0178996958 -0.119494058 -0.980851233 -0.153792351 -0.316701978 -0.934605777 0.161900997 -0.491994739 -0.868690729 0.0575993806 0.277487099 0.942356169 0.186991319 0.277487099 0.942356169 0.186991319 -0.340197563 -0.746994615 0.5711959 0.0155001599 0.844008684 -0.536105514 0.269401282 -0.953504443 -0.135100648 0.991625905 0.0775020272 0.103302702 0.385705054 -0.838911057 0.38400507 0.385705054 -0.838911057 0.38400507 -0.503695309 0.8510921 0.148098633 -0.937770128 0.0107996566 0.347088933 0.490902811 0.852204859 -0.181001037 0.930222094 0.259606183 0.259406179 -0.35369125 -0.867978454 -0.348591357 -0.924118876 -0.346807092 -0.160403281 0.0779027045 0.408714175 -0.90933156 0.270512432 -0.948643506 0.16400753 -0.162000924 -0.976505578 -0.142100826 -0.209997311 -0.717090905 0.664591551 0.199710786 0.155408382 -0.967452288 -0.0376991369 0.989377379 0.140396789 -0.181206807 -0.0040001506 0.983436942 0.114001676 0.72541064 -0.67881 0.194296613 -0.944583535 -0.264595389 0.313393652 -0.917181432 -0.246095002 0.761973679 -0.163694337 0.626578391 0.312996298 -0.378695518 -0.87098974 -0.239185885 0.705658317 0.666960657 -0.239185885 0.705658317 0.666960657 0.369808972 -0.652915835 -0.661016047 0.369808972 -0.652915835 -0.661016047 0.170903534 0.970720053 -0.168803483 0.170903534 0.970720053 -0.168803483 -0.21968931 -0.5937711 0.774062335 -0.257906199 -0.748918056 0.610414743 -0.257906199 -0.748918056 0.610414743 0.0758018866 0.641915977 0.763018966 0.0758018866 0.641915977 0.763018966 0.169700831 0.597503006 0.783703864 -0.0815034881 -0.604225814 -0.792633832 -0.257890105 -0.510380387 -0.820368528 -0.518893123 0.85388869 -0.0402994677 -0.779370725 0.544279575 -0.310388356 0.382980824 -0.834058225 -0.397080123 0.467291921 -0.85398519 -0.22879605 0.397215247 0.700726926 0.592622757 0.397215247 0.700726926 0.592622757 0.658402741 -0.629102647 -0.41320172 -0.15199782 -0.770388961 0.61919111 0.139099464 0.281598926 -0.949396372 -0.1906012 0.742804706 -0.641804039 0.674152315 -0.521463156 -0.523063064 0.850924075 -0.363910317 0.378810734 0.850924075 -0.363910317 0.378810734 0.189595416 -0.341991723 -0.920377731 0.945256829 0.148293242 -0.290686727 -0.0247004069 0.773912728 -0.632810414 0.0383990631 -0.992875755 0.112797245 0.0735999346 -0.992099047 -0.101599902 0.0984991863 -0.988791883 0.112199076 0.999527216 0.00900024455 0.0294008013 0.0735999346 -0.992099047 -0.101599902 0.0754034445 -0.912741661 -0.401518315 0.118900917 -0.96240741 -0.244201884 0.999386072 0.0349995121 0.00159997761 0.0736000985 -0.892301202 -0.445400596 0.0754034445 -0.912741661 -0.401518315 0.190503374 -0.906115949 -0.377706677 -0.973065555 0.229091898 -0.0256990902 0.0711981803 -0.97587508 -0.206394747 0.0736000985 -0.892301202 -0.445400596 0.331002712 -0.918007553 -0.218401805 -0.99921304 0.0368004814 -0.0148001928 0.0389002338 -0.983905971 0.17440106 0.0711981803 -0.97587508 -0.206394747 0.467710495 -0.883219779 0.0342007689 -0.999380946 0.0259995051 -0.0236995481 0.0389002338 -0.983905971 0.17440106 0.550209403 -0.811113894 0.198403403 -0.0270003621 -0.896112025 0.443005919 -0.999112904 0.0324004181 -0.0269003473 0.582112491 -0.786316872 0.207004443 -0.0270003621 -0.896112025 0.443005919 -0.12980102 -0.836606562 0.532204151 -0.99735105 0.068803519 -0.0236012079 0.140295282 -0.988166809 -0.0619979165 -0.00390000339 0.332200289 -0.943200827 -0.057800401 0.692804813 -0.718805015 0.125900164 0.293600351 -0.947601199 0.200902596 -0.979512632 -0.0139001785 -0.0513984561 0.656380296 -0.752677381 0.0777025893 0.242908105 -0.966932237 0.0970950797 -0.992949665 0.0679965615 -0.0270990711 0.657377422 -0.75307411 0.025499491 0.657886863 -0.75268501 -0.0684018508 0.24610664 -0.966826081 -0.151204228 -0.979527354 0.13290371 0.0656007975 0.658508003 -0.749709129 -0.167896509 0.329293162 -0.929180741 -0.300200254 -0.934700847 0.190300167 -0.0342018493 -0.646034956 0.762541234 -0.14500083 0.513902962 -0.84550488 -0.29019475 -0.92478323 0.246095538 0.00429980364 -0.667869508 0.744266033 -0.0550992787 0.675291121 -0.735490322 -0.0800005719 -0.951706767 0.296402127 0.116101921 -0.528408766 -0.841013968 0.257105738 -0.263305873 -0.929820776 0.587574124 -0.713868618 -0.380983263 0.129099146 -0.252698332 -0.958893716 0.151007548 -0.160908058 -0.97534883 0.257105738 -0.263305873 -0.929820776 0.00849965028 -0.024698982 -0.999658763 0.151007548 -0.160908058 -0.97534883 -0.000399984827 -0.149494335 -0.988762498 0.00849965028 -0.024698982 -0.999658763 -0.107601747 0.140502274 -0.984215975 -0.109097473 0.0174995959 -0.993876994 -0.107601747 0.140502274 -0.984215975 -0.140505657 0.226009101 -0.963938892 -0.16469419 0.304189265 -0.938266933 -0.118500277 0.367100865 -0.922602117 -0.16469419 0.304189265 -0.938266933 -0.181000128 0.36310026 -0.91400069 0.0447015949 0.314411223 -0.948233843 -0.0897040665 0.358416259 -0.929242134 -0.181000128 0.36310026 -0.91400069 0.319494903 0.0364994146 0.946884871 0.338009983 -0.0147004342 0.941027761 0.465991944 -0.0231995992 0.884484708 -0.227007136 0.225907102 0.947329819 0.0512007251 0.0783011094 0.995614111 0.319494903 0.0364994146 0.946884871 0.32720226 -0.0985006765 0.939806521 -0.264798164 0.0951993316 0.959593236 0.0512007251 0.0783011094 0.995614111 0.0530978031 -0.0737969428 0.995858788 -0.222009286 0.0814034045 0.971640587 -0.246809706 -0.0467018336 0.967938006 -0.174603894 -0.0319007076 0.984121859 -0.196200162 -0.130800098 0.971800864 -0.222009286 0.0814034045 0.971640587 -0.990574479 0.0492987297 0.12779671 -0.149297804 -0.0807988122 0.985485554 -0.256702304 0.0535004772 0.965008616 -0.990574479 0.0492987297 0.12779671 -0.994440317 0.0311012603 -0.100604072 -0.116995357 0.0336986631 0.992560625 -0.226098523 0.154998988 0.961693704 -0.994440317 0.0311012603 -0.100604072 -0.995728672 0.070002012 -0.0602017306 -0.0979958177 0.0473979786 0.994057536 -0.167395696 0.123096831 0.978174806 -0.992065132 0.0707975104 -0.10389635 -0.995728672 0.070002012 -0.0602017306 0.0285003372 0.45190534 0.891610563 0.598916769 0.746220887 0.290608138 0.94919014 -0.125498697 0.288597018 0.0898974761 0.45278728 0.887075007 0.94919014 -0.125498697 0.288597018 -0.936043203 -0.351316243 -0.0200009234 0.126095325 0.264290184 0.956164539 -0.89800036 0.380000144 0.221800089 -0.936043203 -0.351316243 -0.0200009234 0.132795379 0.128595531 0.982765794 -0.877136111 0.322313249 0.356014669 -0.89800036 0.380000144 0.221800089 0.0865968168 0.0756972209 0.9933635 -0.665901482 0.136200309 0.733501673 -0.877136111 0.322313249 0.356014669 0.107395433 0.0301987156 0.993757665 -0.665901482 0.136200309 0.733501673 -0.669258118 -0.673057854 0.314780295 0.196106583 -0.0760025457 0.977632761 -0.669258118 -0.673057854 0.314780295 -0.995393038 -0.0829994157 -0.0479996614 0.157902151 0.105401434 -0.981813371 -0.0499014966 -0.117403522 -0.991829813 -0.162504598 -0.0235006642 -0.986427963 -0.667729259 -0.105904646 -0.736832321 0.190607563 -0.100203976 -0.976538718 -0.0846031904 -0.0418015756 -0.995537519 -0.162504598 -0.0235006642 -0.986427963 -0.237406179 -0.0879022852 -0.967425227 0.170494139 -0.304689527 -0.937067807 -0.119700573 -0.217001021 -0.968804657 -0.237406179 -0.0879022852 -0.967425227 -0.345199883 -0.319699883 -0.882399678 0.169700786 -0.287901342 -0.942504406 0.608229578 0.289114058 0.739235938 -0.137004688 -0.336311489 -0.93173188 -0.345199883 -0.319699883 -0.882399678 0.197909713 -0.0389019065 -0.97944802 0.608229578 0.289114058 0.739235938 0.821720064 -0.485211849 0.29890731 -0.133393422 -0.202989995 -0.970052242 0.203994691 0.124096774 -0.97107476 0.821720064 -0.485211849 0.29890731 0.926216125 -0.375906557 0.028600499 -0.0655982122 0.128996477 -0.989472985 0.165895045 0.190994278 -0.967471004 0.926216125 -0.375906557 0.028600499 0.98963511 -0.13420476 0.0511018112 -0.0193999689 0.539599121 -0.841698587 0.00630029198 0.23221077 0.972645104 0.0894998536 0.508499146 -0.856398582 0.163304538 0.647318006 0.744520724 -0.276996136 -0.92218715 -0.269896239 0.00900006387 0.651604652 0.758505344 0.163304538 0.647318006 0.744520724 -0.00959966518 0.471583515 -0.88176918 -0.0171993319 0.04219836 0.99896121 0.00900006387 0.651604652 0.758505344 0.021599764 0.537494123 -0.842990756 0.125298113 0.649590194 0.749888659 -0.022100091 -0.273901135 0.961503923 0.122101113 -0.333503038 0.934808552 0.125298113 0.649590194 0.749888659 0.133502156 0.710311532 -0.691111207 0.234392285 0.63617909 0.735075772 0.195493519 -0.192293629 0.961668134 0.197799459 0.636598289 0.745397985 0.234392285 0.63617909 0.735075772 0.252809733 0.911435127 -0.324612498 0.0595974214 0.633472562 0.771466613 0.142992944 -0.0390980691 0.988951206 0.197799459 0.636598289 0.745397985 0.230506763 0.97032845 0.0730021372 0.0595974214 0.633472562 0.771466613 0.0648002028 0.935102999 0.348401099 -0.00769984117 -0.616287291 0.787483811 -0.0195000786 0.034800142 0.99920404 0.267899662 0.818699062 -0.507899404 0.584311545 -0.610112071 0.535110593 -0.944973528 0.0525985248 -0.322890937 0.32749027 0.886173725 -0.32779029 -0.944973528 0.0525985248 -0.322890937 -0.950963378 -0.116095528 0.286688983 0.11219544 -0.878764272 -0.463881135 0.236702278 0.951109171 0.198401928 -0.950963378 -0.116095528 0.286688983 0.0488016829 0.824728489 0.563419402 0.11219544 -0.878764272 -0.463881135 -0.496115267 0.620119095 0.607718706 0.359096885 -0.767593324 -0.530895352 -0.0263988078 0.814563215 0.579473853 -0.496115267 0.620119095 0.607718706 0.285000175 -0.931600511 -0.225600138 0.359096885 -0.767593324 -0.530895352 -0.0141993603 0.914258838 0.404881775 0.127297074 0.949678242 -0.28619343 0.285000175 -0.931600511 -0.225600138 -0.498187989 -0.833279908 0.239694238 0.375082046 0.334184021 0.864658713 0.57140404 -0.707005024 0.416702956 0.596180379 -0.797573745 0.0918969736 0.607078373 -0.758572936 0.236691564 0.215905711 -0.931224644 0.293607742 0.480011582 -0.834320128 -0.271106571 0.607078373 -0.758572936 0.236691564 -0.172801077 0.98330605 -0.0570003539 0.0299994275 0.894882977 -0.445291519 0.0492995493 -0.689093709 -0.722993374 0.215905711 -0.931224644 0.293607742 -0.395688862 -0.875775397 0.276492208 0.127500668 0.975405157 0.179800957 -0.248390257 -0.674873531 -0.694872737 -0.395688862 -0.875775397 0.276492208 -0.608598053 -0.756597579 0.239099219 -0.289311379 0.38921532 0.874534369 -0.367986739 -0.765872419 -0.527281046 -0.536993623 -0.824290156 0.179397851 -0.608598053 -0.756597579 0.239099219 0.602214217 0.761717975 -0.239005655 -0.460398018 -0.00539997686 0.887696207 -0.488808423 -0.795413733 -0.35830617 -0.536993623 -0.824290156 0.179397851 0.00950022414 0.636014998 0.771618247 0.602214217 0.761717975 -0.239005655 -0.0619986616 -0.10269779 0.992778599 -0.426090449 -0.880280256 -0.208695322 0.0146995485 0.944670975 0.327689916 0.793802202 -0.607301712 0.0326000936 -0.100900337 0.907703042 0.407301366 0.115499742 0.992497742 0.0400999114 0.999611974 -0.0183002204 0.0210002512 -0.0760020018 0.983825982 0.16220428 0.145401254 0.962908268 -0.227301955 0.998566687 -0.0396986753 0.0358988009 -0.0229009539 0.997241557 -0.070602946 0.0419000052 0.985100091 -0.166800022 0.110097073 0.941374958 -0.318891525 -0.912328243 -0.409412682 -0.0062001925 0.0586024858 0.987941861 -0.143306077 0.0844991058 0.993589461 -0.0750992 -0.997399151 -0.068699941 -0.0217999816 0.03929995 0.996998787 0.0666999146 0.0886039808 0.995644689 0.0290013012 -0.99791503 -0.0625009462 -0.0161002427 0.0576003194 0.992205501 0.110500611 0.0636006072 0.997809529 -0.018200174 -0.994466424 -0.104596466 -0.0097996695 0.0279992539 -0.294392139 -0.955274463 0.0896023735 0.992926359 0.0779020637 0.214603245 0.953214407 0.212903216 0.0866013914 0.995716035 -0.0324005224 0.0963973477 -0.454187483 -0.885675609 0.164792061 0.940554678 -0.296985686 0.01159951 0.971759021 -0.235690057 0.0696988627 -0.665889144 -0.742787838 0.104801238 0.948511183 -0.298903525 0.0243990868 -0.76667136 -0.641575992 -0.034000054 0.953301489 -0.300100476 -0.105298147 0.894984186 -0.433492333 -0.034698613 -0.710271657 -0.703071952 -0.154798865 0.942593157 -0.295897841 -0.178391472 0.831960261 -0.525374889 -0.0262993295 -0.613984346 -0.788879871 -0.0755014718 0.950818539 -0.30040583 -0.0858954638 0.827356339 -0.555070698 0.0379998982 -0.625998318 -0.778898001 0.127898201 0.821288466 -0.555992186 -0.100195833 0.908862233 0.404883176 -0.381210178 -0.881823599 -0.277607411 -0.705017447 0.450511158 0.547713518 -0.870691061 0.426695615 0.244597495 -0.448673695 -0.781254172 -0.433974534 -0.870691061 0.426695615 0.244597495 -0.895713449 0.396705955 0.200803012 0.998475015 -0.0470988192 -0.0287992787 -0.448383898 -0.855769277 -0.258090734 -0.895713449 0.396705955 0.200803012 0.992365301 0.0947966948 0.0788972452 0.998475015 -0.0470988192 -0.0287992787 -0.362796664 -0.931491494 0.0264997557 0.992365301 0.0947966948 0.0788972452 -0.231606737 -0.949627578 0.211106136 -0.80107975 -0.556385934 0.220694423 -0.0787978396 -0.984673023 0.155595735 -0.80107975 -0.556385934 0.220694423 -0.936462045 0.329386652 0.120595112 0.0871975347 -0.995971859 -0.0208994094 -0.826342404 0.541927755 -0.153207853 -0.936462045 0.329386652 0.120595112 0.282604486 0.957715333 0.0540008657 0.235901147 0.934804618 -0.26550132 0.227394342 0.882777989 -0.411089748 0.295700431 0.912801266 -0.281700373 0.403508395 0.914919078 -0.0102002127 0.486884922 0.8523736 0.19079408 0.531974256 0.823360145 0.197690427 0.0801029801 -0.0223008282 0.996537089 0.212588593 0.726761043 0.653164923 0.25019899 0.954596102 0.16169934 0.0249996092 0.893286049 0.448792994 -0.280698955 0.774197161 0.567297935 -0.402097642 0.634396315 0.660196126 -0.30580461 0.590808928 0.746611297 0.227011457 -0.251912713 -0.940747499 0.846669257 0.459183306 0.268890232 0.218902469 -0.0950010717 -0.971111 0.227011457 -0.251912713 -0.940747499 0.110297605 0.102697775 -0.988578558 0.218902469 -0.0950010717 -0.971111 0.110297605 0.102697775 -0.988578558 -0.0474992022 0.252295762 -0.966483712 -0.0474992022 0.252295762 -0.966483712 -0.179797471 0.337795258 -0.923887014 -0.179797471 0.337795258 -0.923887014 -0.236003146 0.3516047 -0.905912101 0.281605572 -0.243504807 0.928118348 -0.236003146 0.3516047 -0.905912101 0.325612903 -0.017700702 0.945337474 0.543814123 -0.056201458 0.837321699 0.0288988519 0.0322987176 0.999060392 0.325612903 -0.017700702 0.945337474 0.0288988519 0.0322987176 0.999060392 -0.263707399 0.0585016422 0.962827027 -0.263707399 0.0585016422 0.962827027 -0.326506466 0.0330006555 0.944618762 -0.326506466 0.0330006555 0.944618762 -0.549204111 -0.107800804 0.828706205 -0.45938161 0.157493696 -0.874164999 -0.549204111 -0.107800804 0.828706205 -0.45938161 0.157493696 -0.874164999 -0.892215192 -0.0016000272 -0.451607674 -0.0263987165 0.999651372 -0.000499975693 -0.0639022738 -0.476716936 0.876731157 -0.0639022738 -0.476716936 0.876731157 -0.79064393 -0.366020322 0.490827262 -0.79064393 -0.366020322 0.490827262 -0.864026606 0.493515164 -0.0995030627 -0.778779984 0.133696556 -0.612884223 -0.864026606 0.493515164 -0.0995030627 0.446409911 -0.274706095 -0.851618946 -0.778779984 0.133696556 -0.612884223 0.446409911 -0.274706095 -0.851618946 0.798566818 -0.34448567 -0.493579477 0.798566818 -0.34448567 -0.493579477 -0.438812792 -0.121503539 0.890325904 0.231995478 -0.199296132 -0.952081501 -0.283694148 -0.0399991758 -0.958080292 -0.283694148 -0.0399991758 -0.958080292 -0.358798146 -0.0896995366 -0.929095209 -0.358798146 -0.0896995366 -0.929095209 -0.369500995 -0.319700867 -0.872502327 0.636741459 0.770950258 -0.0140009122 -0.369500995 -0.319700867 -0.872502327 0.636741459 0.770950258 -0.0140009122 0.834329426 -0.545819223 -0.0773027241 0.400796682 -0.366896987 -0.839493096 0.834329426 -0.545819223 -0.0773027241 0.159195974 0.443788797 0.88187772 0.400796682 -0.366896987 -0.839493096 0.0701976418 0.97196734 -0.224392459 -0.0869032219 -0.898533285 -0.430215925 0.00589991501 0.580991566 0.813888252 0.0701976418 0.97196734 -0.224392459 0.00589991501 0.580991566 0.813888252 0.135299712 0.755098403 0.641498625 0.135299712 0.755098403 0.641498625 0.23630558 0.682616115 0.69151634 0.190292358 0.591976225 0.783168554 0.23630558 0.682616115 0.69151634 0.0413988046 0.491885811 0.869674921 0.190292358 0.591976225 0.783168554 0.0413988046 0.491885811 0.869674921 -0.480885535 -0.576182723 -0.660880148 0.678435504 -0.521927357 -0.51702708 0.696902692 0.503801942 -0.510401964 0.586387098 -0.802582443 -0.109597594 0.678435504 -0.521927357 -0.51702708 0.242002666 -0.736808121 0.631306946 0.586387098 -0.802582443 -0.109597594 0.242002666 -0.736808121 0.631306946 -0.312209696 -0.779524148 -0.543016791 0.263280779 -0.811640799 -0.521461964 -0.312209696 -0.779524148 -0.543016791 0.263280779 -0.811640799 -0.521461964 0.266692638 -0.938874006 -0.217693985 0.266692638 -0.938874006 -0.217693985 -0.147999316 0.924795687 -0.350498348 0.516063213 -0.785843968 -0.340775698 -0.433686763 0.402087718 -0.806375384 0.0929012001 -0.899511576 0.426905483 0.516063213 -0.785843968 -0.340775698 0.0929012001 -0.899511576 0.426905483 -0.377296537 -0.656593978 0.653093994 -0.377296537 -0.656593978 0.653093994 -0.514606714 -0.596107781 0.616308033 -0.258107215 -0.484713525 -0.835723281 -0.514606714 -0.596107781 0.616308033 0.606201053 0.792601347 -0.0656001121 -0.258107215 -0.484713525 -0.835723281 0.606201053 0.792601347 -0.0656001121 -0.502289534 -0.796583354 0.336392999 0.296496809 -0.910290241 0.288896888 -0.225300789 -0.9720034 0.0667002276 -0.137494311 -0.960260332 -0.242889956 -0.0557027571 -0.937346399 -0.343917012 -0.0126006575 -0.988051534 -0.153608024 -0.0167997424 -0.99788481 0.0627990365 -0.573295891 -0.810894191 0.117399156 0.281399727 0.465899557 0.838899255 0.146506965 0.87154144 -0.46792224 0.166494146 0.909968019 -0.37978664 0.0744995475 0.943394303 -0.32319802 -0.0950958058 0.965557396 -0.242189318 -0.19150582 0.954329014 0.229306981 -0.117297001 -0.269693106 -0.955775619 -0.458780199 -0.370184034 -0.807765126 -0.85663408 0.102104068 0.505720139 0.645906985 0.636106849 -0.422104567 -0.85663408 0.102104068 0.505720139 0.362699151 -0.920697927 0.144099668 0.645906985 0.636106849 -0.422104567 0.305496663 -0.951489568 -0.0365995988 0.362699151 -0.920697927 0.144099668 0.305496663 -0.951489568 -0.0365995988 0.411808163 -0.890117645 -0.195203871 0.411808163 -0.890117645 -0.195203871 0.875589967 -0.471594602 -0.104598798 0.875589967 -0.471594602 -0.104598798 0.973121285 -0.185404047 0.136602998 0.0691963807 -0.844055831 0.531772137 0.204804048 -0.974619329 0.090401791 0.281605572 -0.243504807 0.928118348 0.973121285 -0.185404047 0.136602998 -0.0802978054 -0.240293413 0.96737349 0.204804048 -0.974619329 0.090401791 0.305713058 0.24471046 -0.920139313 -0.0282003544 0.969112158 0.245003074 -0.0802978054 -0.240293413 0.96737349 -0.207690015 0.973953187 -0.0909956247 0.305713058 0.24471046 -0.920139313 -0.0347987898 0.989765525 0.13839519 -0.207690015 0.973953187 -0.0909956247 -0.213592097 0.248590812 -0.944765091 -0.525581181 -0.848069549 -0.0673975796 0.0297982488 0.609464169 0.792253435 0.864293635 -0.500796318 -0.046899654 -0.213592097 0.248590812 -0.944765091 -0.242113322 0.247113585 -0.938251615 -0.525581181 -0.848069549 -0.0673975796 0.0471005142 0.414104521 0.909009874 0.864293635 -0.500796318 -0.046899654 -0.242113322 0.247113585 -0.938251615 -0.306616515 0.949151099 -0.0714038461 -0.340101302 0.237500921 -0.909903526 0.0458993949 -0.988686979 0.142798126 0.61910218 -0.77280277 0.1396005 -0.306616515 0.949151099 -0.0714038461 -0.340101302 0.237500921 -0.909903526 -0.489086002 0.197094366 -0.849675655 0.0447015949 0.314411223 -0.948233843 0.61910218 -0.77280277 0.1396005 -0.0855041072 0.760036528 -0.644230962 -0.489086002 0.197094366 -0.849675655 -0.826342404 0.541927755 -0.153207853 0.00950022414 0.636014998 0.771618247 0.499507993 -0.845013499 -0.190903053 0.734375536 0.20709312 0.646378458 -0.0641991943 -0.764690399 -0.641191959 -0.705017447 0.450511158 0.547713518 -0.995393038 -0.0829994157 -0.0479996614 0.32879898 0.873997331 -0.357798904 0.499507993 -0.845013499 -0.190903053 0.734375536 0.20709312 0.646378458 0.839894891 0.405997515 0.360197812 -0.0641991943 -0.764690399 -0.641191959 -0.89892906 -0.0244007893 -0.437414169 0.285004735 0.850114107 0.442807347 0.32879898 0.873997331 -0.357798904 0.621287465 0.508489728 0.596187949 0.839894891 0.405997515 0.360197812 -0.449921757 0.129406258 0.883642733 -0.89892906 -0.0244007893 -0.437414169 0.285004735 0.850114107 0.442807347 0.621287465 0.508489728 0.596187949 0.956115723 0.0594009757 -0.286904722 -0.306597233 -0.698693693 -0.646394134 -0.440196157 -0.582994938 -0.682894051 -0.449921757 0.129406258 0.883642733 0.956115723 0.0594009757 -0.286904722 -0.162800089 -0.0894000456 0.98260051 -0.1907942 0.458686054 0.867873609 -0.306597233 -0.698693693 -0.646394134 -0.440196157 -0.582994938 -0.682894051 -0.69489342 0.321396947 -0.643293917 0.463414162 0.105603226 0.879826844 0.688958049 0.322780341 0.648960471 -0.162800089 -0.0894000456 0.98260051 -0.1907942 0.458686054 0.867873609 -0.259615123 -0.965656161 -0.0104006054 -0.69489342 0.321396947 -0.643293917 0.463414162 0.105603226 0.879826844 0.688958049 0.322780341 0.648960471 -0.259615123 -0.965656161 -0.0104006054 -0.438812792 -0.121503539 0.890325904 -0.458780199 -0.370184034 -0.807765126 -0.502289534 -0.796583354 0.336392999 0.021200167 0.644505143 0.764306068 0.159195974 0.443788797 0.88187772 0.162599817 0.444299519 0.880999029 0.285697937 0.931893349 0.223498404 0.0289000664 0.683901608 0.729001641 0.159194499 0.445984602 0.880769551 0.162599817 0.444299519 0.880999029 0.259907931 0.93902868 0.225106865 0.0362001956 0.717803836 0.695303679 0.155104071 0.447711736 0.880623043 0.159194499 0.445984602 0.880769551 0.255896747 0.939988136 0.22569716 0.0430012271 0.752821445 0.656818688 0.153102115 0.449206203 0.880212188 0.155104071 0.447711736 0.880623043 0.251108527 0.941131949 0.22630769 0.0492968485 0.787249684 0.61466074 0.149697706 0.450793058 0.879986465 0.153102115 0.449206203 0.880212188 0.245891616 0.942367852 0.226892263 0.0558019616 0.80742836 0.587320685 0.146199808 0.45249939 0.879698873 0.149697706 0.450793058 0.879986465 0.242006481 0.943225265 0.227506101 0.0638983622 -0.570685387 0.818679035 0.146199808 0.45249939 0.879698873 0.659382045 0.724080324 0.202294499 0.98963511 -0.13420476 0.0511018112 0.421016425 0.889334679 0.178406954 0.496108085 -0.0501008146 0.866814137 0.543814123 -0.056201458 0.837321699 -0.433686763 0.402087718 -0.806375384 -0.467277884 0.449078739 -0.761563957 0.361004114 0.911410391 0.197502255 0.49350065 -0.0446000583 0.868601143 0.496108085 -0.0501008146 0.866814137 -0.467277884 0.449078739 -0.761563957 -0.467296809 0.445596963 -0.763594806 0.362793386 0.907083452 0.213496104 0.490604997 -0.0390003994 0.870508909 0.49350065 -0.0446000583 0.868601143 -0.46406588 0.435867935 -0.771143258 -0.467296809 0.445596963 -0.763594806 0.363891929 0.90297997 0.228494927 0.48729977 -0.0332999863 0.872599602 0.490604997 -0.0390003994 0.870508909 -0.46406588 0.435867935 -0.771143258 -0.464491546 0.432492107 -0.772785962 0.364593178 0.898983181 0.242695451 0.4836981 -0.0276998896 0.874796569 0.48729977 -0.0332999863 0.872599602 -0.456124276 0.409421772 -0.790142059 -0.464491546 0.432492107 -0.772785962 0.364681035 0.89525342 0.25598672 0.47980085 -0.022000039 0.877101541 0.4836981 -0.0276998896 0.874796569 -0.451909989 0.392208666 -0.801217675 -0.456124276 0.409421772 -0.790142059 0.338009983 -0.0147004342 0.941027761 0.47980085 -0.022000039 0.877101541 0.57140404 -0.707005024 0.416702956 -0.451909989 0.392208666 -0.801217675 -0.808831096 0.576222181 0.117304504 0.231995478 -0.199296132 -0.952081501 0.287998438 0.547197104 0.785895765 -0.153093025 -0.17959182 -0.971755803 -0.542981803 -0.805373013 0.23779203 0.0143001825 0.701008916 -0.713009119 -0.0102998922 -0.953189969 0.302196831 -0.140103236 -0.175704062 -0.974422514 -0.153093025 -0.17959182 -0.971755803 0.0214992929 0.702076852 -0.711776555 -0.00870006159 -0.954306781 0.298702121 -0.12739493 -0.171793163 -0.97686106 -0.140103236 -0.175704062 -0.974422514 0.0284004342 0.702910721 -0.710710824 -0.0071001593 -0.955221415 0.295806617 -0.114700951 -0.167901397 -0.979108155 -0.12739493 -0.171793163 -0.97686106 0.0352006368 0.703812778 -0.709512889 -0.00549986353 -0.955976248 0.293392718 -0.102302492 -0.164104 -0.981123865 -0.114700951 -0.167901397 -0.979108155 0.0420987457 0.705278933 -0.707678914 -0.00409985147 -0.95656532 0.291489452 -0.0900050178 -0.160308942 -0.9829548 -0.102302492 -0.164104 -0.981123865 0.109396257 0.897569299 -0.4270854 -0.0900050178 -0.160308942 -0.9829548 -0.667729259 -0.105904646 -0.736832321 -0.766064107 -0.623970807 0.154292777 0.150197893 0.596691668 0.788289011 0.584311545 -0.610112071 0.535110593 0.587574124 -0.713868618 -0.380983263 -0.0380990729 0.785580873 -0.617585003 -0.187003478 0.0845015645 0.978718102 0.0653031841 -0.960046768 -0.272113264 0.150197893 0.596691668 0.788289011 -0.0171997249 0.641789734 0.76668781 -0.0380990729 0.785580873 -0.617585003 -0.0962970257 0.802975178 -0.588181794 0.399187416 -0.372088283 -0.837973654 -0.0171997249 0.641789734 0.76668781 -0.0201007519 -0.648524284 -0.760928512 -0.0471001156 -0.809301972 0.585501432 -0.0962970257 0.802975178 -0.588181794 0.057797078 -0.814858794 0.576770842 0.318606824 -0.628213465 -0.709815204 -0.0201007519 -0.648524284 -0.760928512 -0.0471001156 -0.809301972 0.585501432 -0.278506547 0.597414076 0.752017677 0.057797078 -0.814858794 0.576770842 0.151299253 0.801096082 -0.579097211 0.318606824 -0.628213465 -0.709815204 -0.24939923 -0.773097634 0.58319819 -0.289100558 0.627101243 0.723301411 0.151299253 0.801096082 -0.579097211 0.275099725 -0.623999417 -0.731399298 -0.263605833 0.774217129 -0.575412691 -0.289100558 0.627101243 0.723301411 -0.303802401 0.62370497 0.720205724 0.183898479 -0.797293425 -0.574895263 0.696902692 0.503801942 -0.510401964 0.846669257 0.459183306 0.268890232 -0.263605833 0.774217129 -0.575412691 -0.303802401 0.62370497 0.720205724 0.18489261 0.844766259 -0.50217998 -0.00769984117 -0.616287291 0.787483811 -0.094498679 -0.0570992045 -0.993886113 -0.346910715 -0.882627308 0.31720981 -0.992065132 0.0707975104 -0.10389635 0.174701318 0.833606243 -0.524003923 0.18489261 0.844766259 -0.50217998 -0.094498679 -0.0570992045 -0.993886113 -0.111394726 -0.0584972315 -0.992053032 -0.237997249 -0.890489697 0.387795538 0.174701318 0.833606243 -0.524003923 0.178893536 0.835669816 -0.519281209 -0.105700716 -0.0613004155 -0.992506742 -0.111394726 -0.0584972315 -0.992053032 -0.241409808 -0.889736116 0.387415737 0.178893536 0.835669816 -0.519281209 0.178994566 0.833774686 -0.52228415 -0.105700716 -0.0613004155 -0.992506742 -0.112096921 -0.0633982643 -0.991672814 -0.247797683 -0.888291717 0.386696398 0.178994566 0.833774686 -0.52228415 0.184292361 0.836665332 -0.515778601 -0.110696338 -0.0658978224 -0.991667271 -0.112096921 -0.0633982643 -0.991672814 -0.253183573 -0.887042463 0.38607496 0.168499902 0.820199549 -0.546699703 0.184292361 0.836665332 -0.515778601 -0.110696338 -0.0658978224 -0.991667271 -0.128106922 -0.0676036552 -0.989453554 -0.25399375 -0.886978149 0.38569048 0.168499902 0.820199549 -0.546699703 0.410401642 -0.843303382 0.347001374 -0.128106922 -0.0676036552 -0.989453554 -0.480885535 -0.576182723 -0.660880148 -0.892215192 -0.0016000272 -0.451607674 0.0328990854 0.927974105 0.371189654 0.107605301 0.851541877 0.5131253 0.512310386 -0.606012225 0.608512282 0.598916769 0.746220887 0.290608138 -0.276996136 -0.92218715 -0.269896239 -0.498187989 -0.833279908 0.239694238 0.0328990854 0.927974105 0.371189654 0.107605301 0.851541877 0.5131253 0.114901334 0.864510059 0.489305705 0.287286282 0.721965551 -0.629469931 0.512310386 -0.606012225 0.608512282 0.681919098 -0.666618645 0.301008403 0.114901334 0.864510059 0.489305705 0.2017055 0.967626333 0.151704133 0.287286282 0.721965551 -0.629469931 0.681919098 -0.666618645 0.301008403 -0.121005319 -0.769133866 -0.627527595 -0.344182163 0.38138026 0.857955575 0.0889984071 0.713687241 0.694787621 0.2017055 0.967626333 0.151704133 0.618076682 -0.695673764 -0.366086215 -0.121005319 -0.769133866 -0.627527595 -0.344182163 0.38138026 0.857955575 -0.773706675 -0.613705277 0.157301351 0.0309000704 0.0253000576 0.999202251 0.0889984071 0.713687241 0.694787621 0.618076682 -0.695673764 -0.366086215 0.818068683 0.200392321 0.539079368 -0.0849962831 -0.727268159 -0.681070209 -0.773706675 -0.613705277 0.157301351 0.0309000704 0.0253000576 0.999202251 0.122898653 -0.954189539 -0.272797018 0.818068683 0.200392321 0.539079368 -0.0556984544 -0.864875972 -0.498886138 -0.0849962831 -0.727268159 -0.681070209 -0.499482036 -0.439484179 -0.746573091 0.122898653 -0.954189539 -0.272797018 -0.0263987165 0.999651372 -0.000499975693 -0.0556984544 -0.864875972 -0.498886138 -0.0869032219 -0.898533285 -0.430215925 -0.147999316 0.924795687 -0.350498348 -0.499482036 -0.439484179 -0.746573091 0.0236006249 -0.989926219 -0.139603689 0.055602435 -0.997543693 0.0426018648 0.257194251 -0.957778513 0.128497124 0.350709766 -0.935826123 -0.0351009816 0.0236006249 -0.989926219 -0.139603689 0.156105191 -0.987732768 0.00390012935 0.257194251 -0.957778513 0.128497124 -0.101903364 -0.947331369 -0.303610057 0.10410177 -0.961716413 -0.253504336 0.156105191 -0.987732768 0.00390012935 -0.101903364 -0.947331369 -0.303610057 -0.198603764 -0.916517377 -0.347206622 0.0952008069 -0.964608192 -0.245902091 0.10410177 -0.961716413 -0.253504336 -0.198603764 -0.916517377 -0.347206622 -0.228998259 -0.949792743 -0.213198379 0.0881992355 -0.971391559 -0.220498085 0.0952008069 -0.964608192 -0.245902091 -0.185200304 -0.963801563 -0.191800311 -0.228998259 -0.949792743 -0.213198379 0.0881992355 -0.971391559 -0.220498085 0.105703816 -0.993935883 0.0303010959 -0.138206691 -0.987847805 0.0711034387 -0.185200304 -0.963801563 -0.191800311 0.105703816 -0.993935883 0.0303010959 0.165201172 -0.962606847 0.214701518 -0.0733980909 -0.957075119 0.280392706 -0.138206691 -0.987847805 0.0711034387 0.208500013 -0.81250006 0.544400036 0.283494085 -0.674185932 0.681985736 0.283494085 -0.674185932 0.681985736 0.372903824 -0.39390403 0.840108573 0.417103529 0.0344002917 0.908207715 0.355716795 0.473722368 0.805638075 0.19309938 0.839797318 0.507398367 0.0590002686 0.987904489 0.143400654 0.369809508 0.827021241 -0.423410892 0.398990184 0.656483889 -0.640184283 0.449911833 0.422111094 -0.787020683 0.507207751 0.0266004074 -0.861413181 0.471377224 -0.438378841 -0.765263021 0.360210776 -0.771923125 -0.523815691 0.360210776 -0.771923125 -0.523815691 0.251701623 -0.921105921 -0.297001898 0.0415992811 0.998182774 0.0435992479 0.0415992811 0.998182774 0.0435992479 -0.0565976799 0.863664567 0.500879407 -0.0565976799 0.863664567 0.500879407 -0.106796585 0.785574913 0.6094805 -0.103100643 0.904005587 0.414902568 -0.0566013046 0.99722296 0.0484011136 -0.0566013046 0.99722296 0.0484011136 0.0196999013 0.960495174 -0.27759859 0.0196999013 0.960495174 -0.27759859 0.111904673 0.953039765 -0.281411737 0.0135001233 -0.788407207 0.615005612 -0.0363000892 0.0536001325 0.997902513 -0.12980102 -0.836606562 0.532204151 0.0135001233 -0.788407207 0.615005612 -0.0967984423 -0.470292419 0.877185881 -0.262707204 -0.892924547 0.365610033 -0.0889027491 -0.99443078 0.0566017516 -0.16159521 -0.868674338 0.468286157 -0.262707204 -0.892924547 0.365610033 0.0981044993 -0.966344357 0.23781091 -0.00450024754 -0.973153591 0.230112672 -0.0889027491 -0.99443078 0.0566017516 0.0981044993 -0.966344357 0.23781091 0.10439983 -0.943098426 0.315699458 0.132206678 -0.892845094 0.430521756 0.132206678 -0.892845094 0.430521756 0.233201995 -0.84410727 0.482804149 0.308802724 -0.839007378 0.448003978 0.131802037 -0.792312264 0.595709264 0.308802724 -0.839007378 0.448003978 -0.0733980909 -0.957075119 0.280392706 0.055602435 -0.997543693 0.0426018648 0.175596923 -0.918383896 -0.354593784 -0.0883022994 -0.995325983 0.0391010195 0.0910023674 -0.626216352 -0.774320126 -0.0363002121 -0.862705052 -0.504402936 -0.0883022994 -0.995325983 0.0391010195 0.165105626 -0.501717091 -0.849129021 0.298207641 -0.696817875 -0.652316689 -0.0363002121 -0.862705052 -0.504402936 0.124802001 -0.475507617 -0.870813966 0.298207641 -0.696817875 -0.652316689 -0.0978029221 -0.746622264 -0.658019662 0.00160004804 -0.322909683 -0.946428418 0.0234999787 -0.725899398 -0.687399387 -0.0978029221 -0.746622264 -0.658019662 0.0234999787 -0.725899398 -0.687399387 -0.0395995378 -0.298496515 -0.953588843 -0.0658978522 -0.976668239 -0.204393357 0.0326992571 -0.0745983124 -0.996677399 0.0383990631 -0.992875755 0.112797245 -0.0658978522 -0.976668239 -0.204393357 -0.124803655 0.72362119 -0.678819895 -0.124803655 0.72362119 -0.678819895 -0.16859816 0.661892831 -0.730392098 -0.16859816 0.661892831 -0.730392098 0.125693634 0.656066716 -0.744162261 0.125693634 0.656066716 -0.744162261 0.135905072 0.705826283 -0.695225954 0.135905072 0.705826283 -0.695225954 0.0613986477 0.876380682 -0.477689475 0.0613986477 0.876380682 -0.477689475 -0.0364000052 0.93170011 -0.361400038 -0.0364000052 0.93170011 -0.361400038 0.262789518 0.917163432 -0.299588054 0.262789518 0.917163432 -0.299588054 -0.0928041264 0.995544314 -0.0167007428 -0.0928041264 0.995544314 -0.0167007428 -0.139498457 0.875790298 0.462094873 -0.139498457 0.875790298 0.462094873 0.100805573 0.844346642 0.526229084 0.100805573 0.844346642 0.526229084 0.0141998967 0.867693663 0.496896386 0.0141998967 0.867693663 0.496896386 -0.113902867 0.870221853 0.479312062 -0.113902867 0.870221853 0.479312062 -0.115904264 0.728726804 0.674924791 -0.115904264 0.728726804 0.674924791 -0.0111002522 0.550412536 0.834819019 -0.0111002522 0.550412536 0.834819019 -0.00190006662 -0.957233548 -0.289310127 -0.200292185 -0.949862957 -0.240090638 -0.348115742 -0.887640119 -0.301513612 -0.466483265 -0.880968392 -0.0792971551 -0.200292185 -0.949862957 -0.240090638 -0.466483265 -0.880968392 -0.0792971551 -0.481295794 -0.869792402 0.108699054 -0.58358717 -0.781682849 0.219995171 -0.481295794 -0.869792402 0.108699054 -0.560899019 -0.809198618 0.174899697 -0.58358717 -0.781682849 0.219995171 -0.644235432 -0.74544096 0.171109408 -0.543494999 -0.83739233 -0.058199469 -0.560899019 -0.809198618 0.174899697 -0.644235432 -0.74544096 0.171109408 -0.665706873 -0.743707657 -0.0611006245 -0.473710477 -0.749516606 -0.462410241 -0.543494999 -0.83739233 -0.058199469 -0.630518973 -0.643219352 -0.434413075 -0.665706873 -0.743707657 -0.0611006245 -0.473710477 -0.749516606 -0.462410241 -0.508113801 -0.856823325 -0.0876023844 -0.630518973 -0.643219352 -0.434413075 -0.724478304 -0.680879593 -0.107396789 -0.374488354 -0.776875794 0.50618428 -0.508113801 -0.856823325 -0.0876023844 -0.6443941 -0.60699445 0.465095729 -0.724478304 -0.680879593 -0.107396789 -0.6443941 -0.60699445 0.465095729 -0.692196608 -0.476097673 0.54239738 -0.817598283 -0.362199217 0.447599053 -0.817598283 -0.362199217 0.447599053 -0.83300966 -0.245502844 0.495805711 -0.87542063 -0.167503953 0.453410655 -0.871966481 -0.162293777 0.461882263 -0.87542063 -0.167503953 0.453410655 -0.885613978 -0.0667010471 0.459607273 -0.882100999 -0.234400272 0.408600479 -0.885613978 -0.0667010471 0.459607273 -0.895439148 0.0121005289 0.445019454 -0.889384449 0.183096796 0.418892682 -0.895439148 0.0121005289 0.445019454 -0.920913398 -0.215303123 0.32490474 -0.781817913 0.486711174 0.389708936 -0.889384449 0.183096796 0.418892682 -0.964013517 0.0439006165 0.262203664 -0.415406793 0.85401392 0.313205123 -0.781817913 0.486711174 0.389708936 -0.863704026 0.45830214 0.209700987 -0.233102977 0.958812296 0.162302092 -0.325692564 0.904479325 -0.275393695 -0.370304286 0.919310689 0.133201554 -0.421201169 0.890002429 -0.174600482 -0.370304286 0.919310689 0.133201554 -0.421201169 0.890002429 -0.174600482 -0.581975639 0.803866386 -0.122894861 -0.586177289 0.800868928 0.122495256 -0.581975639 0.803866386 -0.122894861 -0.586177289 0.800868928 0.122495256 -0.829594851 0.542196691 -0.133399174 -0.864646435 0.486169875 0.126592144 -0.829594851 0.542196691 -0.133399174 -0.864646435 0.486169875 0.126592144 -0.97471559 0.114801839 -0.191703066 -0.992019594 0.02680053 0.123202436 -0.904776692 -0.338391304 -0.258593351 -0.912207782 -0.39070338 0.123401061 -0.97471559 0.114801839 -0.191703066 -0.992019594 0.02680053 0.123202436 -0.668980479 -0.681280077 -0.297191322 -0.726086378 -0.669487357 0.156797051 -0.904776692 -0.338391304 -0.258593351 -0.912207782 -0.39070338 0.123401061 -0.348115742 -0.887640119 -0.301513612 -0.482723147 -0.8426404 0.238611445 -0.668980479 -0.681280077 -0.297191322 -0.726086378 -0.669487357 0.156797051 -0.0722009391 0.981012821 0.180002362 -0.33920154 0.929704249 0.143500656 -0.415406793 0.85401392 0.313205123 -0.112797081 0.966275036 0.231494009 -0.33920154 0.929704249 0.143500656 -0.510985434 0.854875624 0.0898974389 -0.294497192 0.901791394 0.316296995 -0.510985434 0.854875624 0.0898974389 -0.647624254 0.705226481 0.288510829 -0.420008838 0.878618538 0.2272048 -0.647624254 0.705226481 0.288510829 -0.666395783 0.734195352 0.129899174 -0.433392555 0.880384862 -0.192596689 -0.535387754 0.714183748 -0.450889736 -0.666395783 0.734195352 0.129899174 -0.363895446 0.778890252 -0.510793626 -0.448097557 0.70949614 -0.543897033 -0.535387754 0.714183748 -0.450889736 -0.314102918 0.827207685 -0.465904325 -0.325692564 0.904479325 -0.275393695 -0.448097557 0.70949614 -0.543897033 0.31920141 0.936404109 0.145800635 0.240694523 0.93417871 0.263393998 -0.205204725 0.952621937 0.224505171 -0.399309039 0.910120547 0.110602498 -0.24059321 0.969172657 0.0530984998 -0.120601997 0.991716444 0.0442007333 -0.208905727 0.9734267 0.0938025713 -0.148893133 -0.824861944 0.54537487 -0.230397061 -0.791489899 0.566092789 -0.374488354 -0.776875794 0.50618428 -0.0618969314 -0.84055835 0.538173318 -0.148893133 -0.824861944 0.54537487 -0.157403514 -0.829018533 0.536611974 0.167798027 -0.875889719 0.452394724 -0.0618969314 -0.84055835 0.538173318 -0.140898019 -0.879587591 0.454393625 0.147500396 -0.928602576 0.340500921 0.167798027 -0.875889719 0.452394724 -0.0943966284 -0.962165594 0.255590856 0.147500396 -0.928602576 0.340500921 -0.117395788 -0.990664482 0.0692975149 -0.154000968 -0.967306077 0.201501265 -0.0144005055 -0.989134729 0.146305144 -0.0973015577 -0.993815899 0.0535008572 -0.154000968 -0.967306077 0.201501265 0.0959024206 -0.988724947 0.115002908 0.165201172 -0.962606847 0.214701518 -0.0144005055 -0.989134729 0.146305144 0.180897549 -0.931287467 -0.316195726 0.254608959 -0.865030527 -0.43231526 0.350709766 -0.935826123 -0.0351009816 -0.024199659 -0.990386069 0.136198074 0.23548834 -0.956752658 0.170791551 0.254608959 -0.865030527 -0.43231526 0.282808155 -0.936726987 -0.206305951 -0.024199659 -0.990386069 0.136198074 0.23548834 -0.956752658 0.170791551 0.282808155 -0.936726987 -0.206305951 -0.444487929 -0.895275652 -0.0301991794 -0.482486576 -0.865076005 0.137296185 -0.44299829 -0.805696905 0.39319852 -0.444487929 -0.895275652 -0.0301991794 -0.482486576 -0.865076005 0.137296185 -0.486320376 -0.820734382 -0.299812585 0.122693092 -0.917648375 -0.377978712 0.140696943 -0.858181417 0.493689299 -0.44299829 -0.805696905 0.39319852 -0.486320376 -0.820734382 -0.299812585 0.0951013863 -0.89001298 0.44590649 0.122693092 -0.917648375 -0.377978712 0.140696943 -0.858181417 0.493689299 0.233195245 -0.925581098 -0.298193932 0.0951013863 -0.89001298 0.44590649 0.233195245 -0.925581098 -0.298193932 -0.00190006662 -0.957233548 -0.289310127 -0.17579475 -0.920072556 0.35008958 -0.327404499 0.942212939 -0.0710009784 -0.327404499 0.942212939 -0.0710009784 -0.366799384 0.927998424 -0.0653998852 -0.366799384 0.927998424 -0.0653998852 -0.364396185 0.929090202 -0.0632993355 -0.150004774 0.98793149 -0.0386012308 0.155403435 0.987521887 -0.0255005658 0.155403435 0.987521887 -0.0255005658 -0.0785998479 0.994598091 -0.0677998737 -0.0785998479 0.994598091 -0.0677998737 -0.311105967 0.94721812 -0.0774014816 -0.311105967 0.94721812 -0.0774014816 -0.0349017121 -0.861342251 -0.506824851 0.267398745 -0.558397353 -0.785296381 0.267398745 -0.558397353 -0.785296381 0.489603609 0.0204001516 -0.871706426 0.458810657 0.597413898 -0.657715321 0.31449461 0.870885015 -0.377693504 0.382478327 0.865450978 -0.323581666 0.599304795 0.749505937 -0.281202227 0.0462005995 -0.98621279 -0.158902064 -0.0846959352 -0.787962139 -0.609870672 -0.332909226 -0.887824655 -0.31770882 -0.332909226 -0.887824655 -0.31770882 -0.375595629 -0.485094339 -0.789690733 -0.702902675 -0.54630208 -0.455501735 -0.592431664 -0.030501632 -0.805043042 -0.702902675 -0.54630208 -0.455501735 -0.870537102 -0.101504326 -0.481520534 -0.61447525 0.403283745 -0.678072691 -0.854676366 0.286292076 -0.433088005 -0.870537102 -0.101504326 -0.481520534 -0.538908124 0.616609216 -0.573908627 -0.781770706 0.485681832 -0.391085356 -0.854676366 0.286292076 -0.433088005 -0.485707402 0.675810277 -0.554408431 -0.713667572 0.619271874 -0.327385128 -0.781770706 0.485681832 -0.391085356 -0.397412211 0.757923305 -0.517315924 -0.590290666 0.785587549 -0.18549706 -0.713667572 0.619271874 -0.327385128 0.196405768 0.971528471 0.132503882 -0.210393324 0.963369429 0.166294724 -0.210393324 0.963369429 0.166294724 0.225594252 0.962275445 0.152096123 0.380503953 0.914409518 0.138101444 -0.0801031962 0.976738989 0.198907942 -0.470913261 0.859324217 0.199505612 -0.470913261 0.859324217 0.199505612 -0.25040257 0.965909898 -0.0657006726 0.0920957997 -0.995654523 -0.0137993693 -0.150904223 -0.980727434 -0.124103472 -0.226809561 -0.871736765 -0.434318334 0.119694009 -0.979850948 -0.159891993 -0.150904223 -0.980727434 -0.124103472 -0.173201323 -0.925107121 -0.337902606 0.119694009 -0.979850948 -0.159891993 -0.118001655 -0.992413878 -0.0345004834 -0.217009261 -0.965741158 -0.142306075 -0.118001655 -0.992413878 -0.0345004834 -0.298811466 -0.954236686 -0.0120004611 -0.325689465 -0.941269457 0.0890971124 0.0994988531 -0.979688704 -0.174097985 -0.102700651 -0.963506103 0.247201562 -0.298811466 -0.954236686 -0.0120004611 0.0994988531 -0.979688704 -0.174097985 0.222413555 -0.939557254 0.260315895 0.292895794 -0.86808759 -0.400794268 0.157705456 -0.978033781 0.136304706 0.292895794 -0.86808759 -0.400794268 -0.020399522 -0.818680763 -0.573886514 0.226004601 0.936819077 0.267005444 0.226004601 0.936819077 0.267005444 0.279611439 0.914437354 0.292611957 0.279611439 0.914437354 0.292611957 0.142303512 0.983624279 0.110602729 0.142303512 0.983624279 0.110602729 0.0389018469 0.961845696 -0.270812869 0.0389018469 0.961845696 -0.270812869 0.191102058 0.977010548 0.0945010185 0.191102058 0.977010548 0.0945010185 0.401506722 0.900315166 0.168002829 0.401506722 0.900315166 0.168002829 0.646282732 0.761979699 -0.0412988961 0.646282732 0.761979699 -0.0412988961 0.230094001 -0.954975069 -0.187295109 0.230094001 -0.954975069 -0.187295109 0.50151372 -0.790921569 -0.350609571 0.50151372 -0.790921569 -0.350609571 0.341603011 -0.932608247 -0.116401032 0.341603011 -0.932608247 -0.116401032 0.0934041291 -0.990043759 -0.105304651 0.0934041291 -0.990043759 -0.105304651 0.0897046477 -0.992351353 0.0848043934 0.0897046477 -0.992351353 0.0848043934 0.205594867 -0.948576331 0.240694016 0.205594867 -0.948576331 0.240694016 0.253405869 -0.947521925 0.194904506 0.253405869 -0.947521925 0.194904506 -0.612830222 0.761437535 -0.211310416 -0.612830222 0.761437535 -0.211310416 -0.588481903 0.713278055 -0.38068828 -0.588481903 0.713278055 -0.38068828 -0.662095904 0.747695327 0.0507996827 -0.662095904 0.747695327 0.0507996827 -0.570593655 0.809691012 0.137198478 -0.570593655 0.809691012 0.137198478 -0.362509459 0.931924284 0.0102002658 -0.362509459 0.931924284 0.0102002658 -0.488305718 0.859910071 0.148701742 -0.488305718 0.859910071 0.148701742 -0.406790644 0.909379065 -0.0868980065 -0.406790644 0.909379065 -0.0868980065 -0.207900926 -0.923804104 -0.321501434 -0.207900926 -0.923804104 -0.321501434 -0.292910606 -0.95393455 0.0649023578 -0.292910606 -0.95393455 0.0649023578 -0.479997069 -0.877194703 -0.0114999302 -0.479997069 -0.877194703 -0.0114999302 -0.653076172 -0.729773343 -0.202292621 -0.653076172 -0.729773343 -0.202292621 -0.569589913 -0.710287511 -0.413592696 -0.569589913 -0.710287511 -0.413592696 -0.442604721 -0.723907769 -0.52920568 -0.442604721 -0.723907769 -0.52920568 -0.537297606 -0.836096287 0.110699505 -0.537297606 -0.836096287 0.110699505 0.674188435 0.737887323 -0.0314994603 0.848185956 0.526391327 -0.0590990186 0.942385018 0.327894807 -0.0662989467 0.996117651 0.045100797 -0.0756013393 0.964428127 -0.247407213 -0.0931027085 0.87070483 -0.478002638 -0.11570064 0.87070483 -0.478002638 -0.11570064 0.773817182 -0.61861372 -0.136103019 -0.675018251 0.560815156 -0.479412943 -0.714190722 0.508693397 -0.480793744 -0.785500228 0.618200183 0.0286000092 -0.790825725 0.611219883 0.0317010321 -0.692335069 0.554928064 -0.461223334 -0.714190722 0.508693397 -0.480793744 -0.785500228 0.618200183 0.0286000092 -0.80232656 0.596619785 -0.01780059 -0.692335069 0.554928064 -0.461223334 -0.80232656 0.596619785 -0.01780059 -0.808290005 0.359495521 -0.466294229 -0.929260254 0.351784945 -0.112795174 -0.808290005 0.359495521 -0.466294229 -0.879389644 -0.0338996015 -0.474894404 -0.929260254 0.351784945 -0.112795174 -0.979772866 -0.00269992533 -0.200094476 -0.755788088 -0.496792197 -0.426593304 -0.879389644 -0.0338996015 -0.474894404 -0.915401459 -0.345300525 -0.206900328 -0.979772866 -0.00269992533 -0.200094476 -0.433200926 -0.849301875 -0.301700652 -0.745284379 -0.658586144 -0.103997819 -0.755788088 -0.496792197 -0.426593304 -0.915401459 -0.345300525 -0.206900328 -0.119494058 -0.980851233 -0.153792351 -0.433200926 -0.849301875 -0.301700652 -0.491994739 -0.868690729 0.0575993806 -0.745284379 -0.658586144 -0.103997819 0.527083039 -0.846372783 -0.0763975382 0.623101711 -0.776002169 -0.0978002772 0.694982529 -0.703882277 -0.146796301 0.742691994 -0.658992887 -0.118898727 0.13929823 -0.988987386 0.0499993637 0.276792973 -0.958175659 -0.0726981536 0.527083039 -0.846372783 -0.0763975382 0.623101711 -0.776002169 -0.0978002772 0.13929823 -0.988987386 0.0499993637 0.276792973 -0.958175659 -0.0726981536 -0.17619954 -0.983597457 -0.0385999009 -0.277409971 -0.947334111 0.160005763 -0.17619954 -0.983597457 -0.0385999009 -0.277409971 -0.947334111 0.160005763 -0.391694009 -0.91998595 -0.0141997831 -0.414995193 -0.886589766 0.204297632 -0.370605141 -0.927512884 0.0487006791 -0.391694009 -0.91998595 -0.0141997831 -0.414995193 -0.886589766 0.204297632 -0.418422997 -0.888748825 0.187210277 -0.28011024 -0.953434885 0.11180409 -0.310610652 -0.939132214 0.146805033 -0.370605141 -0.927512884 0.0487006791 -0.418422997 -0.888748825 0.187210277 -0.0640989095 -0.997783124 -0.0178996958 -0.28011024 -0.953434885 0.11180409 -0.310610652 -0.939132214 0.146805033 -0.316701978 -0.934605777 0.161900997 -0.43467772 0.884454668 -0.169691294 -0.0877996907 0.994596422 -0.0553998016 0.205002144 0.978110194 0.0357003734 0.257084876 0.963843405 0.0700958818 0.0685019642 0.993928492 0.0861024633 -0.141298443 0.985589206 0.0929989815 -0.0889960155 0.99345547 0.0715967864 -0.17579475 -0.920072556 0.35008958 -0.402087808 -0.796375871 0.451786309 -0.482723147 -0.8426404 0.238611445 -0.640106916 -0.66240716 0.389204204 -0.402087808 -0.796375871 0.451786309 -0.463379562 -0.878161252 -0.118794762 -0.640106916 -0.66240716 0.389204204 -0.728964269 -0.679166734 -0.0856957957 -0.385897279 -0.922293484 -0.02139985 -0.463379562 -0.878161252 -0.118794762 -0.707071006 -0.706871033 0.0195991974 -0.728964269 -0.679166734 -0.0856957957 -0.340696335 -0.909890234 -0.236697465 -0.385897279 -0.922293484 -0.02139985 -0.631400108 -0.74240011 -0.224000052 -0.707071006 -0.706871033 0.0195991974 -0.0916990861 -0.975290239 -0.200997993 -0.340696335 -0.909890234 -0.236697465 -0.372293562 -0.928083956 0.00759986881 -0.631400108 -0.74240011 -0.224000052 0.129800379 -0.991502881 -0.00860002451 -0.064001292 -0.997920096 0.00770015502 -0.0916990861 -0.975290239 -0.200997993 -0.372293562 -0.928083956 0.00759986881 0.129800379 -0.991502881 -0.00860002451 -0.064001292 -0.997920096 0.00770015502 -0.0640989095 -0.997783124 -0.0178996958 -0.119494058 -0.980851233 -0.153792351 0.619373381 -0.772766769 0.138594046 0.694982529 -0.703882277 -0.146796301 0.751091659 -0.659392655 -0.0325996391 0.543315232 -0.776721895 -0.318608969 0.619373381 -0.772766769 0.138594046 0.727628231 -0.674926162 -0.122604758 0.455089211 -0.861079574 -0.226794615 0.543315232 -0.776721895 -0.318608969 0.676389337 -0.665789485 -0.31499505 0.23780553 -0.856119931 0.458810657 0.455089211 -0.861079574 -0.226794615 0.649612784 -0.759314954 -0.0380007476 0.135495812 -0.983569682 0.11929632 0.23780553 -0.856119931 0.458810657 0.374189466 -0.909874439 0.179194957 0.0173004232 -0.947223127 -0.320107818 0.135495812 -0.983569682 0.11929632 0.145206228 -0.97734189 -0.1540066 0.0173004232 -0.947223127 -0.320107818 0.15020068 -0.941304266 -0.302301377 0.180897549 -0.931287467 -0.316195726 -0.233102977 0.958812296 0.162302092 -0.407010972 0.867623389 0.285607696 -0.438019454 0.862538338 0.253311247 -0.438019454 0.862538338 0.253311247 -0.540402114 0.841403246 -0.00250000949 -0.551916242 0.819724023 0.153104484 -0.516986012 0.838577271 -0.171795353 -0.536484778 0.836776257 -0.109496891 -0.540402114 0.841403246 -0.00250000949 -0.391904175 0.919609785 -0.0270002875 -0.516986012 0.838577271 -0.171795353 -0.540188789 0.821182966 0.183996186 -0.332197607 0.906293511 0.26129812 -0.540188789 0.821182966 0.183996186 -0.681919098 0.682119071 0.26400739 -0.433207631 0.870815396 0.232404098 -0.681919098 0.682119071 0.26400739 -0.7632882 0.626390278 0.158197537 -0.490792274 0.850486577 -0.189197019 -0.675018251 0.560815156 -0.479412943 -0.7632882 0.626390278 0.158197537 -0.0820990652 0.942489326 -0.323996335 -0.0820990652 0.942489326 -0.323996335 0.0794028342 0.963434339 -0.255909115 0.0794028342 0.963434339 -0.255909115 0.404709727 0.873920977 -0.269206464 0.404709727 0.873920977 -0.269206464 0.433576435 0.899551153 -0.053097114 0.433576435 0.899551153 -0.053097114 0.444588482 0.892876863 -0.0714981556 0.444588482 0.892876863 -0.0714981556 0.436294436 0.898988545 -0.0382995121 0.436294436 0.898988545 -0.0382995121 0.279306203 0.942620933 0.18290405 0.279306203 0.942620933 0.18290405 0.957454562 0.286586404 -0.0338983908 0.981186748 -0.106998563 -0.160697833 0.947527885 -0.270907998 -0.169704989 0.980902493 -0.0678001717 -0.182300463 0.950379968 0.156096712 -0.269094318 0.918901324 0.231800333 -0.319200456 0.918901324 0.231800333 -0.319200456 0.970787227 0.142698124 -0.192897469 0.980204046 -0.0970004052 -0.172600716 -0.928408444 -0.040900372 0.369303375 -0.937770128 0.0107996566 0.347088933 0.922770739 0.148495287 -0.355588734 -0.887387693 -0.144498006 0.43779394 -0.928408444 -0.040900372 0.369303375 0.905211806 0.318704158 -0.281103671 -0.87261337 -0.0484007411 0.486007452 -0.887387693 -0.144498006 0.43779394 0.922792435 0.385296851 -0.000699994212 -0.87261337 -0.0484007411 0.486007452 -0.879072666 0.196093902 0.434486479 0.896682084 0.383392304 0.22129558 -0.872426152 0.401212037 0.279108375 -0.879072666 0.196093902 0.434486479 0.871886611 0.436193287 0.222596571 -0.872426152 0.401212037 0.279108375 -0.942964494 0.317988008 0.0984962881 0.900108039 0.37130332 0.22790204 -0.924118876 -0.346807092 -0.160403281 -0.942964494 0.317988008 0.0984962881 0.0155001599 0.844008684 -0.536105514 0.269401282 -0.953504443 -0.135100648 -0.0286003985 0.853011906 -0.521107256 -0.0964016095 -0.987116456 -0.127702132 -0.0286003985 0.853011906 -0.521107256 -0.042698808 0.874475598 -0.483186543 -0.0964016095 -0.987116456 -0.127702132 -0.109199375 -0.991594315 0.0693996027 0.0645987764 -0.971281588 0.228995666 -0.042698808 0.874475598 -0.483186543 -0.0924042985 0.86994046 -0.484422535 -0.109199375 -0.991594315 0.0693996027 0.0645987764 -0.971281588 0.228995666 0.299687445 -0.953860044 0.0183992311 -0.0753978416 0.839576006 -0.53798461 -0.0924042985 0.86994046 -0.484422535 0.0913963392 0.836766481 -0.539878368 0.286692232 -0.92127496 -0.262792856 0.299687445 -0.953860044 0.0183992311 -0.0753978416 0.839576006 -0.53798461 0.0913963392 0.836766481 -0.539878368 0.125698134 -0.937186182 -0.325395197 0.210911825 0.904150724 -0.371520817 0.286692232 -0.92127496 -0.262792856 0.125698134 -0.937186182 -0.325395197 0.210911825 0.904150724 -0.371520817 0.490902811 0.852204859 -0.181001037 -0.35369125 -0.867978454 -0.348591357 -0.0244986247 -0.896149695 0.44307512 -0.387301922 0.92170459 -0.0214001071 0.0622965172 -0.900449634 0.43047592 0.102000244 0.969902337 -0.221100524 0.136593342 -0.884256899 0.446578205 0.30900389 0.943711936 0.118001491 0.105304234 0.959138513 0.262610555 0.117701672 -0.867112279 0.484006852 0.081998989 -0.865989268 0.493293881 -0.116396494 0.960071027 0.254392356 -0.0469994955 -0.843990922 0.534294307 -0.218604237 0.954718471 0.201803908 -0.274298996 -0.773697138 0.57109791 -0.318303436 0.930509925 0.181201935 -0.640418589 0.747821689 0.175005078 -0.66258204 0.649682403 0.372689933 -0.790825725 0.611219883 0.0317010321 -0.491591156 0.864984453 0.100698188 -0.618488371 0.782785296 0.0686987042 -0.66258204 0.649682403 0.372689933 -0.241404995 0.958619833 -0.150903121 -0.602491498 0.776389003 -0.18499738 -0.618488371 0.782785296 0.0686987042 -0.105296135 0.994063497 0.0273989942 -0.602491498 0.776389003 -0.18499738 -0.681308985 0.677108943 0.278103679 -0.211994365 0.906875908 0.36419031 -0.681308985 0.677108943 0.278103679 -0.813987792 0.445893288 0.372294396 -0.501008332 0.809613466 0.305805087 -0.813987792 0.445893288 0.372294396 -0.982524514 0.156603903 0.1006025 -0.557903945 0.812805712 0.167601183 -0.937770128 0.0107996566 0.347088933 -0.982524514 0.156603903 0.1006025 -0.35369125 -0.867978454 -0.348591357 -0.360691071 -0.871178448 0.333091736 -0.911643505 -0.110605285 0.395818889 -0.924118876 -0.346807092 -0.160403281 -0.360691071 -0.871178448 0.333091736 -0.539224863 -0.644129753 0.542525053 -0.805509269 -0.0969011188 0.584606707 -0.911643505 -0.110605285 0.395818889 -0.539224863 -0.644129753 0.542525053 -0.699088991 -0.608690381 0.375194103 -0.805509269 -0.0969011188 0.584606707 -0.917471826 -0.158895105 0.364688784 -0.635487735 -0.769285142 0.0659987256 -0.699088991 -0.608690381 0.375194103 -0.909380376 -0.402391315 -0.105397731 -0.917471826 -0.158895105 0.364688784 -0.34561497 -0.938040614 0.0251010861 -0.635487735 -0.769285142 0.0659987256 -0.733908951 -0.663808107 -0.144001752 -0.909380376 -0.402391315 -0.105397731 -0.2873936 -0.930379272 0.227594927 -0.34561497 -0.938040614 0.0251010861 -0.644920647 -0.707822621 0.28820923 -0.733908951 -0.663808107 -0.144001752 -0.2873936 -0.930379272 0.227594927 -0.316701978 -0.934605777 0.161900997 -0.491994739 -0.868690729 0.0575993806 -0.644920647 -0.707822621 0.28820923 0.241096199 -0.854886532 0.459392756 0.269401282 -0.953504443 -0.135100648 0.886429906 -0.191006437 0.42161423 0.233204961 -0.87761867 0.418808907 0.241096199 -0.854886532 0.459392756 0.751091242 -0.429495007 0.501394153 0.233204961 -0.87761867 0.418808907 0.292507917 -0.956025839 -0.0213005748 0.698328376 -0.67322737 0.243109882 0.292507917 -0.956025839 -0.0213005748 0.406794965 -0.882989049 -0.234197095 0.635878325 -0.76767385 -0.0795972869 0.406794965 -0.882989049 -0.234197095 0.566889882 -0.823785305 -0.00369993388 0.652390599 -0.756889105 -0.0387994424 0.566889882 -0.823785305 -0.00369993388 0.68037957 -0.687179387 0.254692346 0.697912157 -0.688411951 0.197503448 0.68037957 -0.687179387 0.254692346 0.734626532 -0.673024297 0.085803099 0.742691994 -0.658992887 -0.118898727 0.372997105 0.922492862 0.0993992314 0.372997105 0.922492862 0.0993992314 0.57269156 0.815087974 0.0874987021 0.57269156 0.815087974 0.0874987021 0.776376724 0.628581107 0.046098616 0.776376724 0.628581107 0.046098616 0.739476204 0.659178793 -0.136595607 0.739476204 0.659178793 -0.136595607 0.567036569 0.821953058 0.0535034537 0.567036569 0.821953058 0.0535034537 0.407104373 0.845309079 0.346003711 0.407104373 0.845309079 0.346003711 0.371012568 0.914931059 0.158905387 0.371012568 0.914931059 0.158905387 -0.0664003715 0.48730275 -0.870704889 -0.209997311 -0.717090905 0.664591551 -0.385004938 -0.535306871 0.751809657 -0.204688087 0.450973779 -0.86874944 -0.385004938 -0.535306871 0.751809657 -0.457077771 -0.349782974 0.817760229 -0.281808943 0.323110253 -0.903428733 -0.441307306 -0.243404031 0.863714278 -0.457077771 -0.349782974 0.817760229 -0.311103433 0.171301886 -0.93481034 -0.377887934 -0.223092884 0.898571253 -0.441307306 -0.243404031 0.863714278 -0.251101285 0.0896004513 -0.963804901 -0.321684211 -0.241788119 0.915455043 -0.377887934 -0.223092884 0.898571253 -0.0291003361 0.127501458 -0.991411388 -0.290896744 -0.252297163 0.92288965 -0.321684211 -0.241788119 0.915455043 0.171495721 0.156496093 -0.972675741 -0.181206807 -0.0040001506 0.983436942 -0.290896744 -0.252297163 0.92288965 0.141703054 0.723415554 -0.675714552 0.778187811 -0.105598353 0.619090319 0.162397534 0.661789954 -0.731888831 0.810311079 0.044500608 0.584307969 0.166401893 0.556506336 -0.814009249 0.815907419 0.104800947 0.568605125 0.156491265 0.469873786 -0.868751526 0.791097641 0.0908997282 0.604898214 0.131797448 0.445191413 -0.885682881 0.754798472 0.0183999632 0.655698717 0.108898148 0.45329228 -0.88468492 0.713213444 -0.0298005622 0.70031321 0.181705177 0.214706123 -0.95962733 0.619889855 0.0696988627 0.781587243 -0.00570017053 0.14960447 -0.988729477 -0.289208204 0.93702656 0.195805565 -0.279393971 0.0618986636 -0.958179295 -0.33501488 0.905540168 0.260311544 -0.137195736 -0.112196505 -0.984169364 -0.263896406 0.92578733 0.270696282 -0.0181996953 -0.235996038 -0.971583664 -0.199895471 0.935078859 0.292693377 0.0268006716 -0.2350059 -0.971624374 -0.1260003 0.916902184 0.378700882 0.0203002095 -0.152401567 -0.988110125 -0.0635026246 0.850135028 0.522721589 0.174194291 -0.259991467 -0.949768901 -0.207202435 0.727108538 0.654507697 0.00520011364 0.693315148 -0.720615745 0.258594602 -0.889681458 -0.376292169 0.313393652 -0.917181432 -0.246095002 0.25009656 -0.820588708 -0.513892949 0.258594602 -0.889681458 -0.376292169 -0.0786989257 0.516292989 -0.852788448 0.0894986466 0.280795753 -0.955585539 0.25009656 -0.820588708 -0.513892949 0.310790867 -0.796476662 -0.518684804 0.118994907 0.163992986 -0.97925812 0.310790867 -0.796476662 -0.518684804 -0.0792973191 -0.890969813 -0.447084874 -0.0714972541 0.24429059 -0.967062771 -0.0792973191 -0.890969813 -0.447084874 -0.229090855 -0.923463106 -0.307787716 -0.0446009599 0.396108568 -0.917119801 -0.083796978 -0.993664145 -0.0748972967 -0.229090855 -0.923463106 -0.307787716 0.0474994108 0.435594618 -0.898888826 0.270512432 -0.948643506 0.16400753 -0.083796978 -0.993664145 -0.0748972967 -0.366217166 0.929243565 -0.0489022955 -0.268893957 0.879080236 0.393591106 -0.268893957 0.879080236 0.393591106 -0.144690543 0.799147725 0.583461821 -0.144690543 0.799147725 0.583461821 -0.113500036 0.810100257 0.5752002 -0.13570042 0.852502644 0.504801571 -0.226003289 0.816411853 0.531407773 -0.233897433 0.726092041 0.646592915 0.159293517 0.987059891 -0.0183992516 0.207000688 0.953903079 -0.217300713 0.202800035 0.977000177 -0.0659000129 0.254596472 0.960986733 0.108098499 0.385982096 0.919057369 0.0796963051 0.494688153 0.868079185 -0.0414990038 0.534882724 0.84467268 0.0206993315 0.185599759 -0.91679883 0.353599519 0.270512432 -0.948643506 0.16400753 -0.175806254 -0.977434814 -0.117104165 0.0516982116 -0.940267503 0.336488366 0.185599759 -0.91679883 0.353599519 -0.204003125 -0.978915036 0.0104001593 0.0516982116 -0.940267503 0.336488366 -0.00769970054 -0.999361157 0.0348986425 -0.132405311 -0.985839486 0.102904119 0.0022000568 -0.944324434 -0.32900852 -0.00769970054 -0.999361157 0.0348986425 -0.0295986626 -0.988455355 -0.148593277 0.0022000568 -0.944324434 -0.32900852 0.0115997577 -0.913580954 -0.406491518 0.0388002656 -0.830005646 -0.556403756 0.018400101 -0.713803947 -0.700103819 0.0388002656 -0.830005646 -0.556403756 -0.0942991823 -0.872792423 -0.478895813 0.018400101 -0.713803947 -0.700103819 -0.020399522 -0.818680763 -0.573886514 -0.265996754 -0.839389801 -0.473994255 0.194296613 -0.944583535 -0.264595389 0.304402471 -0.908907473 -0.285002321 0.313393652 -0.917181432 -0.246095002 -0.0432975329 -0.92654717 -0.373678714 0.044599764 -0.838095605 -0.543697119 0.304402471 -0.908907473 -0.285002321 -0.0432975329 -0.92654717 -0.373678714 -0.255293399 -0.846278191 -0.467587948 0.044599764 -0.838095605 -0.543697119 -0.229697719 -0.69129312 -0.685093224 -0.255293399 -0.846278191 -0.467587948 -0.308296382 -0.743291318 -0.593693078 -0.152202576 -0.701911867 -0.695811808 -0.229697719 -0.69129312 -0.685093224 -0.308296382 -0.743291318 -0.593693078 -0.385984331 -0.551677585 -0.739369988 0.192995936 -0.778383553 -0.597387433 -0.152202576 -0.701911867 -0.695811808 -0.351486593 -0.710372865 -0.609776735 -0.385984331 -0.551677585 -0.739369988 0.192995936 -0.778383553 -0.597387433 0.356890172 -0.878175795 -0.31849125 -0.045801077 -0.985923111 -0.160803765 -0.351486593 -0.710372865 -0.609776735 0.0920957997 -0.995654523 -0.0137993693 0.266694278 -0.953879535 -0.137797043 0.356890172 -0.878175795 -0.31849125 -0.045801077 -0.985923111 -0.160803765 0.552482009 -0.527982831 -0.644979 0.627192259 -0.422994763 -0.653991878 0.627192259 -0.422994763 -0.653991878 0.656214297 -0.332607239 -0.677314699 0.697706223 -0.111800991 -0.707606256 0.717580378 0.261592835 -0.645482361 0.617723763 0.635124445 -0.463717848 0.408202171 0.872604728 -0.268201441 -0.217398211 -0.689294338 0.691094339 -0.21968931 -0.5937711 0.774062335 -0.289597452 -0.513895452 0.807492852 -0.0449996106 -0.66409421 0.746293485 -0.289597452 -0.513895452 0.807492852 -0.307798773 -0.516897976 0.798796833 0.0735971034 -0.627575338 0.775069475 -0.278212219 -0.481121123 0.831336558 -0.307798773 -0.516897976 0.798796833 0.111302935 -0.479012638 0.870723009 -0.215611115 -0.378719509 0.900046408 -0.278212219 -0.481121123 0.831336558 0.0797994956 -0.21659863 0.972993851 -0.119199716 -0.204899505 0.971497655 -0.215611115 -0.378719509 0.900046408 0.015999211 0.0650967881 0.997750759 0.0187999848 0.114899904 0.99319917 -0.119199716 -0.204899505 0.971497655 0.0187999848 0.114899904 0.99319917 0.169700831 0.597503006 0.783703864 -0.0216007922 0.398914635 0.916733623 0.0550004393 0.712605655 0.699405611 0.0550004393 0.712605655 0.699405611 0.179100677 0.879103303 0.44170168 0.179100677 0.879103303 0.44170168 0.315397978 0.939393997 0.134399131 0.315397978 0.939393997 0.134399131 0.393592447 0.917082429 0.0635987818 0.393592447 0.917082429 0.0635987818 0.442507505 0.865614712 0.234303981 0.442507505 0.865614712 0.234303981 0.447108835 0.835316479 0.319906324 0.447108835 0.835316479 0.319906324 0.383303374 0.902607977 0.195901722 0.383303374 0.902607977 0.195901722 -0.264815152 -0.832447588 0.486727834 -0.264815152 -0.832447588 0.486727834 -0.127497464 -0.954580963 0.269294649 -0.127497464 -0.954580963 0.269294649 0.0332015678 -0.999447286 0.00170008035 0.0332015678 -0.999447286 0.00170008035 0.174103126 -0.944816947 -0.277504981 0.174103126 -0.944816947 -0.277504981 0.307502896 -0.840707898 -0.445704192 0.307502896 -0.840707898 -0.445704192 0.425701857 -0.788103461 -0.444601923 0.425701857 -0.788103461 -0.444601923 0.469190091 -0.770783722 -0.430990905 0.469190091 -0.770783722 -0.430990905 -0.170704216 -0.974624038 -0.144803584 -0.209997311 -0.717090905 0.664591551 -0.23789303 -0.934472561 0.26489222 -0.217494845 -0.796981096 0.563486636 -0.236603811 -0.959515512 -0.152802467 -0.23789303 -0.934472561 0.26489222 0.145401508 -0.656806767 0.739907622 -0.174799412 -0.981796741 0.0742997527 -0.217494845 -0.796981096 0.563486636 0.145401508 -0.656806767 0.739907622 -0.042201601 -0.876133263 0.480218232 -0.221409455 -0.620826542 0.752032101 -0.221409455 -0.620826542 0.752032101 -0.257402629 -0.56680572 0.782607913 -0.278194696 -0.80708462 0.52079004 -0.0326015763 -0.56222719 0.82633996 -0.256592602 -0.764477968 0.59138298 -0.257402629 -0.56680572 0.782607913 -0.0326015763 -0.56222719 0.82633996 -0.0654025897 -0.732029021 0.678126872 -0.21968931 -0.5937711 0.774062335 0.13630265 0.673713088 0.726314187 0.169700831 0.597503006 0.783703864 -0.0351015739 0.388117403 0.920941293 0.235803634 0.54200834 0.806612432 0.292090565 0.418486476 0.859972239 -0.0351015739 0.388117403 0.920941293 0.149103492 0.736217201 0.660115421 0.292090565 0.418486476 0.859972239 -0.00090002222 0.515612781 0.856821239 0.183896318 0.390192181 0.902181923 0.227590904 0.775668979 0.588676512 -0.00090002222 0.515612781 0.856821239 0.183896318 0.390192181 0.902181923 0.272393882 0.139096886 0.95207864 0.385488898 0.662280858 0.642481446 0.0909990445 0.105098896 0.990289629 0.272393882 0.139096886 0.95207864 0.335813552 0.837733805 0.430617362 0.0909990445 0.105098896 0.990289629 0.300101876 0.90480566 0.30210188 -0.181206807 -0.0040001506 0.983436942 0.34539324 0.93448168 -0.0862983167 0.34539324 0.93448168 -0.0862983167 0.18200314 0.951116443 -0.249504313 0.18200314 0.951116443 -0.249504313 0.246101886 0.949507296 -0.194601491 0.246101886 0.949507296 -0.194601491 0.244092375 0.966569841 0.0784975514 0.244092375 0.966569841 0.0784975514 0.305497408 0.952191949 -0.00139998808 0.305497408 0.952191949 -0.00139998808 0.439612478 0.872024775 -0.215206131 0.439612478 0.872024775 -0.215206131 0.38898766 0.849473059 -0.356488705 0.38898766 0.849473059 -0.356488705 -0.135499567 -0.518298328 -0.844397247 -0.135499567 -0.518298328 -0.844397247 -0.263089836 -0.666674256 -0.697373033 -0.263089836 -0.666674256 -0.697373033 -0.268682986 -0.848146319 -0.456571102 -0.268682986 -0.848146319 -0.456571102 0.011199885 -0.910890639 -0.412495762 0.011199885 -0.910890639 -0.412495762 -0.0619007275 -0.817209601 -0.573006749 -0.0619007275 -0.817209601 -0.573006749 -0.0532030128 -0.840347588 -0.539430499 -0.0532030128 -0.840347588 -0.539430499 -0.160904944 -0.852226198 -0.497815311 -0.160904944 -0.852226198 -0.497815311 -0.257890105 -0.510380387 -0.820368528 -0.490518242 -0.315711737 -0.812230229 -0.490518242 -0.315711737 -0.812230229 -0.691060722 -0.0220987424 -0.722458959 -0.691060722 -0.0220987424 -0.722458959 -0.791956067 0.323282093 -0.517971277 -0.791956067 0.323282093 -0.517971277 -0.794744015 0.531529427 -0.293016225 -0.794744015 0.531529427 -0.293016225 -0.82801789 0.50721097 -0.239005148 -0.82801789 0.50721097 -0.239005148 -0.851699591 0.386199832 -0.354199827 -0.779370725 0.544279575 -0.310388356 -0.851699591 0.386199832 -0.354199827 0.499218166 -0.859731317 -0.107903928 0.610395968 -0.775994837 0.158898935 0.722415149 -0.516510785 0.459709615 0.745473444 -0.16699405 0.645276964 0.715266168 0.105994985 0.690767348 0.671206295 0.30100283 0.677406371 0.576701164 0.501001 0.645301282 -0.304589987 0.9461689 0.109496392 -0.0390984528 0.95386225 0.297688216 0.0851978734 0.875478208 0.47568813 0.0486994721 0.809791267 0.58469367 -0.0290999729 0.809499204 0.586399436 -0.00979983155 0.84148556 0.540190697 0.159695819 0.82807833 0.537385941 0.382980824 -0.834058225 -0.397080123 0.43059656 -0.834993303 -0.342597246 0.43059656 -0.834993303 -0.342597246 0.50367713 -0.844461679 -0.18219173 0.462486893 -0.865075469 -0.194294482 0.50367713 -0.844461679 -0.18219173 0.385402977 -0.867606759 -0.314202458 0.462486893 -0.865075469 -0.194294482 0.253409266 -0.819429994 -0.51411885 0.385402977 -0.867606759 -0.314202458 0.0748967975 -0.706269801 -0.703969896 0.253409266 -0.819429994 -0.51411885 0.0748967975 -0.706269801 -0.703969896 -0.0815034881 -0.604225814 -0.792633832 0.194296613 -0.944583535 -0.264595389 0.198397905 -0.976489604 -0.0842991024 0.695139349 -0.288516343 0.658437252 0.198397905 -0.976489604 -0.0842991024 0.506921709 -0.845836163 0.166107103 0.576399207 -0.446499407 0.684399128 0.292102456 -0.872807324 0.391003281 0.506921709 -0.845836163 0.166107103 0.627106965 -0.352303922 0.694707751 0.292102456 -0.872807324 0.391003281 0.53129071 -0.518890858 0.669688284 0.548805058 -0.712506533 0.437204063 0.486805409 -0.863509595 0.131801471 0.548805058 -0.712506533 0.437204063 0.617307961 -0.650408387 0.442605734 0.45349434 -0.89118886 -0.011199859 0.486805409 -0.863509595 0.131801471 -0.0682016239 -0.920221865 -0.385409176 0.197099715 -0.938498616 -0.283499569 0.382980824 -0.834058225 -0.397080123 -0.0682016239 -0.920221865 -0.385409176 -0.0815034881 -0.604225814 -0.792633832 -0.257890105 -0.510380387 -0.820368528 -0.273809671 -0.790728033 -0.547519386 -0.328301668 -0.70530355 -0.62830317 -0.0144997044 -0.840582907 -0.541488945 -0.219702542 -0.773109019 -0.595006943 -0.273809671 -0.790728033 -0.547519386 -0.328301668 -0.70530355 -0.62830317 -0.0144997044 -0.840582907 -0.541488945 -0.180198163 -0.9314906 -0.315996826 -0.219702542 -0.773109019 -0.595006943 -0.29410702 -0.829719841 -0.474411339 -0.113296963 -0.838377535 -0.53318572 -0.180198163 -0.9314906 -0.315996826 -0.285482407 -0.662259161 -0.692757308 -0.29410702 -0.829719841 -0.474411339 0.0717028901 -0.88573575 -0.458618522 -0.113296963 -0.838377535 -0.53318572 -0.285482407 -0.662259161 -0.692757308 -0.386511087 -0.477713704 -0.788922608 0.0717028901 -0.88573575 -0.458618522 0.2469071 -0.913726211 -0.322709262 -0.31269291 -0.637785554 -0.703884065 -0.386511087 -0.477713704 -0.788922608 0.0462005995 -0.98621279 -0.158902064 0.2469071 -0.913726211 -0.322709262 0.266694278 -0.953879535 -0.137797043 -0.31269291 -0.637785554 -0.703884065 0.338794291 0.66488874 0.665688753 0.338794291 0.66488874 0.665688753 0.362804443 0.585807204 0.724708855 0.362804443 0.585807204 0.724708855 0.400888681 0.527985096 0.748678863 0.400888681 0.527985096 0.748678863 0.271496683 0.658192039 0.702191472 0.271496683 0.658192039 0.702191472 0.1621961 0.804280639 0.571686208 0.1621961 0.804280639 0.571686208 0.24820146 0.671703935 0.698004127 0.24820146 0.671703935 0.698004127 0.296494275 0.598688424 0.74408561 0.296494275 0.598688424 0.74408561 -0.270907342 0.955925882 -0.113203064 -0.349391073 0.936975956 0.00139996409 -0.779370725 0.544279575 -0.310388356 -0.270907342 0.955925882 -0.113203064 -0.332903177 0.942709029 -0.0218002088 -0.396778315 0.916849792 0.0441975817 -0.346000999 0.922202706 0.172700509 -0.396778315 0.916849792 0.0441975817 -0.417221308 0.906346321 0.0668034106 -0.346000999 0.922202706 0.172700509 -0.667325497 0.743728459 -0.0393015034 -0.708077729 0.682278514 -0.181994274 -0.558709621 0.79581368 -0.233504027 -0.605121672 0.449316114 -0.657223582 -0.708077729 0.682278514 -0.181994274 -0.407093823 0.902886331 -0.138097912 -0.605121672 0.449316114 -0.657223582 -0.767041922 0.500827372 -0.401021898 -0.590290666 0.785587549 -0.18549706 -0.630795896 0.759294987 -0.159898952 -0.767041922 0.500827372 -0.401021898 0.80850035 -0.58460027 -0.0676000267 0.833346486 -0.535629869 0.136507615 0.926881552 -0.358192891 -0.112197764 0.881958485 -0.0764963999 -0.465078086 0.716602027 0.0308000855 -0.69680196 0.507423401 0.135106236 -0.85103929 0.507423401 0.135106236 -0.85103929 0.408397764 0.254198611 -0.876695156 0.683192611 -0.524294317 -0.508294463 0.994145691 0.107594132 0.00989945978 0.677021921 -0.545517683 -0.494015992 0.975044727 0.152006969 -0.161807418 0.631214321 -0.543112278 -0.553712487 0.971531749 -0.050301645 -0.23150757 0.549818456 -0.447615057 -0.705223739 0.952035546 -0.190807119 -0.239208922 0.426079631 -0.2845864 -0.858758926 0.956095219 -0.11129944 -0.271098644 0.292083234 -0.163890585 -0.942245901 0.952739537 0.0553022958 -0.298712403 0.209701404 -0.227601513 -0.950906396 0.945710242 0.136401474 -0.295003176 -0.1906012 0.742804706 -0.641804039 -0.250308752 0.0976034105 -0.96323365 -0.333424121 0.599943399 -0.727252543 0.012999652 -0.0828977823 -0.996473312 -0.258085012 0.70725894 -0.658161819 -0.333424121 0.599943399 -0.727252543 0.38641578 -0.112504587 -0.915437341 -0.103804328 0.925038636 -0.365415245 -0.258085012 0.70725894 -0.658161819 0.0570015796 0.970126867 -0.23580654 0.461227477 -0.11610692 -0.879652441 -0.103804328 0.925038636 -0.365415245 0.0570015796 0.970126867 -0.23580654 0.162209377 0.921753228 -0.352220356 0.215702489 -0.160901859 -0.963111162 0.0688976869 -0.237392038 -0.968967497 0.13089934 0.822095871 -0.554097176 0.162209377 0.921753228 -0.352220356 0.13089934 0.822095871 -0.554097176 0.139903396 -0.312307566 -0.93962276 -0.0247004069 0.773912728 -0.632810414 0.119401179 -0.807607949 0.577505648 0.487574369 -0.641566277 -0.592168868 0.0671006665 -0.878608704 0.472804666 0.189800128 -0.692200482 -0.696300507 0.0460997038 -0.558096409 -0.828494668 0.127398983 -0.893892825 0.429796576 0.0385006331 -0.394206494 -0.918215096 0.150801972 -0.860111177 0.487306356 0.0964998305 -0.816098571 0.569799006 0.0984942839 -0.336980462 -0.936345637 0.0312997773 -0.79209435 0.609595656 0.130099058 -0.39529714 -0.909293413 0.167798236 -0.597793758 -0.783891797 -0.085299477 -0.779795229 0.620196223 0.998081565 0.0592989065 -0.0177996699 -0.313092172 -0.803079903 0.506987333 0.983128369 -0.163904727 0.0812023431 -0.220099404 -0.763297915 0.607398331 0.946623623 -0.165004119 0.276906878 -0.168100938 -0.82220459 0.543803036 0.917443931 -0.394318879 -0.0530025363 -0.246803641 -0.899913251 0.359505296 0.941610754 -0.3363038 -0.0164001863 -0.237501591 -0.844505668 0.480003208 0.97870332 -0.177800611 0.102600351 -0.105701089 -0.86260891 0.494705111 0.967732847 -0.0493016727 0.24710837 -0.166601554 -0.719506681 0.674206257 0.726614296 -0.643612623 0.240404725 0.726614296 -0.643612623 0.240404725 0.75656563 -0.639470994 0.136693791 0.75656563 -0.639470994 0.136693791 0.788679183 -0.428488702 0.440888375 0.788679183 -0.428488702 0.440888375 0.681079865 -0.64948082 0.338090003 0.681079865 -0.64948082 0.338090003 0.620614886 -0.692816615 0.367208809 0.620614886 -0.692816615 0.367208809 0.614182711 -0.480286509 0.626182377 0.614182711 -0.480286509 0.626182377 0.654002726 -0.597402513 0.46410197 0.654002726 -0.597402513 0.46410197 0.386293918 0.791987538 -0.472792536 0.941382051 0.169796765 -0.291494429 -0.0247004069 0.773912728 -0.632810414 0.386293918 0.791987538 -0.472792536 0.669419587 0.646518946 -0.365910739 0.929120183 0.281306118 -0.24000521 0.569010377 0.35550651 -0.74151355 0.669419587 0.646518946 -0.365910739 0.880128324 0.276208878 -0.386112422 0.486799866 0.62229991 -0.612999856 0.569010377 0.35550651 -0.74151355 0.754898071 0.373499066 -0.53909862 0.241394565 0.967978179 -0.0688984469 0.486799866 0.62229991 -0.612999856 0.638794541 0.72759372 -0.250097841 0.241394565 0.967978179 -0.0688984469 0.354587257 0.526981056 -0.772372186 0.687836647 0.639434099 -0.343518287 0.354587257 0.526981056 -0.772372186 0.490902811 0.852204859 -0.181001037 0.889388323 0.311395913 -0.334695607 0.982123196 0.154103637 -0.108102545 -0.00260001537 0.983405769 -0.181401074 -0.1906012 0.742804706 -0.641804039 0.173905328 0.547216773 -0.818725109 0.994091213 -0.102299102 0.0362996794 -0.00260001537 0.983405769 -0.181401074 0.0634000674 0.740100801 -0.669500709 0.173905328 0.547216773 -0.818725109 0.955099761 -0.192299962 -0.225399941 0.0634000674 0.740100801 -0.669500709 0.981410444 0.182001933 -0.0609006435 -0.0660018399 0.968127012 -0.241606742 0.873925805 0.454113424 -0.173305124 -0.0135002816 0.795416594 -0.605912626 -0.0660018399 0.968127012 -0.241606742 0.0396003798 0.806207776 -0.590305686 0.949461758 0.155093759 -0.272888988 -0.0135002816 0.795416594 -0.605912626 0.0155001599 0.844008684 -0.536105514 0.0396003798 0.806207776 -0.590305686 0.976575077 0.0143996328 -0.214694515 0.140405104 0.844930708 -0.516118705 -0.104000166 0.851401389 -0.51410085 -0.212903768 0.854615152 -0.473608375 -0.178494275 0.905070961 -0.385987639 -0.0806989074 0.972986758 -0.21629706 0.0141995074 0.999265313 -0.0355987661 0.0561003052 0.995505452 0.0763004199 0.128805399 0.948039711 -0.290912151 -0.159094438 0.955166638 -0.249691278 -0.282395601 0.936985373 -0.205696777 -0.298588604 0.94136411 -0.157094017 -0.221503228 0.971714199 -0.0819012001 -0.0938982815 0.995581686 -0.000399992656 0.00630020397 0.998632312 0.0519016795 0.0560987704 0.975178599 0.214195311 -0.19520618 0.942229807 0.272208601 -0.280884981 0.919950783 0.273485363 -0.281512022 0.933139741 0.223609537 -0.197507903 0.973038912 0.119104758 -0.0662981197 0.99777168 -0.00749978703 0.0297985673 0.994152248 -0.103795014 -0.0380993523 0.818886042 0.572690248 -0.170797601 0.796588778 0.57989186 -0.182290718 0.822558165 0.538672566 -0.09980423 0.90163821 0.420817822 0.0233000144 0.981000662 0.192600116 0.124294832 0.989658833 -0.0715970173 0.135499895 0.956999362 -0.256499827 -0.0649005696 0.815007091 0.575805008 -0.130599901 0.830299258 0.541799545 -0.069302462 0.878431261 0.472816795 0.125899628 0.930897176 0.342898995 0.284406483 0.94922173 0.134503081 0.331096739 0.940690815 -0.0739992782 0.234887376 0.951748848 -0.197489381 -0.0176006705 0.937435746 0.347713262 -0.0625025257 0.962738931 0.263110638 0.0289992969 0.983676195 0.177595705 0.272602648 0.957009315 0.0991009623 0.418690473 0.907779336 0.0251994263 0.409983367 0.912063062 -0.00739970012 0.243310079 0.969840169 0.0145006003 0.0795982629 0.908880174 -0.409391046 -0.0152001074 0.864906073 -0.501703501 0.0525015704 0.87612623 -0.47921434 0.236003637 0.881113529 -0.409806281 0.351502031 0.912605286 -0.20880121 0.32469672 0.944490433 0.0500994921 0.145004332 0.958128631 0.246907383 -0.166804373 -0.0479012504 0.98482573 -0.191000983 0.0129000666 0.981505036 -0.166500941 0.0325001813 0.985505581 -0.0812987462 0.0691989362 0.994284689 -0.0441999473 0.253599703 0.966298878 -0.0222001113 0.445102274 0.895204544 -0.00980027486 0.364310205 0.931226134 -0.483291924 0.021899635 0.87518537 -0.489611745 -0.03010072 0.87142086 -0.417891622 -0.0661986768 0.906081855 -0.353501201 0.00760002574 0.935403168 -0.298194528 0.220095962 0.92878294 -0.219701692 0.389803022 0.894306898 -0.0987012014 0.238102898 0.966211736 -0.372809172 0.249906152 0.893621981 -0.446417421 -0.132005155 0.885034561 -0.361412942 -0.164205879 0.917832911 -0.297704428 -0.0560008362 0.953014195 -0.244393528 0.179195255 0.952974796 -0.167898297 0.308496863 0.936290503 -0.0768024698 0.0151004847 0.99693197 -0.160897776 0.530792654 0.83208847 -0.268012077 -0.277312487 0.922641516 -0.132702723 -0.291505992 0.947319508 -0.0242003296 -0.141001925 0.98971355 0.0476997904 0.125899449 0.990895629 0.0974047184 0.242111713 0.965346754 0.122195363 -0.0570978373 0.990862429 0.104101717 0.647510648 0.754912436 0.0571032353 -0.395122379 0.916851938 0.11940176 -0.380805612 0.91691345 0.174992338 -0.207490921 0.962457895 0.218805775 0.0690018237 0.97332567 0.244403273 0.19910267 0.949012756 0.229309365 -0.00520021236 0.973339736 0.246098816 0.568797231 0.784796238 0.336008608 -0.371209502 0.865622163 0.251109242 -0.351112902 0.90203321 0.186802 -0.201502144 0.961510241 0.173602 0.0422004834 0.983911335 0.187798724 0.185698733 0.964493454 0.1723039 0.0796018019 0.981822252 0.37869069 0.221294567 0.898677945 0.37601012 -0.211205691 0.902224302 0.160399586 -0.191499487 0.968297422 -0.0168991704 -0.107594728 0.994051278 -0.078497 0.0457982495 0.995861888 -0.0581002459 0.171300724 0.983504176 -0.0314011686 0.119504452 0.992336929 0.0383990631 -0.992875755 0.112797245 0.0735999346 -0.992099047 -0.101599902 -0.0316006988 -0.974121511 -0.223804951 -0.0658978522 -0.976668239 -0.204393357 0.0735999346 -0.992099047 -0.101599902 0.0754034445 -0.912741661 -0.401518315 -0.0127998134 -0.931586444 -0.363294721 -0.0316006988 -0.974121511 -0.223804951 0.0736000985 -0.892301202 -0.445400596 0.0754034445 -0.912741661 -0.401518315 -0.0127998134 -0.931586444 -0.363294721 -0.0396986827 -0.940168679 -0.338388741 0.0711981803 -0.97587508 -0.206394747 0.0736000985 -0.892301202 -0.445400596 -0.0396986827 -0.940168679 -0.338388741 -0.093297787 -0.989476502 -0.11059738 0.0389002338 -0.983905971 0.17440106 0.0711981803 -0.97587508 -0.206394747 -0.093297787 -0.989476502 -0.11059738 -0.11009562 -0.977061093 0.182292745 0.0389002338 -0.983905971 0.17440106 -0.0270003621 -0.896112025 0.443005919 -0.0660969839 -0.903958738 0.422480732 -0.11009562 -0.977061093 0.182292745 0.0135001233 -0.788407207 0.615005612 -0.0270003621 -0.896112025 0.443005919 -0.0660969839 -0.903958738 0.422480732 -0.12980102 -0.836606562 0.532204151 0.0234999787 -0.725899398 -0.687399387 0.0822996944 -0.880896747 -0.466098279 -0.0316006988 -0.974121511 -0.223804951 -0.0658978522 -0.976668239 -0.204393357 0.0822996944 -0.880896747 -0.466098279 0.0863017589 -0.957819521 -0.274105579 -0.0127998134 -0.931586444 -0.363294721 -0.0316006988 -0.974121511 -0.223804951 0.0324990116 -0.999269605 0.0200993884 0.0863017589 -0.957819521 -0.274105579 -0.0127998134 -0.931586444 -0.363294721 -0.0396986827 -0.940168679 -0.338388741 0.0324990116 -0.999269605 0.0200993884 -0.0396986827 -0.940168679 -0.338388741 -0.0564975664 -0.952959001 0.297787189 -0.093297787 -0.989476502 -0.11059738 -0.0564975664 -0.952959001 0.297787189 -0.093297787 -0.989476502 -0.11059738 -0.11009562 -0.977061093 0.182292745 -0.146896228 -0.91337657 0.37969026 -0.0660969839 -0.903958738 0.422480732 -0.11009562 -0.977061093 0.182292745 -0.146896228 -0.91337657 0.37969026 -0.221103519 -0.905614436 0.361905754 0.0135001233 -0.788407207 0.615005612 -0.0660969839 -0.903958738 0.422480732 -0.221103519 -0.905614436 0.361905754 -0.262707204 -0.892924547 0.365610033 0.0234999787 -0.725899398 -0.687399387 0.0822996944 -0.880896747 -0.466098279 -0.0978029221 -0.746622264 -0.658019662 -0.203892484 -0.913566351 -0.351887047 0.0822996944 -0.880896747 -0.466098279 0.0863017589 -0.957819521 -0.274105579 -0.203892484 -0.913566351 -0.351887047 -0.269706786 -0.961224198 -0.0575014465 0.0324990116 -0.999269605 0.0200993884 0.0863017589 -0.957819521 -0.274105579 -0.269706786 -0.961224198 -0.0575014465 -0.289913714 -0.925843775 0.242411464 0.0324990116 -0.999269605 0.0200993884 -0.0564975664 -0.952959001 0.297787189 -0.269693494 -0.831779957 0.485188305 -0.289913714 -0.925843775 0.242411464 -0.0564975664 -0.952959001 0.297787189 -0.146896228 -0.91337657 0.37969026 -0.241290227 -0.829266369 0.50407958 -0.269693494 -0.831779957 0.485188305 -0.146896228 -0.91337657 0.37969026 -0.181999847 -0.930799246 0.316999733 -0.221103519 -0.905614436 0.361905754 -0.241290227 -0.829266369 0.50407958 -0.0889027491 -0.99443078 0.0566017516 -0.181999847 -0.930799246 0.316999733 -0.221103519 -0.905614436 0.361905754 -0.262707204 -0.892924547 0.365610033 0.298207641 -0.696817875 -0.652316689 0.373304248 -0.862009823 -0.342903912 -0.0978029221 -0.746622264 -0.658019662 -0.203892484 -0.913566351 -0.351887047 0.373304248 -0.862009823 -0.342903912 0.398880899 -0.916156054 -0.0393981114 -0.203892484 -0.913566351 -0.351887047 -0.269706786 -0.961224198 -0.0575014465 0.393890768 -0.898278892 0.19479543 0.398880899 -0.916156054 -0.0393981114 -0.269706786 -0.961224198 -0.0575014465 -0.289913714 -0.925843775 0.242411464 0.349088043 -0.814672112 0.463084131 0.393890768 -0.898278892 0.19479543 -0.269693494 -0.831779957 0.485188305 -0.289913714 -0.925843775 0.242411464 0.278298348 -0.73569572 0.617496371 0.349088043 -0.814672112 0.463084131 -0.241290227 -0.829266369 0.50407958 -0.269693494 -0.831779957 0.485188305 0.207409665 -0.829838693 0.518024147 0.278298348 -0.73569572 0.617496371 -0.181999847 -0.930799246 0.316999733 -0.241290227 -0.829266369 0.50407958 0.0981044993 -0.966344357 0.23781091 0.207409665 -0.829838693 0.518024147 -0.0889027491 -0.99443078 0.0566017516 -0.181999847 -0.930799246 0.316999733 0.298207641 -0.696817875 -0.652316689 0.373304248 -0.862009823 -0.342903912 -0.0363002121 -0.862705052 -0.504402936 -0.233095914 -0.962883115 -0.13609761 0.373304248 -0.862009823 -0.342903912 0.398880899 -0.916156054 -0.0393981114 -0.233095914 -0.962883115 -0.13609761 -0.348807216 -0.93211925 0.0974020138 0.393890768 -0.898278892 0.19479543 0.398880899 -0.916156054 -0.0393981114 -0.348807216 -0.93211925 0.0974020138 -0.383021086 -0.915950418 0.119706593 0.349088043 -0.814672112 0.463084131 0.393890768 -0.898278892 0.19479543 -0.318390667 -0.933472633 0.16509515 -0.383021086 -0.915950418 0.119706593 0.278298348 -0.73569572 0.617496371 0.349088043 -0.814672112 0.463084131 -0.158994347 -0.904867887 0.394885957 -0.318390667 -0.933472633 0.16509515 0.0169000961 -0.917705297 0.396902293 0.207409665 -0.829838693 0.518024147 0.278298348 -0.73569572 0.617496371 -0.158994347 -0.904867887 0.394885957 0.0169000961 -0.917705297 0.396902293 0.0981044993 -0.966344357 0.23781091 0.132206678 -0.892845094 0.430521756 0.207409665 -0.829838693 0.518024147 -0.0232994128 -0.995374978 -0.0931976512 -0.0363002121 -0.862705052 -0.504402936 -0.0883022994 -0.995325983 0.0391010195 -0.233095914 -0.962883115 -0.13609761 0.164397448 -0.963585019 -0.21089673 -0.0232994128 -0.995374978 -0.0931976512 -0.233095914 -0.962883115 -0.13609761 -0.348807216 -0.93211925 0.0974020138 0.164397448 -0.963585019 -0.21089673 0.32161054 -0.916730046 -0.237007767 -0.348807216 -0.93211925 0.0974020138 -0.383021086 -0.915950418 0.119706593 0.32161054 -0.916730046 -0.237007767 0.371093363 -0.915483594 -0.155497208 -0.318390667 -0.933472633 0.16509515 -0.383021086 -0.915950418 0.119706593 0.363899648 -0.93129909 -0.0160999857 0.371093363 -0.915483594 -0.155497208 -0.158994347 -0.904867887 0.394885957 -0.318390667 -0.933472633 0.16509515 0.0169000961 -0.917705297 0.396902293 0.343309671 -0.92622602 0.155704379 0.363899648 -0.93129909 -0.0160999857 -0.158994347 -0.904867887 0.394885957 0.0169000961 -0.917705297 0.396902293 0.132206678 -0.892845094 0.430521756 0.308802724 -0.839007378 0.448003978 0.343309671 -0.92622602 0.155704379 0.0236006249 -0.989926219 -0.139603689 0.055602435 -0.997543693 0.0426018648 -0.0232994128 -0.995374978 -0.0931976512 -0.0883022994 -0.995325983 0.0391010195 0.0236006249 -0.989926219 -0.139603689 0.164397448 -0.963585019 -0.21089673 -0.0232994128 -0.995374978 -0.0931976512 -0.101903364 -0.947331369 -0.303610057 0.164397448 -0.963585019 -0.21089673 0.32161054 -0.916730046 -0.237007767 -0.101903364 -0.947331369 -0.303610057 -0.198603764 -0.916517377 -0.347206622 0.32161054 -0.916730046 -0.237007767 0.371093363 -0.915483594 -0.155497208 -0.198603764 -0.916517377 -0.347206622 -0.228998259 -0.949792743 -0.213198379 0.363899648 -0.93129909 -0.0160999857 0.371093363 -0.915483594 -0.155497208 -0.185200304 -0.963801563 -0.191800311 -0.228998259 -0.949792743 -0.213198379 0.343309671 -0.92622602 0.155704379 0.363899648 -0.93129909 -0.0160999857 -0.138206691 -0.987847805 0.0711034387 -0.185200304 -0.963801563 -0.191800311 0.308802724 -0.839007378 0.448003978 0.343309671 -0.92622602 0.155704379 -0.0733980909 -0.957075119 0.280392706 -0.138206691 -0.987847805 0.0711034387 -0.0517978109 -0.98925817 0.136694223 -0.257788211 -0.950056493 0.175891951 -0.29131189 -0.930937946 0.220208973 -0.165496707 -0.957680941 0.235495299 0.0698998272 -0.976597548 0.203399494 0.144804791 -0.981132507 0.128104225 0.0860018879 -0.995821834 0.0307006743 0.0165998451 -0.982390881 -0.186098278 -0.139599144 -0.989493966 -0.0375997722 -0.190994814 -0.96887368 0.157495722 -0.122799441 -0.943395734 0.308098584 0.0281005744 -0.933219075 0.358207345 0.0490005799 -0.945911229 0.320703804 -0.0426003262 -0.975507498 0.215801656 0.16309756 -0.940085888 -0.299395502 0.0941012651 -0.992113352 -0.0828011185 0.0228998065 -0.983491659 0.179498479 0.00140004198 -0.931627929 0.36341092 0.0282004252 -0.902813613 0.429106474 -0.0414000638 -0.919501364 0.390900582 -0.179996118 -0.943479598 0.278293997 0.355404168 -0.926410913 -0.124301463 0.3423886 -0.932068884 0.118396051 0.225901097 -0.912404478 0.34130168 0.0928996131 -0.891696334 0.442998141 -0.0116997901 -0.905683815 0.423792422 -0.182500303 -0.935901523 0.301300496 -0.332607955 -0.935022354 0.122902937 0.506203353 -0.855305672 0.110500731 0.489602238 -0.828303814 0.272401243 0.305512846 -0.878236949 0.367915481 0.0533971898 -0.942650497 0.329482675 -0.147197142 -0.971481085 0.185896397 -0.349892527 -0.936780035 0.00429990841 -0.465515107 -0.868928254 -0.168105453 0.582401335 -0.778101802 0.235300541 0.530512631 -0.797718942 0.286706835 0.246395469 -0.938082755 0.243495524 -0.117695525 -0.9911623 0.061197672 -0.324891031 -0.931774259 -0.161995515 -0.459793687 -0.831488609 -0.311795741 -0.5041821 -0.767872691 -0.395185977 0.605887771 -0.777284324 0.169496581 0.489806443 -0.870011389 -0.056300737 0.13320595 -0.9454422 -0.297313273 -0.228700534 -0.870802045 -0.435201019 -0.382502884 -0.802506089 -0.457903445 -0.478105694 -0.772509217 -0.417904973 -0.472493738 -0.811089277 -0.344795436 -0.0888025984 0.497814566 -0.862725258 -0.113803685 0.141104579 -0.983431876 -0.0715029463 -0.167706892 -0.983240426 0.00209997944 -0.315296918 -0.948990703 0.0511988439 -0.203295425 -0.977777958 0.0704978257 -0.0455985926 -0.996469259 0.0535011292 -0.154003248 -0.986620784 -0.179508448 0.465521902 -0.866640747 -0.145593509 0.244889081 -0.958557248 0.0437014438 -0.0377012491 -0.998333037 0.215009689 -0.222010002 -0.951042831 0.293093145 -0.186195642 -0.937778056 0.279907882 -0.0819023028 -0.956526875 0.17889443 -0.265491754 -0.94737047 -0.176206738 0.428416401 -0.886233926 -0.0966999754 0.410099924 -0.90689975 0.10939908 0.164498627 -0.980291843 0.285592914 -0.0826979503 -0.954776347 0.351700246 -0.172400117 -0.920100629 0.311012417 -0.160606414 -0.936737418 0.175902918 -0.42940715 -0.885814726 -0.0714990199 0.420894206 -0.904287577 -0.0192001536 0.523504198 -0.85180676 0.0974043235 0.313913912 -0.944441915 0.200700983 0.026100127 -0.97930479 0.227400318 -0.175800234 -0.957801282 0.169591144 -0.25048691 -0.953150213 0.0764954239 -0.532368183 -0.843049586 0.0810046494 0.421824187 -0.903051853 0.0460007936 0.539209306 -0.840914547 -0.000799971109 0.349687368 -0.936866164 -0.0302000344 0.0590000674 -0.997801125 -0.0578015782 -0.181304947 -0.981726825 -0.0927000269 -0.292700112 -0.95170033 -0.0756997168 -0.533198059 -0.842596889 0.101099432 0.419097632 -0.902294934 0.0224006176 0.472913057 -0.880824327 -0.0972979814 0.294193894 -0.950780272 -0.184707388 0.0330013223 -0.982239366 -0.198296815 -0.179397106 -0.963584483 -0.152299672 -0.286499381 -0.945897996 -0.0710995048 -0.481796652 -0.873393953 -0.0240999274 0.387398839 -0.921597242 -0.0702007711 0.392404288 -0.917110026 -0.131606162 0.232110843 -0.963745058 -0.150796443 0.0131996879 -0.988476694 -0.0864978284 -0.161495969 -0.98307538 0.02509881 -0.263787478 -0.9642542 0.0641985014 -0.474188924 -0.878079474 0.127898932 -0.980591834 -0.14859876 0.61910218 -0.77280277 0.1396005 -0.826342404 0.541927755 -0.153207853 -0.936462045 0.329386652 0.120595112 0.127898932 -0.980591834 -0.14859876 0.32960853 -0.93962431 -0.0920023769 -0.80107975 -0.556385934 0.220694423 -0.936462045 0.329386652 0.120595112 0.32960853 -0.93962431 -0.0920023769 0.971934259 -0.234608278 -0.0174006149 0.992365301 0.0947966948 0.0788972452 -0.80107975 -0.556385934 0.220694423 0.971934259 -0.234608278 -0.0174006149 0.992365301 0.0947966948 0.0788972452 0.998475015 -0.0470988192 -0.0287992787 0.999370813 0.00779977208 0.0345989913 0.998475015 -0.0470988192 -0.0287992787 0.999370813 0.00779977208 0.0345989913 -0.108496994 -0.938674033 0.327290952 -0.895713449 0.396705955 0.200803012 -0.108496994 -0.938674033 0.327290952 -0.131997451 -0.914982378 0.381292641 -0.870691061 0.426695615 0.244597495 -0.895713449 0.396705955 0.200803012 -0.0641991943 -0.764690399 -0.641191959 -0.131997451 -0.914982378 0.381292641 -0.705017447 0.450511158 0.547713518 -0.870691061 0.426695615 0.244597495 0.127898932 -0.980591834 -0.14859876 0.61910218 -0.77280277 0.1396005 -0.306616515 0.949151099 -0.0714038461 -0.330915272 0.942543447 0.0459021144 0.127898932 -0.980591834 -0.14859876 0.32960853 -0.93962431 -0.0920023769 -0.330915272 0.942543447 0.0459021144 -0.364900559 0.909201443 0.200500309 0.32960853 -0.93962431 -0.0920023769 0.971934259 -0.234608278 -0.0174006149 -0.364900559 0.909201443 0.200500309 -0.624191999 0.776490092 0.0862988979 0.971934259 -0.234608278 -0.0174006149 0.999370813 0.00779977208 0.0345989913 -0.613517284 0.763221443 -0.202705711 -0.624191999 0.776490092 0.0862988979 0.811138093 0.58462745 -0.0163007658 0.999370813 0.00779977208 0.0345989913 -0.108496994 -0.938674033 0.327290952 -0.613517284 0.763221443 -0.202705711 0.811138093 0.58462745 -0.0163007658 0.811232686 0.584723532 0 -0.108496994 -0.938674033 0.327290952 -0.131997451 -0.914982378 0.381292641 0.811232686 0.584723532 0 0.839894891 0.405997515 0.360197812 -0.0641991943 -0.764690399 -0.641191959 -0.131997451 -0.914982378 0.381292641 0.779250085 -0.624260068 0.0553964525 0.864293635 -0.500796318 -0.046899654 -0.306616515 0.949151099 -0.0714038461 -0.330915272 0.942543447 0.0459021144 0.779250085 -0.624260068 0.0553964525 -0.123198733 -0.965290129 -0.23029764 -0.330915272 0.942543447 0.0459021144 -0.364900559 0.909201443 0.200500309 -0.123198733 -0.965290129 -0.23029764 -0.364900559 0.909201443 0.200500309 -0.624191999 0.776490092 0.0862988979 -0.865410626 -0.482505918 0.135101661 -0.613517284 0.763221443 -0.202705711 -0.624191999 0.776490092 0.0862988979 -0.865410626 -0.482505918 0.135101661 -0.868481994 -0.484189957 -0.106297791 0 1 0 0.811138093 0.58462745 -0.0163007658 -0.613517284 0.763221443 -0.202705711 -0.868481994 -0.484189957 -0.106297791 0 1 0 0.811138093 0.58462745 -0.0163007658 0.811232686 0.584723532 0 0.621287465 0.508489728 0.596187949 0.811232686 0.584723532 0 0.839894891 0.405997515 0.360197812 0.779250085 -0.624260068 0.0553964525 0.864293635 -0.500796318 -0.046899654 -0.428282589 -0.898563445 0.095696114 -0.525581181 -0.848069549 -0.0673975796 0.105695881 -0.967862248 -0.228191108 0.779250085 -0.624260068 0.0553964525 -0.123198733 -0.965290129 -0.23029764 -0.428282589 -0.898563445 0.095696114 0.105695881 -0.967862248 -0.228191108 0.901725292 -0.419711769 0.103602909 -0.123198733 -0.965290129 -0.23029764 -0.865410626 -0.482505918 0.135101661 0.901725292 -0.419711769 0.103602909 0.987407625 -0.143401116 -0.0668005124 -0.865410626 -0.482505918 0.135101661 -0.868481994 -0.484189957 -0.106297791 0 1 0 0.987407625 -0.143401116 -0.0668005124 -0.540990293 -0.840984881 -0.00859984569 -0.868481994 -0.484189957 -0.106297791 0 1 0 0.811232686 0.584723532 0 -0.540990293 -0.840984881 -0.00859984569 -0.624183893 -0.754980564 -0.200994834 0.621287465 0.508489728 0.596187949 0.811232686 0.584723532 0 -0.440196157 -0.582994938 -0.682894051 -0.624183893 -0.754980564 -0.200994834 -0.144902229 0.988115191 0.0513007902 -0.207690015 0.973953187 -0.0909956247 -0.428282589 -0.898563445 0.095696114 -0.525581181 -0.848069549 -0.0673975796 0.0117004402 0.976936758 0.213208035 0.105695881 -0.967862248 -0.228191108 -0.144902229 0.988115191 0.0513007902 -0.428282589 -0.898563445 0.095696114 0.0117004402 0.976936758 0.213208035 0.027299609 0.998885691 0.0384994484 0.105695881 -0.967862248 -0.228191108 0.901725292 -0.419711769 0.103602909 0.027299609 0.998885691 0.0384994484 0.901725292 -0.419711769 0.103602909 0.987407625 -0.143401116 -0.0668005124 -0.1855921 0.973058581 -0.13679418 0.987407625 -0.143401116 -0.0668005124 -0.1855921 0.973058581 -0.13679418 -0.540990293 -0.840984881 -0.00859984569 -0.609199345 -0.790299177 -0.0655999333 -0.458991826 0.775786221 -0.432992309 -0.540990293 -0.840984881 -0.00859984569 -0.609199345 -0.790299177 -0.0655999333 -0.624183893 -0.754980564 -0.200994834 -0.1907942 0.458686054 0.867873609 -0.440196157 -0.582994938 -0.682894051 -0.458991826 0.775786221 -0.432992309 -0.624183893 -0.754980564 -0.200994834 0.16520375 -0.984622419 -0.056801293 0.204804048 -0.974619329 0.090401791 -0.144902229 0.988115191 0.0513007902 -0.207690015 0.973953187 -0.0909956247 0.0117004402 0.976936758 0.213208035 0.16520375 -0.984622419 -0.056801293 -0.144902229 0.988115191 0.0513007902 -0.999196529 0.0334998854 0.0219999235 0.0117004402 0.976936758 0.213208035 0.027299609 0.998885691 0.0384994484 -0.707403958 0.702903926 0.0742004141 -0.999196529 0.0334998854 0.0219999235 0.027299609 0.998885691 0.0384994484 -0.1855921 0.973058581 -0.13679418 -0.617890954 0.758988857 -0.205296993 -0.707403958 0.702903926 0.0742004141 -0.1855921 0.973058581 -0.13679418 -0.220889047 0.924154162 -0.311684519 -0.609199345 -0.790299177 -0.0655999333 -0.617890954 0.758988857 -0.205296993 0.618206263 0.725307345 -0.302903056 -0.220889047 0.924154162 -0.311684519 -0.458991826 0.775786221 -0.432992309 -0.609199345 -0.790299177 -0.0655999333 0.618206263 0.725307345 -0.302903056 0.688958049 0.322780341 0.648960471 -0.1907942 0.458686054 0.867873609 -0.458991826 0.775786221 -0.432992309 0.16520375 -0.984622419 -0.056801293 0.204804048 -0.974619329 0.090401791 0.875589967 -0.471594602 -0.104598798 0.973121285 -0.185404047 0.136602998 0.16520375 -0.984622419 -0.056801293 0.411808163 -0.890117645 -0.195203871 0.875589967 -0.471594602 -0.104598798 -0.999196529 0.0334998854 0.0219999235 0.305496663 -0.951489568 -0.0365995988 0.411808163 -0.890117645 -0.195203871 -0.707403958 0.702903926 0.0742004141 -0.999196529 0.0334998854 0.0219999235 0.305496663 -0.951489568 -0.0365995988 0.362699151 -0.920697927 0.144099668 -0.617890954 0.758988857 -0.205296993 -0.707403958 0.702903926 0.0742004141 0.362699151 -0.920697927 0.144099668 0.645906985 0.636106849 -0.422104567 -0.220889047 0.924154162 -0.311684519 -0.617890954 0.758988857 -0.205296993 0.618206263 0.725307345 -0.302903056 0.645906985 0.636106849 -0.422104567 -0.220889047 0.924154162 -0.311684519 -0.85663408 0.102104068 0.505720139 0.618206263 0.725307345 -0.302903056 0.688958049 0.322780341 0.648960471 -0.458780199 -0.370184034 -0.807765126 -0.85663408 0.102104068 0.505720139 0.0293008927 0.139204249 0.989830136 -0.136801526 0.70170778 0.699207783 -0.142093286 0.682367682 0.717066109 -0.146407515 0.664134085 0.733137608 -0.150701016 0.646704316 0.747704983 -0.156399578 0.626098335 0.763897955 -0.161499172 0.615896821 0.771096051 -0.306913912 0.431619555 0.848238468 -0.364802301 0.600803792 0.711304486 -0.36629048 0.604284346 0.70758158 -0.367484897 0.605675101 0.705770969 -0.368902296 0.606403828 0.704404414 -0.370092183 0.609287143 0.701285243 -0.371381789 0.608870208 0.700965643 -0.26070267 0.964709878 -0.0370003805 -0.350997657 0.687895417 0.635295749 -0.348688334 0.70647639 0.615879416 -0.347787172 0.698174298 0.625776947 -0.346896231 0.698692441 0.625693202 -0.345499963 0.694599926 0.630999923 -0.344501555 0.69870317 0.627002835 -0.180792615 0.98225981 -0.0497979634 -0.136795312 0.861670434 0.488683224 -0.134301871 0.880612254 0.454406351 -0.130099908 0.823699415 0.551899612 -0.127004147 0.834727228 0.535817504 -0.126200154 0.835500956 0.534800589 -0.122703239 0.857222676 0.500113249 0.00330011174 0.980033219 -0.198806733 0.104699798 0.992298067 0.0661998764 0.134797469 0.959181964 0.248595327 0.156102836 0.928216815 0.337706119 0.141498238 0.953588188 0.265796691 0.141092658 0.961849868 0.2343878 0.141299754 0.96239841 0.231999606 0.0660970286 0.868660986 -0.490977943 0.233293414 0.906774342 0.35119009 0.254798204 0.851494014 0.458296776 0.242309153 0.890533626 0.385014504 0.236996099 0.900785148 0.363894016 0.237094209 0.898478091 0.369490981 0.246897921 0.875492632 0.415396482 0.102095753 0.992758691 -0.0632973686 0.198391065 0.06949687 0.977655947 0.752968073 -0.0766967461 0.653572261 0.128600687 0.614703298 0.778204143 0.118300483 0.680002809 0.723602951 0.100303598 0.89133203 0.442115843 0.245807886 -0.181205809 0.952230513 0.504921913 -0.710930884 -0.489521265 0.57140404 -0.707005024 0.416702956 0.607078373 -0.758572936 0.236691564 -0.451909989 0.392208666 -0.801217675 0.195893615 -0.91037035 0.364488125 0.215905711 -0.931224644 0.293607742 0.504921913 -0.710930884 -0.489521265 0.607078373 -0.758572936 0.236691564 0.195893615 -0.91037035 0.364488125 0.215905711 -0.931224644 0.293607742 -0.337790221 -0.682180226 0.64848125 -0.395688862 -0.875775397 0.276492208 -0.337790221 -0.682180226 0.64848125 -0.395688862 -0.875775397 0.276492208 -0.515521765 -0.596125126 0.615525961 -0.608598053 -0.756597579 0.239099219 -0.180208698 -0.375718147 -0.909043849 -0.515521765 -0.596125126 0.615525961 -0.536993623 -0.824290156 0.179397851 -0.608598053 -0.756597579 0.239099219 0.590979099 0.79017204 0.162394255 0.602214217 0.761717975 -0.239005655 -0.180208698 -0.375718147 -0.909043849 -0.536993623 -0.824290156 0.179397851 0.00950022414 0.636014998 0.771618247 0.499507993 -0.845013499 -0.190903053 0.590979099 0.79017204 0.162394255 0.602214217 0.761717975 -0.239005655 0.504921913 -0.710930884 -0.489521265 0.530298412 -0.745797813 -0.403198808 -0.451909989 0.392208666 -0.801217675 -0.456124276 0.409421772 -0.790142059 0.178398162 -0.906190693 0.383396059 0.195893615 -0.91037035 0.364488125 0.504921913 -0.710930884 -0.489521265 0.530298412 -0.745797813 -0.403198808 0.178398162 -0.906190693 0.383396059 0.195893615 -0.91037035 0.364488125 -0.282806218 -0.526411593 0.801817656 -0.337790221 -0.682180226 0.64848125 -0.282806218 -0.526411593 0.801817656 -0.337790221 -0.682180226 0.64848125 -0.426481247 -0.464079589 0.776365876 -0.515521765 -0.596125126 0.615525961 -0.180208698 -0.375718147 -0.909043849 -0.282307625 -0.521614134 -0.805121839 -0.426481247 -0.464079589 0.776365876 -0.515521765 -0.596125126 0.615525961 0.590979099 0.79017204 0.162394255 -0.180208698 -0.375718147 -0.909043849 -0.282307625 -0.521614134 -0.805121839 -0.608498931 -0.784398556 0.120199785 0.32879898 0.873997331 -0.357798904 0.499507993 -0.845013499 -0.190903053 0.590979099 0.79017204 0.162394255 -0.608498931 -0.784398556 0.120199785 0.498105079 -0.722007334 -0.48020488 0.530298412 -0.745797813 -0.403198808 -0.456124276 0.409421772 -0.790142059 -0.464491546 0.432492107 -0.772785962 0.160890996 -0.900149703 0.404777378 0.178398162 -0.906190693 0.383396059 0.498105079 -0.722007334 -0.48020488 0.530298412 -0.745797813 -0.403198808 0.160890996 -0.900149703 0.404777378 0.178398162 -0.906190693 0.383396059 -0.282806218 -0.526411593 0.801817656 -0.321094513 -0.599689722 0.732987463 -0.282806218 -0.526411593 0.801817656 -0.321094513 -0.599689722 0.732987463 -0.426481247 -0.464079589 0.776365876 -0.457793355 -0.509492636 0.728589416 -0.167893469 -0.357586116 -0.918664277 -0.282307625 -0.521614134 -0.805121839 -0.426481247 -0.464079589 0.776365876 -0.457793355 -0.509492636 0.728589416 0.606859028 0.794646382 -0.0160989147 -0.167893469 -0.357586116 -0.918664277 -0.282307625 -0.521614134 -0.805121839 -0.608498931 -0.784398556 0.120199785 0.285004735 0.850114107 0.442807347 0.32879898 0.873997331 -0.357798904 0.606859028 0.794646382 -0.0160989147 -0.608498931 -0.784398556 0.120199785 0.498105079 -0.722007334 -0.48020488 0.519304037 -0.754505873 -0.401303142 -0.46406588 0.435867935 -0.771143258 -0.464491546 0.432492107 -0.772785962 0.140904263 -0.875026524 0.463114023 0.160890996 -0.900149703 0.404777378 0.498105079 -0.722007334 -0.48020488 0.519304037 -0.754505873 -0.401303142 0.140904263 -0.875026524 0.463114023 0.160890996 -0.900149703 0.404777378 -0.320914686 -0.58142662 0.747634232 -0.321094513 -0.599689722 0.732987463 -0.320914686 -0.58142662 0.747634232 -0.321094513 -0.599689722 0.732987463 -0.457793355 -0.509492636 0.728589416 -0.519183993 -0.601581395 0.607081294 -0.167893469 -0.357586116 -0.918664277 -0.250508517 -0.475616187 -0.843228698 -0.457793355 -0.509492636 0.728589416 -0.519183993 -0.601581395 0.607081294 0.606859028 0.794646382 -0.0160989147 -0.167893469 -0.357586116 -0.918664277 -0.250508517 -0.475616187 -0.843228698 -0.606998205 -0.783697665 0.131799608 0.285004735 0.850114107 0.442807347 0.606859028 0.794646382 -0.0160989147 -0.306597233 -0.698693693 -0.646394134 -0.606998205 -0.783697665 0.131799608 0.509308577 -0.755112767 -0.412806988 0.519304037 -0.754505873 -0.401303142 -0.46406588 0.435867935 -0.771143258 -0.467296809 0.445596963 -0.763594806 0.128103361 -0.910523951 0.393110335 0.140904263 -0.875026524 0.463114023 0.509308577 -0.755112767 -0.412806988 0.519304037 -0.754505873 -0.401303142 0.128103361 -0.910523951 0.393110335 0.140904263 -0.875026524 0.463114023 -0.320914686 -0.58142662 0.747634232 -0.37199375 -0.680788577 0.630989373 -0.320914686 -0.58142662 0.747634232 -0.37199375 -0.680788577 0.630989373 -0.499881774 -0.572179139 0.650176287 -0.519183993 -0.601581395 0.607081294 -0.23259227 -0.449685037 -0.862371325 -0.250508517 -0.475616187 -0.843228698 -0.499881774 -0.572179139 0.650176287 -0.519183993 -0.601581395 0.607081294 0.605884373 0.795379519 -0.0165995732 -0.23259227 -0.449685037 -0.862371325 -0.250508517 -0.475616187 -0.843228698 -0.606998205 -0.783697665 0.131799608 0.605884373 0.795379519 -0.0165995732 -0.162800089 -0.0894000456 0.98260051 -0.306597233 -0.698693693 -0.646394134 -0.606998205 -0.783697665 0.131799608 0.509308577 -0.755112767 -0.412806988 0.525112748 -0.78291899 -0.333608121 -0.467277884 0.449078739 -0.761563957 -0.467296809 0.445596963 -0.763594806 0.108604148 -0.885933876 0.450917214 0.128103361 -0.910523951 0.393110335 0.509308577 -0.755112767 -0.412806988 0.525112748 -0.78291899 -0.333608121 0.108604148 -0.885933876 0.450917214 0.128103361 -0.910523951 0.393110335 -0.312199891 -0.530499816 0.788099706 -0.37199375 -0.680788577 0.630989373 -0.312199891 -0.530499816 0.788099706 -0.37199375 -0.680788577 0.630989373 -0.492527306 -0.5617311 0.664736807 -0.499881774 -0.572179139 0.650176287 -0.23259227 -0.449685037 -0.862371325 -0.239292383 -0.458685398 -0.855772734 -0.492527306 -0.5617311 0.664736807 -0.499881774 -0.572179139 0.650176287 0.605884373 0.795379519 -0.0165995732 -0.23259227 -0.449685037 -0.862371325 -0.239292383 -0.458685398 -0.855772734 -0.606414497 -0.786418796 0.117502809 0.605884373 0.795379519 -0.0165995732 -0.162800089 -0.0894000456 0.98260051 -0.259615123 -0.965656161 -0.0104006054 -0.606414497 -0.786418796 0.117502809 0.516063213 -0.785843968 -0.340775698 0.525112748 -0.78291899 -0.333608121 -0.433686763 0.402087718 -0.806375384 -0.467277884 0.449078739 -0.761563957 0.0929012001 -0.899511576 0.426905483 0.108604148 -0.885933876 0.450917214 0.516063213 -0.785843968 -0.340775698 0.525112748 -0.78291899 -0.333608121 0.0929012001 -0.899511576 0.426905483 0.108604148 -0.885933876 0.450917214 -0.312199891 -0.530499816 0.788099706 -0.377296537 -0.656593978 0.653093994 -0.312199891 -0.530499816 0.788099706 -0.377296537 -0.656593978 0.653093994 -0.492527306 -0.5617311 0.664736807 -0.514606714 -0.596107781 0.616308033 -0.239292383 -0.458685398 -0.855772734 -0.258107215 -0.484713525 -0.835723281 -0.492527306 -0.5617311 0.664736807 -0.514606714 -0.596107781 0.616308033 0.606201053 0.792601347 -0.0656001121 -0.239292383 -0.458685398 -0.855772734 -0.258107215 -0.484713525 -0.835723281 -0.606414497 -0.786418796 0.117502809 0.606201053 0.792601347 -0.0656001121 -0.259615123 -0.965656161 -0.0104006054 -0.502289534 -0.796583354 0.336392999 -0.606414497 -0.786418796 0.117502809 -0.0900050178 -0.160308942 -0.9829548 -0.162504598 -0.0235006642 -0.986427963 -0.211804807 -0.0238005407 -0.977022171 -0.667729259 -0.105904646 -0.736832321 -0.162504598 -0.0235006642 -0.986427963 -0.211804807 -0.0238005407 -0.977022171 -0.237406179 -0.0879022852 -0.967425227 -0.298606038 -0.0846017152 -0.95061928 -0.237406179 -0.0879022852 -0.967425227 -0.298606038 -0.0846017152 -0.95061928 -0.31898576 -0.326185435 -0.889860272 -0.345199883 -0.319699883 -0.882399678 0.608229578 0.289114058 0.739235938 -0.31898576 -0.326185435 -0.889860272 -0.345199883 -0.319699883 -0.882399678 -0.633502305 -0.341901243 -0.694102585 0.608229578 0.289114058 0.739235938 0.821720064 -0.485211849 0.29890731 0.907981813 -0.329693377 -0.258594811 -0.633502305 -0.341901243 -0.694102585 0.821720064 -0.485211849 0.29890731 0.907981813 -0.329693377 -0.258594811 0.926216125 -0.375906557 0.028600499 -0.0822979659 0.297792643 0.951076508 0.146199808 0.45249939 0.879698873 0.926216125 -0.375906557 0.028600499 0.98963511 -0.13420476 0.0511018112 -0.0822979659 0.297792643 0.951076508 -0.0900050178 -0.160308942 -0.9829548 -0.102302492 -0.164104 -0.981123865 -0.211804807 -0.0238005407 -0.977022171 -0.223700687 -0.0263000801 -0.974303007 -0.211804807 -0.0238005407 -0.977022171 -0.223700687 -0.0263000801 -0.974303007 -0.298606038 -0.0846017152 -0.95061928 -0.308495075 -0.0853986368 -0.947384834 -0.298606038 -0.0846017152 -0.95061928 -0.308495075 -0.0853986368 -0.947384834 -0.31898576 -0.326185435 -0.889860272 -0.325288385 -0.325388372 -0.887868226 -0.31898576 -0.326185435 -0.889860272 -0.325288385 -0.325388372 -0.887868226 -0.607095897 -0.298097968 -0.736594975 -0.633502305 -0.341901243 -0.694102585 0.894128442 -0.400012702 -0.201306388 0.907981813 -0.329693377 -0.258594811 -0.607095897 -0.298097968 -0.736594975 -0.633502305 -0.341901243 -0.694102585 0.894128442 -0.400012702 -0.201306388 0.907981813 -0.329693377 -0.258594811 -0.0822979659 0.297792643 0.951076508 -0.0850018486 0.295606434 0.951520681 0.146199808 0.45249939 0.879698873 0.149697706 0.450793058 0.879986465 -0.0822979659 0.297792643 0.951076508 -0.0850018486 0.295606434 0.951520681 -0.102302492 -0.164104 -0.981123865 -0.114700951 -0.167901397 -0.979108155 -0.223700687 -0.0263000801 -0.974303007 -0.235698417 -0.0289998055 -0.971393526 -0.223700687 -0.0263000801 -0.974303007 -0.235698417 -0.0289998055 -0.971393526 -0.308495075 -0.0853986368 -0.947384834 -0.318585724 -0.0862961337 -0.943957686 -0.308495075 -0.0853986368 -0.947384834 -0.318585724 -0.0862961337 -0.943957686 -0.325288385 -0.325388372 -0.887868226 -0.331902117 -0.324602067 -0.88570565 -0.325288385 -0.325388372 -0.887868226 -0.331902117 -0.324602067 -0.88570565 -0.607095897 -0.298097968 -0.736594975 -0.634796679 -0.364698082 -0.681196451 0.894128442 -0.400012702 -0.201306388 0.908195257 -0.348298192 -0.232098773 -0.607095897 -0.298097968 -0.736594975 -0.634796679 -0.364698082 -0.681196451 0.894128442 -0.400012702 -0.201306388 0.908195257 -0.348298192 -0.232098773 -0.0850018486 0.295606434 0.951520681 -0.0867003426 0.292901158 0.95220381 0.149697706 0.450793058 0.879986465 0.153102115 0.449206203 0.880212188 -0.0850018486 0.295606434 0.951520681 -0.0867003426 0.292901158 0.95220381 -0.114700951 -0.167901397 -0.979108155 -0.12739493 -0.171793163 -0.97686106 -0.235698417 -0.0289998055 -0.971393526 -0.247705132 -0.0316006504 -0.968320012 -0.235698417 -0.0289998055 -0.971393526 -0.247705132 -0.0316006504 -0.968320012 -0.318585724 -0.0862961337 -0.943957686 -0.328493625 -0.0870983079 -0.940481722 -0.318585724 -0.0862961337 -0.943957686 -0.328493625 -0.0870983079 -0.940481722 -0.331902117 -0.324602067 -0.88570565 -0.338096797 -0.323696971 -0.883691669 -0.331902117 -0.324602067 -0.88570565 -0.338096797 -0.323696971 -0.883691669 -0.633528054 -0.372716516 -0.678030014 -0.634796679 -0.364698082 -0.681196451 0.899421811 -0.3922095 -0.192904681 0.908195257 -0.348298192 -0.232098773 -0.633528054 -0.372716516 -0.678030014 -0.634796679 -0.364698082 -0.681196451 0.899421811 -0.3922095 -0.192904681 0.908195257 -0.348298192 -0.232098773 -0.0867003426 0.292901158 0.95220381 -0.0916031599 0.291310042 0.952232838 0.153102115 0.449206203 0.880212188 0.155104071 0.447711736 0.880623043 -0.0867003426 0.292901158 0.95220381 -0.0916031599 0.291310042 0.952232838 -0.12739493 -0.171793163 -0.97686106 -0.140103236 -0.175704062 -0.974422514 -0.247705132 -0.0316006504 -0.968320012 -0.259694129 -0.0343992226 -0.965078115 -0.247705132 -0.0316006504 -0.968320012 -0.259694129 -0.0343992226 -0.965078115 -0.328493625 -0.0870983079 -0.940481722 -0.338393241 -0.0879982337 -0.936881244 -0.328493625 -0.0870983079 -0.940481722 -0.338096797 -0.323696971 -0.883691669 -0.338393241 -0.0879982337 -0.936881244 -0.344808131 -0.32280764 -0.881420791 -0.338096797 -0.323696971 -0.883691669 -0.344808131 -0.32280764 -0.881420791 -0.633528054 -0.372716516 -0.678030014 -0.640481234 -0.400488257 -0.655280828 0.899421811 -0.3922095 -0.192904681 0.914558768 -0.334121466 -0.227914646 -0.633528054 -0.372716516 -0.678030014 -0.640481234 -0.400488257 -0.655280828 0.899421811 -0.3922095 -0.192904681 0.914558768 -0.334121466 -0.227914646 -0.0898018703 0.287305981 0.953619897 -0.0916031599 0.291310042 0.952232838 0.155104071 0.447711736 0.880623043 0.159194499 0.445984602 0.880769551 -0.0898018703 0.287305981 0.953619897 -0.0916031599 0.291310042 0.952232838 -0.140103236 -0.175704062 -0.974422514 -0.153093025 -0.17959182 -0.971755803 -0.259694129 -0.0343992226 -0.965078115 -0.271690279 -0.0371986702 -0.96166563 -0.259694129 -0.0343992226 -0.965078115 -0.271690279 -0.0371986702 -0.96166563 -0.338393241 -0.0879982337 -0.936881244 -0.34828639 -0.0888965204 -0.933163524 -0.338393241 -0.0879982337 -0.936881244 -0.344808131 -0.32280764 -0.881420791 -0.34828639 -0.0888965204 -0.933163524 -0.351284504 -0.321985781 -0.879161179 -0.344808131 -0.32280764 -0.881420791 -0.351284504 -0.321985781 -0.879161179 -0.635082364 -0.398888916 -0.661481619 -0.640481234 -0.400488257 -0.655280828 0.910867751 -0.359887242 -0.201992854 0.914558768 -0.334121466 -0.227914646 -0.635082364 -0.398888916 -0.661481619 -0.640481234 -0.400488257 -0.655280828 0.910867751 -0.359887242 -0.201992854 0.914558768 -0.334121466 -0.227914646 -0.0898018703 0.287305981 0.953619897 -0.0917974263 0.284492046 0.954273224 0.159194499 0.445984602 0.880769551 0.162599817 0.444299519 0.880999029 -0.0898018703 0.287305981 0.953619897 -0.0917974263 0.284492046 0.954273224 0.231995478 -0.199296132 -0.952081501 -0.153093025 -0.17959182 -0.971755803 -0.271690279 -0.0371986702 -0.96166563 -0.283694148 -0.0399991758 -0.958080292 -0.271690279 -0.0371986702 -0.96166563 -0.283694148 -0.0399991758 -0.958080292 -0.34828639 -0.0888965204 -0.933163524 -0.358798146 -0.0896995366 -0.929095209 -0.34828639 -0.0888965204 -0.933163524 -0.351284504 -0.321985781 -0.879161179 -0.358798146 -0.0896995366 -0.929095209 -0.369500995 -0.319700867 -0.872502327 0.636741459 0.770950258 -0.0140009122 -0.351284504 -0.321985781 -0.879161179 -0.369500995 -0.319700867 -0.872502327 -0.635082364 -0.398888916 -0.661481619 0.636741459 0.770950258 -0.0140009122 0.834329426 -0.545819223 -0.0773027241 0.910867751 -0.359887242 -0.201992854 -0.635082364 -0.398888916 -0.661481619 0.400796682 -0.366896987 -0.839493096 0.834329426 -0.545819223 -0.0773027241 0.910867751 -0.359887242 -0.201992854 -0.0917974263 0.284492046 0.954273224 0.159195974 0.443788797 0.88187772 0.162599817 0.444299519 0.880999029 0.400796682 -0.366896987 -0.839493096 -0.0917974263 0.284492046 0.954273224 0.0447015949 0.314411223 -0.948233843 -0.181000128 0.36310026 -0.91400069 -0.197199136 0.357398421 -0.912895918 -0.489086002 0.197094366 -0.849675655 -0.16469419 0.304189265 -0.938266933 -0.168599233 0.315298557 -0.933895767 -0.181000128 0.36310026 -0.91400069 -0.197199136 0.357398421 -0.912895918 -0.0804003254 0.178200722 -0.98070401 -0.107601747 0.140502274 -0.984215975 -0.16469419 0.304189265 -0.938266933 -0.168599233 0.315298557 -0.933895767 0.00849965028 -0.024698982 -0.999658763 0.0566023253 0.0226009283 -0.998140991 -0.0804003254 0.178200722 -0.98070401 -0.107601747 0.140502274 -0.984215975 0.00849965028 -0.024698982 -0.999658763 0.0566023253 0.0226009283 -0.998140991 0.151007548 -0.160908058 -0.97534883 0.194307938 -0.131105363 -0.972139776 0.151007548 -0.160908058 -0.97534883 0.194307938 -0.131105363 -0.972139776 0.257105738 -0.263305873 -0.929820776 0.290213883 -0.253612131 -0.922744155 0.150197893 0.596691668 0.788289011 0.257105738 -0.263305873 -0.929820776 0.290213883 -0.253612131 -0.922744155 0.587574124 -0.713868618 -0.380983263 -0.197199136 0.357398421 -0.912895918 -0.211303592 0.353606015 -0.911215484 -0.340101302 0.237500921 -0.909903526 -0.489086002 0.197094366 -0.849675655 -0.164095089 0.324990273 -0.931372106 -0.168599233 0.315298557 -0.933895767 -0.197199136 0.357398421 -0.912895918 -0.211303592 0.353606015 -0.911215484 -0.0613987111 0.20809564 -0.976179481 -0.0804003254 0.178200722 -0.98070401 -0.164095089 0.324990273 -0.931372106 -0.168599233 0.315298557 -0.933895767 0.0566023253 0.0226009283 -0.998140991 0.0814994574 0.0560996234 -0.995093405 -0.0613987111 0.20809564 -0.976179481 -0.0804003254 0.178200722 -0.98070401 0.0566023253 0.0226009283 -0.998140991 0.0814994574 0.0560996234 -0.995093405 0.194307938 -0.131105363 -0.972139776 0.210792825 -0.114796087 -0.970766902 0.194307938 -0.131105363 -0.972139776 0.210792825 -0.114796087 -0.970766902 0.290213883 -0.253612131 -0.922744155 0.292607427 -0.248706296 -0.923323393 0.150197893 0.596691668 0.788289011 0.290213883 -0.253612131 -0.922744155 0.292607427 -0.248706296 -0.923323393 -0.0171997249 0.641789734 0.76668781 -0.211303592 0.353606015 -0.911215484 -0.242113322 0.247113585 -0.938251615 -0.24599579 0.34919402 -0.90418452 -0.340101302 0.237500921 -0.909903526 -0.164095089 0.324990273 -0.931372106 -0.165898249 0.329996526 -0.929290175 -0.211303592 0.353606015 -0.911215484 -0.24599579 0.34919402 -0.90418452 -0.0527999364 0.227699727 -0.972298861 -0.0613987111 0.20809564 -0.976179481 -0.164095089 0.324990273 -0.931372106 -0.165898249 0.329996526 -0.929290175 0.0814994574 0.0560996234 -0.995093405 0.0976026133 0.0772020668 -0.992226601 -0.0527999364 0.227699727 -0.972298861 -0.0613987111 0.20809564 -0.976179481 0.0814994574 0.0560996234 -0.995093405 0.0976026133 0.0772020668 -0.992226601 0.210792825 -0.114796087 -0.970766902 0.223607391 -0.106603518 -0.968832016 0.210792825 -0.114796087 -0.970766902 0.223607391 -0.106603518 -0.968832016 0.261290669 -0.249091119 -0.932566762 0.292607427 -0.248706296 -0.923323393 0.261290669 -0.249091119 -0.932566762 0.292607427 -0.248706296 -0.923323393 -0.0171997249 0.641789734 0.76668781 -0.0201007519 -0.648524284 -0.760928512 -0.213592097 0.248590812 -0.944765091 -0.216995642 0.353592902 -0.909881771 -0.242113322 0.247113585 -0.938251615 -0.24599579 0.34919402 -0.90418452 -0.165898249 0.329996526 -0.929290175 -0.173998341 0.333396822 -0.926591158 -0.216995642 0.353592902 -0.909881771 -0.24599579 0.34919402 -0.90418452 -0.0527993068 0.240196854 -0.969287276 -0.0527999364 0.227699727 -0.972298861 -0.165898249 0.329996526 -0.929290175 -0.173998341 0.333396822 -0.926591158 0.0976026133 0.0772020668 -0.992226601 0.111001045 0.0903008506 -0.989709318 -0.0527993068 0.240196854 -0.969287276 -0.0527999364 0.227699727 -0.972298861 0.0976026133 0.0772020668 -0.992226601 0.111001045 0.0903008506 -0.989709318 0.223607391 -0.106603518 -0.968832016 0.23960574 -0.100802414 -0.96562314 0.223607391 -0.106603518 -0.968832016 0.23960574 -0.100802414 -0.96562314 0.261290669 -0.249091119 -0.932566762 0.29480958 -0.248308048 -0.922729909 0.261290669 -0.249091119 -0.932566762 0.29480958 -0.248308048 -0.922729909 0.318606824 -0.628213465 -0.709815204 -0.0201007519 -0.648524284 -0.760928512 0.305713058 0.24471046 -0.920139313 -0.213592097 0.248590812 -0.944765091 -0.216399744 0.353399575 -0.91009891 -0.216995642 0.353592902 -0.909881771 -0.17359677 0.336393744 -0.925582767 -0.173998341 0.333396822 -0.926591158 -0.216399744 0.353399575 -0.91009891 -0.216995642 0.353592902 -0.909881771 -0.0500022136 0.247710973 -0.967542827 -0.0527993068 0.240196854 -0.969287276 -0.17359677 0.336393744 -0.925582767 -0.173998341 0.333396822 -0.926591158 0.111001045 0.0903008506 -0.989709318 0.115901664 0.0980014056 -0.988414168 -0.0500022136 0.247710973 -0.967542827 -0.0527993068 0.240196854 -0.969287276 0.111001045 0.0903008506 -0.989709318 0.115901664 0.0980014056 -0.988414168 0.23960574 -0.100802414 -0.96562314 0.246008098 -0.0967031792 -0.964431703 0.23960574 -0.100802414 -0.96562314 0.246008098 -0.0967031792 -0.964431703 0.29480958 -0.248308048 -0.922729909 0.309010059 -0.246608049 -0.918529928 0.29480958 -0.248308048 -0.922729909 0.309010059 -0.246608049 -0.918529928 0.318606824 -0.628213465 -0.709815204 -0.289100558 0.627101243 0.723301411 0.305713058 0.24471046 -0.920139313 -0.0802978054 -0.240293413 0.96737349 -0.216399744 0.353399575 -0.91009891 -0.219902933 0.353004694 -0.909412146 -0.17359677 0.336393744 -0.925582767 -0.174505979 0.337711573 -0.924931645 -0.216399744 0.353399575 -0.91009891 -0.219902933 0.353004694 -0.909412146 -0.0487004407 0.251202255 -0.96670872 -0.0500022136 0.247710973 -0.967542827 -0.17359677 0.336393744 -0.925582767 -0.174505979 0.337711573 -0.924931645 0.115901664 0.0980014056 -0.988414168 0.117002457 0.101602137 -0.987920821 -0.0487004407 0.251202255 -0.96670872 -0.0500022136 0.247710973 -0.967542827 0.115901664 0.0980014056 -0.988414168 0.117002457 0.101602137 -0.987920821 0.243910834 -0.0949042141 -0.965142846 0.246008098 -0.0967031792 -0.964431703 0.243910834 -0.0949042141 -0.965142846 0.246008098 -0.0967031792 -0.964431703 0.29659465 -0.247095525 -0.922483325 0.309010059 -0.246608049 -0.918529928 0.29659465 -0.247095525 -0.922483325 0.309010059 -0.246608049 -0.918529928 -0.289100558 0.627101243 0.723301411 -0.303802401 0.62370497 0.720205724 0.281605572 -0.243504807 0.928118348 -0.0802978054 -0.240293413 0.96737349 -0.219902933 0.353004694 -0.909412146 -0.236003146 0.3516047 -0.905912101 -0.174505979 0.337711573 -0.924931645 -0.179797471 0.337795258 -0.923887014 -0.219902933 0.353004694 -0.909412146 -0.236003146 0.3516047 -0.905912101 -0.0474992022 0.252295762 -0.966483712 -0.0487004407 0.251202255 -0.96670872 -0.174505979 0.337711573 -0.924931645 -0.179797471 0.337795258 -0.923887014 0.110297605 0.102697775 -0.988578558 0.117002457 0.101602137 -0.987920821 -0.0474992022 0.252295762 -0.966483712 -0.0487004407 0.251202255 -0.96670872 0.110297605 0.102697775 -0.988578558 0.117002457 0.101602137 -0.987920821 0.218902469 -0.0950010717 -0.971111 0.243910834 -0.0949042141 -0.965142846 0.218902469 -0.0950010717 -0.971111 0.227011457 -0.251912713 -0.940747499 0.243910834 -0.0949042141 -0.965142846 0.29659465 -0.247095525 -0.922483325 0.227011457 -0.251912713 -0.940747499 0.29659465 -0.247095525 -0.922483325 0.846669257 0.459183306 0.268890232 -0.303802401 0.62370497 0.720205724 -0.652216911 -0.746219397 0.133303463 -0.670795202 -0.740894675 0.0332997628 -0.642103374 -0.754403949 -0.136300713 -0.189399034 -0.926695228 -0.324598342 0.639103949 -0.752904654 -0.157100976 0.59599036 -0.799987018 0.0693988726 0.110902987 -0.957625806 0.265807152 -0.002199932 -0.978969753 0.203993693 0.00660001533 -0.997902334 0.0644001514 0.00870018639 -0.986221135 -0.165203542 -0.0190007724 -0.935538113 -0.35271436 -0.0821984038 -0.965881228 -0.245595232 -0.165494382 -0.984066546 0.0649977922 -0.221691772 -0.921465874 0.318988174 -0.00539996522 -0.978893697 0.20429869 0.003000136 -0.997945189 0.0640029013 0.00529998029 -0.986396372 -0.164299384 -0.0256000049 -0.935800254 -0.351600081 -0.092401132 -0.965311885 -0.244203001 -0.176204473 -0.982124865 0.0662016794 -0.227887824 -0.919850886 0.319282949 -0.00880037341 -0.978741527 0.204908699 -0.000799980131 -0.99797529 0.0635984242 0.00169993029 -0.98655951 -0.163393289 -0.0323005393 -0.936115682 -0.350205868 -0.102695048 -0.964653432 -0.242688283 -0.187006995 -0.980036616 0.0675025284 -0.235999376 -0.917797625 0.319299161 -0.0122995041 -0.978560567 0.205591708 -0.00490000751 -0.998001516 0.0630000979 -0.00220004888 -0.986721933 -0.162403613 -0.0391991585 -0.93637991 -0.348792523 -0.113200091 -0.963900805 -0.24100019 -0.197806194 -0.977830648 0.0687021539 -0.243399382 -0.915897727 0.319199204 -0.0160002485 -0.978315115 0.206503198 -0.00930007361 -0.998007894 0.06240049 -0.0061999145 -0.986886322 -0.161297768 -0.046297729 -0.936653972 -0.347182959 -0.123802483 -0.963019311 -0.239304796 -0.208697096 -0.975486398 0.0697990209 -0.248896137 -0.914385796 0.319295049 -0.270692647 -0.946774244 0.17419526 -0.013999952 -0.997996569 0.061699789 -0.0106004588 -0.987042785 -0.160106942 -0.053601183 -0.936920762 -0.345407635 -0.134605393 -0.962038517 -0.237409502 -0.220189899 -0.97285533 0.0711967275 -0.0063998159 -0.948172748 0.317690879 0.0567989647 0.50579077 0.860784352 0.0595974214 0.633472562 0.771466613 0.18489261 0.844766259 -0.50217998 -0.00769984117 -0.616287291 0.787483811 0.0567989647 0.50579077 0.860784352 0.0595974214 0.633472562 0.771466613 0.196891636 0.599774539 0.775567114 0.197799459 0.636598289 0.745397985 0.196891636 0.599774539 0.775567114 0.197799459 0.636598289 0.745397985 0.233795866 0.681987941 0.6929878 0.234392285 0.63617909 0.735075772 0.123999953 0.771199703 0.624399781 0.125298113 0.649590194 0.749888659 0.233795866 0.681987941 0.6929878 0.234392285 0.63617909 0.735075772 0.00859972555 0.62048018 0.784174979 0.00900006387 0.651604652 0.758505344 0.123999953 0.771199703 0.624399781 0.125298113 0.649590194 0.749888659 0.00859972555 0.62048018 0.784174979 0.00900006387 0.651604652 0.758505344 0.163304538 0.647318006 0.744520724 -0.147005856 -0.207908288 -0.967038512 0.107605301 0.851541877 0.5131253 0.163304538 0.647318006 0.744520724 -0.147005856 -0.207908288 -0.967038512 -0.276996136 -0.92218715 -0.269896239 0.0543010533 0.506009817 0.860816777 0.0567989647 0.50579077 0.860784352 0.174701318 0.833606243 -0.524003923 0.18489261 0.844766259 -0.50217998 0.0543010533 0.506009817 0.860816777 0.0567989647 0.50579077 0.860784352 0.195797116 0.598291159 0.776988506 0.196891636 0.599774539 0.775567114 0.195797116 0.598291159 0.776988506 0.196891636 0.599774539 0.775567114 0.233795866 0.681987941 0.6929878 0.234400004 0.678499997 0.696200013 0.123999953 0.771199703 0.624399781 0.127099678 0.739098012 0.661498249 0.233795866 0.681987941 0.6929878 0.234400004 0.678499997 0.696200013 0.00810010172 0.604307592 0.796709955 0.00859972555 0.62048018 0.784174979 0.123999953 0.771199703 0.624399781 0.127099678 0.739098012 0.661498249 0.00810010172 0.604307592 0.796709955 0.00859972555 0.62048018 0.784174979 0.156603426 0.80351758 0.574312568 -0.147005856 -0.207908288 -0.967038512 0.107605301 0.851541877 0.5131253 0.114901334 0.864510059 0.489305705 0.156603426 0.80351758 0.574312568 -0.147005856 -0.207908288 -0.967038512 0.051702667 0.500925779 0.86394453 0.0543010533 0.506009817 0.860816777 0.174701318 0.833606243 -0.524003923 0.178893536 0.835669816 -0.519281209 0.051702667 0.500925779 0.86394453 0.0543010533 0.506009817 0.860816777 0.194802225 0.596506774 0.778608859 0.195797116 0.598291159 0.776988506 0.194802225 0.596506774 0.778608859 0.195797116 0.598291159 0.776988506 0.234400004 0.678499997 0.696200013 0.234798566 0.679595888 0.694995761 0.127099678 0.739098012 0.661498249 0.128697708 0.744686723 0.654888332 0.234400004 0.678499997 0.696200013 0.234798566 0.679595888 0.694995761 0.00760022318 0.601517618 0.798823416 0.00810010172 0.604307592 0.796709955 0.127099678 0.739098012 0.661498249 0.128697708 0.744686723 0.654888332 0.00760022318 0.601517618 0.798823416 0.00810010172 0.604307592 0.796709955 0.156603426 0.80351758 0.574312568 -0.158699736 -0.431799293 -0.887898505 0.114901334 0.864510059 0.489305705 0.156603426 0.80351758 0.574312568 -0.121005319 -0.769133866 -0.627527595 -0.158699736 -0.431799293 -0.887898505 0.0491979793 0.497679591 0.865964472 0.051702667 0.500925779 0.86394453 0.178893536 0.835669816 -0.519281209 0.178994566 0.833774686 -0.52228415 0.0491979793 0.497679591 0.865964472 0.051702667 0.500925779 0.86394453 0.193693027 0.595478535 0.779671907 0.194802225 0.596506774 0.778608859 0.193693027 0.595478535 0.779671907 0.194802225 0.596506774 0.778608859 0.234798566 0.679595888 0.694995761 0.235105857 0.682116985 0.692417204 0.128697708 0.744686723 0.654888332 0.13070558 0.73853147 0.661428213 0.234798566 0.679595888 0.694995761 0.235105857 0.682116985 0.692417204 0.00719979918 0.598383307 0.801177621 0.00760022318 0.601517618 0.798823416 0.128697708 0.744686723 0.654888332 0.13070558 0.73853147 0.661428213 0.00719979918 0.598383307 0.801177621 0.00760022318 0.601517618 0.798823416 0.161001012 0.711104453 0.684404314 -0.158699736 -0.431799293 -0.887898505 0.0889984071 0.713687241 0.694787621 0.161001012 0.711104453 0.684404314 -0.121005319 -0.769133866 -0.627527595 -0.158699736 -0.431799293 -0.887898505 0.0466003083 0.500803351 0.864305735 0.0491979793 0.497679591 0.865964472 0.178994566 0.833774686 -0.52228415 0.184292361 0.836665332 -0.515778601 0.0466003083 0.500803351 0.864305735 0.0491979793 0.497679591 0.865964472 0.192497745 0.594793022 0.780490875 0.193693027 0.595478535 0.779671907 0.192497745 0.594793022 0.780490875 0.193693027 0.595478535 0.779671907 0.235105857 0.682116985 0.692417204 0.235594824 0.677485168 0.696784735 0.13050206 0.785912395 0.604409516 0.13070558 0.73853147 0.661428213 0.235105857 0.682116985 0.692417204 0.235594824 0.677485168 0.696784735 0.00679988088 0.568890035 0.82238555 0.00719979918 0.598383307 0.801177621 0.13050206 0.785912395 0.604409516 0.13070558 0.73853147 0.661428213 0.00679988088 0.568890035 0.82238555 0.00719979918 0.598383307 0.801177621 0.161001012 0.711104453 0.684404314 -0.107201003 0.17670165 -0.978409171 0.0889984071 0.713687241 0.694787621 0.161001012 0.711104453 0.684404314 -0.0849962831 -0.727268159 -0.681070209 -0.107201003 0.17670165 -0.978409171 0.0439974926 0.496971697 0.866650581 0.0466003083 0.500803351 0.864305735 0.168499902 0.820199549 -0.546699703 0.184292361 0.836665332 -0.515778601 0.0439974926 0.496971697 0.866650581 0.0466003083 0.500803351 0.864305735 0.191413805 0.593742788 0.781556308 0.192497745 0.594793022 0.780490875 0.191413805 0.593742788 0.781556308 0.192497745 0.594793022 0.780490875 0.235594824 0.677485168 0.696784735 0.236206204 0.673617661 0.700318336 0.13050206 0.785912395 0.604409516 0.134795651 0.716176867 0.684777915 0.235594824 0.677485168 0.696784735 0.236206204 0.673617661 0.700318336 0.00629979931 0.565281987 0.824873745 0.00679988088 0.568890035 0.82238555 0.13050206 0.785912395 0.604409516 0.134795651 0.716176867 0.684777915 0.00629979931 0.565281987 0.824873745 0.00679988088 0.568890035 0.82238555 0.157796696 0.768983841 0.619486988 -0.107201003 0.17670165 -0.978409171 0.157796696 0.768983841 0.619486988 -0.0556984544 -0.864875972 -0.498886138 -0.0849962831 -0.727268159 -0.681070209 -0.107201003 0.17670165 -0.978409171 0.0413988046 0.491885811 0.869674921 0.0439974926 0.496971697 0.866650581 0.168499902 0.820199549 -0.546699703 -0.480885535 -0.576182723 -0.660880148 0.0413988046 0.491885811 0.869674921 0.0439974926 0.496971697 0.866650581 0.190292358 0.591976225 0.783168554 0.191413805 0.593742788 0.781556308 0.190292358 0.591976225 0.783168554 0.191413805 0.593742788 0.781556308 0.236206204 0.673617661 0.700318336 0.23630558 0.682616115 0.69151634 0.134795651 0.716176867 0.684777915 0.135299712 0.755098403 0.641498625 0.236206204 0.673617661 0.700318336 0.23630558 0.682616115 0.69151634 0.00589991501 0.580991566 0.813888252 0.00629979931 0.565281987 0.824873745 0.134795651 0.716176867 0.684777915 0.135299712 0.755098403 0.641498625 0.00589991501 0.580991566 0.813888252 0.00629979931 0.565281987 0.824873745 0.0701976418 0.97196734 -0.224392459 0.157796696 0.768983841 0.619486988 0.0701976418 0.97196734 -0.224392459 0.157796696 0.768983841 0.619486988 -0.0556984544 -0.864875972 -0.498886138 -0.0869032219 -0.898533285 -0.430215925 -0.094498679 -0.0570992045 -0.993886113 -0.182196692 0.16869694 -0.968682468 -0.992065132 0.0707975104 -0.10389635 -0.995728672 0.070002012 -0.0602017306 -0.182196692 0.16869694 -0.968682468 -0.796529949 0.0797029957 -0.599322557 -0.994440317 0.0311012603 -0.100604072 -0.995728672 0.070002012 -0.0602017306 -0.275805622 0.0193003956 0.961019695 -0.796529949 0.0797029957 -0.599322557 -0.990574479 0.0492987297 0.12779671 -0.994440317 0.0311012603 -0.100604072 -0.222009286 0.0814034045 0.971640587 -0.228191301 0.0782970116 0.970462978 -0.275805622 0.0193003956 0.961019695 -0.990574479 0.0492987297 0.12779671 0.0479018763 0.0722028241 0.996239066 0.0512007251 0.0783011094 0.995614111 -0.222009286 0.0814034045 0.971640587 -0.228191301 0.0782970116 0.970462978 0.0479018763 0.0722028241 0.996239066 0.0512007251 0.0783011094 0.995614111 0.315609157 0.0296008568 0.948427498 0.319494903 0.0364994146 0.946884871 0.315609157 0.0296008568 0.948427498 0.319494903 0.0364994146 0.946884871 0.338009983 -0.0147004342 0.941027761 0.47980085 -0.022000039 0.877101541 -0.094498679 -0.0570992045 -0.993886113 -0.111394726 -0.0584972315 -0.992053032 -0.182196692 0.16869694 -0.968682468 -0.184706792 0.169106215 -0.968135595 -0.182196692 0.16869694 -0.968682468 -0.184706792 0.169106215 -0.968135595 -0.796529949 0.0797029957 -0.599322557 -0.80196631 0.0714970008 -0.593075097 -0.275805622 0.0193003956 0.961019695 -0.280686617 0.0216989666 0.959554195 -0.796529949 0.0797029957 -0.599322557 -0.80196631 0.0714970008 -0.593075097 -0.228191301 0.0782970116 0.970462978 -0.234101728 0.0751005486 0.969307125 -0.275805622 0.0193003956 0.961019695 -0.280686617 0.0216989666 0.959554195 0.0451002941 0.0659004226 0.996806502 0.0479018763 0.0722028241 0.996239066 -0.228191301 0.0782970116 0.970462978 -0.234101728 0.0751005486 0.969307125 0.0451002941 0.0659004226 0.996806502 0.0479018763 0.0722028241 0.996239066 0.315609157 0.0296008568 0.948427498 0.317890674 0.0219993554 0.947872221 0.315609157 0.0296008568 0.948427498 0.317890674 0.0219993554 0.947872221 0.47980085 -0.022000039 0.877101541 0.4836981 -0.0276998896 0.874796569 -0.105700716 -0.0613004155 -0.992506742 -0.111394726 -0.0584972315 -0.992053032 -0.184706792 0.169106215 -0.968135595 -0.187007949 0.169407204 -0.967641115 -0.184706792 0.169106215 -0.968135595 -0.187007949 0.169407204 -0.967641115 -0.80196631 0.0714970008 -0.593075097 -0.806965709 0.0634973049 -0.587175071 -0.280686617 0.0216989666 0.959554195 -0.286007285 0.0241006128 0.957924366 -0.80196631 0.0714970008 -0.593075097 -0.806965709 0.0634973049 -0.587175071 -0.234101728 0.0751005486 0.969307125 -0.23990728 0.0719021857 0.968129456 -0.280686617 0.0216989666 0.959554195 -0.286007285 0.0241006128 0.957924366 0.0422017612 0.059402477 0.997341633 0.0451002941 0.0659004226 0.996806502 -0.234101728 0.0751005486 0.969307125 -0.23990728 0.0719021857 0.968129456 0.0422017612 0.059402477 0.997341633 0.0451002941 0.0659004226 0.996806502 0.317890674 0.0219993554 0.947872221 0.319913149 0.0143005885 0.947338998 0.317890674 0.0219993554 0.947872221 0.319913149 0.0143005885 0.947338998 0.4836981 -0.0276998896 0.874796569 0.48729977 -0.0332999863 0.872599602 -0.105700716 -0.0613004155 -0.992506742 -0.112096921 -0.0633982643 -0.991672814 -0.187007949 0.169407204 -0.967641115 -0.188804418 0.169803962 -0.967222571 -0.187007949 0.169407204 -0.967641115 -0.188804418 0.169803962 -0.967222571 -0.803294539 0.0564996153 -0.592895925 -0.806965709 0.0634973049 -0.587175071 -0.286007285 0.0241006128 0.957924366 -0.291199416 0.0263999458 0.956298053 -0.803294539 0.0564996153 -0.592895925 -0.806965709 0.0634973049 -0.587175071 -0.23990728 0.0719021857 0.968129456 -0.245891616 0.0685976595 0.96686703 -0.286007285 0.0241006128 0.957924366 -0.291199416 0.0263999458 0.956298053 0.0391015336 0.0528020747 0.997839212 0.0422017612 0.059402477 0.997341633 -0.23990728 0.0719021857 0.968129456 -0.245891616 0.0685976595 0.96686703 0.0391015336 0.0528020747 0.997839212 0.0422017612 0.059402477 0.997341633 0.319913149 0.0143005885 0.947338998 0.321795732 0.00639991509 0.946787477 0.319913149 0.0143005885 0.947338998 0.321795732 0.00639991509 0.946787477 0.48729977 -0.0332999863 0.872599602 0.490604997 -0.0390003994 0.870508909 -0.110696338 -0.0658978224 -0.991667271 -0.112096921 -0.0633982643 -0.991672814 -0.188804418 0.169803962 -0.967222571 -0.192193747 0.170294464 -0.966468513 -0.188804418 0.169803962 -0.967222571 -0.192193747 0.170294464 -0.966468513 -0.803294539 0.0564996153 -0.592895925 -0.82069844 0.0460999124 -0.569498956 -0.291199416 0.0263999458 0.956298053 -0.296591669 0.0286991931 0.954573095 -0.803294539 0.0564996153 -0.592895925 -0.82069844 0.0460999124 -0.569498956 -0.245891616 0.0685976595 0.96686703 -0.252005249 0.0653013662 0.965520144 -0.291199416 0.0263999458 0.956298053 -0.296591669 0.0286991931 0.954573095 0.035899695 0.0460996106 0.998291552 0.0391015336 0.0528020747 0.997839212 -0.245891616 0.0685976595 0.96686703 -0.252005249 0.0653013662 0.965520144 0.035899695 0.0460996106 0.998291552 0.0391015336 0.0528020747 0.997839212 0.321795732 0.00639991509 0.946787477 0.323298573 -0.00149999338 0.946295857 0.321795732 0.00639991509 0.946787477 0.323298573 -0.00149999338 0.946295857 0.490604997 -0.0390003994 0.870508909 0.49350065 -0.0446000583 0.868601143 -0.110696338 -0.0658978224 -0.991667271 -0.128106922 -0.0676036552 -0.989453554 -0.192193747 0.170294464 -0.966468513 -0.194199204 0.170699313 -0.965996087 -0.192193747 0.170294464 -0.966468513 -0.194199204 0.170699313 -0.965996087 -0.82069844 0.0460999124 -0.569498956 -0.82101655 0.0384007767 -0.56961149 -0.296591669 0.0286991931 0.954573095 -0.302000135 0.0311000161 0.952800512 -0.82069844 0.0460999124 -0.569498956 -0.82101655 0.0384007767 -0.56961149 -0.252005249 0.0653013662 0.965520144 -0.258108258 0.0619019791 0.964130819 -0.296591669 0.0286991931 0.954573095 -0.302000135 0.0311000161 0.952800512 0.0324999616 0.03929995 0.998698831 0.035899695 0.0460996106 0.998291552 -0.252005249 0.0653013662 0.965520144 -0.258108258 0.0619019791 0.964130819 0.0324999616 0.03929995 0.998698831 0.035899695 0.0460996106 0.998291552 0.323298573 -0.00149999338 0.946295857 0.324600846 -0.00960002467 0.94580245 0.323298573 -0.00149999338 0.946295857 0.324600846 -0.00960002467 0.94580245 0.49350065 -0.0446000583 0.868601143 0.496108085 -0.0501008146 0.866814137 -0.128106922 -0.0676036552 -0.989453554 -0.194199204 0.170699313 -0.965996087 -0.45938161 0.157493696 -0.874164999 -0.892215192 -0.0016000272 -0.451607674 -0.194199204 0.170699313 -0.965996087 -0.45938161 0.157493696 -0.874164999 -0.549204111 -0.107800804 0.828706205 -0.82101655 0.0384007767 -0.56961149 -0.302000135 0.0311000161 0.952800512 -0.326506466 0.0330006555 0.944618762 -0.549204111 -0.107800804 0.828706205 -0.82101655 0.0384007767 -0.56961149 -0.258108258 0.0619019791 0.964130819 -0.263707399 0.0585016422 0.962827027 -0.302000135 0.0311000161 0.952800512 -0.326506466 0.0330006555 0.944618762 0.0288988519 0.0322987176 0.999060392 0.0324999616 0.03929995 0.998698831 -0.258108258 0.0619019791 0.964130819 -0.263707399 0.0585016422 0.962827027 0.0288988519 0.0322987176 0.999060392 0.0324999616 0.03929995 0.998698831 0.324600846 -0.00960002467 0.94580245 0.325612903 -0.017700702 0.945337474 0.324600846 -0.00960002467 0.94580245 0.325612903 -0.017700702 0.945337474 0.496108085 -0.0501008146 0.866814137 0.543814123 -0.056201458 0.837321699 0.109902114 -0.793615282 -0.5984115 -0.0647019893 -0.654920161 -0.752923191 0.0795972869 0.886369765 -0.45608443 -0.320814937 0.87744081 -0.356616586 0.153997302 0.0340994038 -0.987482727 0.170903072 -0.53510958 -0.827314854 -0.578014195 0.670916438 0.464511395 -0.04969953 0.683993578 -0.727793157 -0.0933033451 0.954834223 -0.282110095 -0.126799241 0.747195542 -0.652396142 -0.103600822 0.940607429 -0.323302567 -0.270795673 0.519091725 -0.810687065 -0.0960041657 0.985442758 -0.1403061 -0.161300912 0.768404305 -0.619303465 -0.173698246 0.979790032 -0.099198997 -0.156194136 0.973763466 -0.165493786 -0.152798519 0.988190472 0.0114998892 -0.153599158 0.983594656 -0.0945994779 -0.15159598 0.988073707 -0.0269992836 -0.150397822 0.98768574 -0.0430993773 -0.147893816 0.988958657 -0.00939960685 -0.0664012581 0.945017934 -0.320206076 -0.0257986635 0.944850981 -0.326483071 -0.0211002007 0.943709016 -0.330103159 -0.0184008125 0.956542194 -0.291012853 -0.0145997554 0.944184124 -0.32909447 -0.0119000496 0.937603951 -0.347501457 -0.00820027385 0.958132029 -0.286209553 0.0862985924 0.935584724 -0.342394412 0.111698627 0.929388642 -0.351795673 0.114803769 0.934330702 -0.337411076 0.117203698 0.934429467 -0.336310595 0.118201137 0.91480881 -0.386203736 0.121405408 0.928541422 -0.350815654 0.124301843 0.93351382 -0.336304963 0.162797824 0.926887631 -0.338195473 0.162899494 0.913297176 -0.373298824 0.162396327 0.91007936 -0.38129136 0.161300823 0.903004587 -0.398202032 0.160498679 0.898492634 -0.408596635 0.160902753 0.904215515 -0.395606756 0.159798086 0.899389267 -0.406895131 0.200303122 0.977315247 -0.0688010752 0.10589733 0.815779507 -0.568585694 0.101000972 0.811607838 -0.575405538 0.0960974023 0.80807811 -0.581184268 0.0911992416 0.805093288 -0.586095095 0.086996451 0.808467031 -0.582076252 0.0973988995 0.825190663 -0.556393683 0.755185544 0.651687503 0.0706986412 0.7324 0.658999979 -0.171200007 -0.0739961937 0.90985316 -0.408278972 -0.562615037 0.785820961 -0.25680685 -0.514232635 0.855754316 -0.0570036173 -0.487288564 0.863779724 0.128196985 -0.500588179 0.842480063 0.199095309 0.233797818 0.969790995 0.0695993528 0.202092618 0.944665551 -0.258390576 0.19099395 0.888571799 -0.41708678 0.262298346 0.917594194 -0.298698127 0.379499555 0.924398899 -0.0382999554 0.471893281 0.865887702 0.165997639 0.437296808 0.865893662 0.242898226 0.238905817 0.968623519 0.0685016662 0.208408743 0.943039596 -0.259310871 0.197492748 0.887667418 -0.41598475 0.268305659 0.917019367 -0.295106232 0.383594424 0.92288661 -0.0336995088 0.474484622 0.863771975 0.169594496 0.438293755 0.866887629 0.2374966 0.244687334 0.96724993 0.0674965084 0.2148927 0.941367984 -0.260091156 0.204096377 0.886684239 -0.414892644 0.274199307 0.91639775 -0.291599274 0.387709349 0.921322227 -0.0291007031 0.476791471 0.861784577 0.173196897 0.438989073 0.868078351 0.231794223 0.250297248 0.965889394 0.0663992688 0.221392184 0.939666867 -0.260790795 0.210709244 0.885638833 -0.413818151 0.280306906 0.915622592 -0.288207114 0.391688049 0.91977191 -0.0244992524 0.478978008 0.859860539 0.17669189 0.43931976 0.869539142 0.225610152 0.255498648 0.96459496 0.0653996542 0.227991462 0.9378649 -0.261590183 0.217503503 0.884514272 -0.412706643 0.286308914 0.914828479 -0.284808844 0.395601064 0.91820246 -0.0201000534 0.480915189 0.858027101 0.18030569 0.439285666 0.871271551 0.218892843 0.271907359 0.960225999 0.0635017231 0.233795419 0.936181724 -0.262494862 0.224191502 0.883366525 -0.411584377 0.292799354 0.913797915 -0.281499386 0.399787664 0.91647166 -0.0157995112 0.48289603 0.856192946 0.18369849 0.481495798 0.85099262 0.209698185 0.285000175 -0.931600511 -0.225600138 0.388919294 -0.89434433 -0.22111097 0.512310386 -0.606012225 0.608512282 -0.498187989 -0.833279908 0.239694238 0.285000175 -0.931600511 -0.225600138 0.359096885 -0.767593324 -0.530895352 0.388919294 -0.89434433 -0.22111097 0.760673881 0.642277956 0.0940967649 0.359096885 -0.767593324 -0.530895352 0.760673881 0.642277956 0.0940967649 0.76187557 0.63787955 0.112496391 -0.496115267 0.620119095 0.607718706 0.11219544 -0.878764272 -0.463881135 0.76187557 0.63787955 0.112496391 -0.260911375 0.854737401 0.448719621 -0.496115267 0.620119095 0.607718706 0.11219544 -0.878764272 -0.463881135 -0.181003794 0.637113333 -0.749215722 -0.260911375 0.854737401 0.448719621 -0.950963378 -0.116095528 0.286688983 0.667024076 0.527918994 0.525718927 -0.181003794 0.637113333 -0.749215722 -0.944973528 0.0525985248 -0.322890937 -0.950963378 -0.116095528 0.286688983 0.584311545 -0.610112071 0.535110593 0.667024076 0.527918994 0.525718927 -0.0380990729 0.785580873 -0.617585003 -0.944973528 0.0525985248 -0.322890937 0.154305711 0.987736464 0.0238008797 0.287286282 0.721965551 -0.629469931 0.388919294 -0.89434433 -0.22111097 0.512310386 -0.606012225 0.608512282 0.0669020489 0.727422237 0.682920873 0.154305711 0.987736464 0.0238008797 0.388919294 -0.89434433 -0.22111097 0.760673881 0.642277956 0.0940967649 0.0669020489 0.727422237 0.682920873 0.760673881 0.642277956 0.0940967649 0.76187557 0.63787955 0.112496391 -0.956710577 0.225902483 0.183502033 0.76187557 0.63787955 0.112496391 -0.260911375 0.854737401 0.448719621 -0.911808968 0.215202123 0.349703431 -0.956710577 0.225902483 0.183502033 -0.181003794 0.637113333 -0.749215722 -0.260911375 0.854737401 0.448719621 -0.911808968 0.215202123 0.349703431 -0.944083571 -0.141297534 -0.297894806 0.667024076 0.527918994 0.525718927 0.838815928 -0.544410288 0.00230004359 -0.181003794 0.637113333 -0.749215722 -0.944083571 -0.141297534 -0.297894806 0.667024076 0.527918994 0.525718927 0.838815928 -0.544410288 0.00230004359 -0.0380990729 0.785580873 -0.617585003 -0.0962970257 0.802975178 -0.588181794 0.154305711 0.987736464 0.0238008797 0.287286282 0.721965551 -0.629469931 -0.344182163 0.38138026 0.857955575 -0.503673315 -0.829456031 -0.24148719 0.0669020489 0.727422237 0.682920873 0.154305711 0.987736464 0.0238008797 -0.503673315 -0.829456031 -0.24148719 -0.566110134 -0.535609603 -0.626611292 0.0669020489 0.727422237 0.682920873 -0.473793238 -0.851487815 -0.224696785 -0.566110134 -0.535609603 -0.626611292 -0.956710577 0.225902483 0.183502033 0.845919311 -0.471610755 -0.249005675 -0.473793238 -0.851487815 -0.224696785 -0.911808968 0.215202123 0.349703431 -0.956710577 0.225902483 0.183502033 0.666677833 -0.666677833 0.333288908 0.845919311 -0.471610755 -0.249005675 -0.911808968 0.215202123 0.349703431 -0.944083571 -0.141297534 -0.297894806 0.38269031 -0.923876643 0 0.666677833 -0.666677833 0.333288908 0.838815928 -0.544410288 0.00230004359 -0.944083571 -0.141297534 -0.297894806 0.38269031 -0.923876643 0 0.838815928 -0.544410288 0.00230004359 -0.0471001156 -0.809301972 0.585501432 -0.0962970257 0.802975178 -0.588181794 0.490471005 -0.616163552 0.616263568 0.618076682 -0.695673764 -0.366086215 -0.344182163 0.38138026 0.857955575 -0.503673315 -0.829456031 -0.24148719 0.288101554 -0.787104249 -0.545402944 0.490471005 -0.616163552 0.616263568 -0.503673315 -0.829456031 -0.24148719 -0.566110134 -0.535609603 -0.626611292 0.288101554 -0.787104249 -0.545402944 -0.473793238 -0.851487815 -0.224696785 -0.566110134 -0.535609603 -0.626611292 -0.637682617 -0.572484374 -0.515385926 0.302192211 -0.93107605 0.204394743 0.845919311 -0.471610755 -0.249005675 -0.473793238 -0.851487815 -0.224696785 -0.637682617 -0.572484374 -0.515385926 0.302192211 -0.93107605 0.204394743 0.666677833 -0.666677833 0.333288908 0.696628213 -0.63472569 -0.334413528 0.845919311 -0.471610755 -0.249005675 0.38269031 -0.923876643 0 0.666677833 -0.666677833 0.333288908 0.696628213 -0.63472569 -0.334413528 0.86851716 0.495209813 0.0211004168 0.057797078 -0.814858794 0.576770842 0.38269031 -0.923876643 0 0.86851716 0.495209813 0.0211004168 -0.0471001156 -0.809301972 0.585501432 0.0309000704 0.0253000576 0.999202251 0.122800864 0.448303163 -0.885406196 0.490471005 -0.616163552 0.616263568 0.618076682 -0.695673764 -0.366086215 0.122800864 0.448303163 -0.885406196 0.236994326 0.923577905 0.301392794 0.288101554 -0.787104249 -0.545402944 0.490471005 -0.616163552 0.616263568 0.236994326 0.923577905 0.301392794 0.288101554 -0.787104249 -0.545402944 -0.637682617 -0.572484374 -0.515385926 -0.788411438 0.577608407 0.21160309 0.302192211 -0.93107605 0.204394743 -0.605921745 0.780827999 -0.152205467 -0.637682617 -0.572484374 -0.515385926 -0.788411438 0.577608407 0.21160309 0.302192211 -0.93107605 0.204394743 0.696628213 -0.63472569 -0.334413528 -0.472506702 0.612908721 0.633309007 -0.605921745 0.780827999 -0.152205467 0.696628213 -0.63472569 -0.334413528 0.86851716 0.495209813 0.0211004168 0.880429745 0.47041589 0.0596020147 -0.472506702 0.612908721 0.633309007 0.057797078 -0.814858794 0.576770842 0.151299253 0.801096082 -0.579097211 0.86851716 0.495209813 0.0211004168 0.880429745 0.47041589 0.0596020147 0.0309000704 0.0253000576 0.999202251 0.122800864 0.448303163 -0.885406196 -0.499482036 -0.439484179 -0.746573091 -0.554619372 -0.413614452 0.722025216 0.122800864 0.448303163 -0.885406196 0.236994326 0.923577905 0.301392794 -0.392707467 -0.763014555 -0.513409793 -0.554619372 -0.413614452 0.722025216 0.236994326 0.923577905 0.301392794 0.938610256 -0.164001793 -0.303503305 -0.392707467 -0.763014555 -0.513409793 -0.788411438 0.577608407 0.21160309 0.448496163 -0.742193639 0.497995734 0.938610256 -0.164001793 -0.303503305 -0.605921745 0.780827999 -0.152205467 -0.788411438 0.577608407 0.21160309 0.448496163 -0.742193639 0.497995734 -0.472506702 0.612908721 0.633309007 -0.605921745 0.780827999 -0.152205467 -0.609300256 -0.570800185 -0.550400198 0.880429745 0.47041589 0.0596020147 -0.472506702 0.612908721 0.633309007 -0.609300256 -0.570800185 -0.550400198 -0.879857004 -0.475076795 0.0123993941 0.151299253 0.801096082 -0.579097211 0.880429745 0.47041589 0.0596020147 -0.263605833 0.774217129 -0.575412691 -0.879857004 -0.475076795 0.0123993941 0.266692638 -0.938874006 -0.217693985 -0.147999316 0.924795687 -0.350498348 -0.499482036 -0.439484179 -0.746573091 -0.554619372 -0.413614452 0.722025216 0.263280779 -0.811640799 -0.521461964 0.266692638 -0.938874006 -0.217693985 -0.392707467 -0.763014555 -0.513409793 -0.554619372 -0.413614452 0.722025216 0.263280779 -0.811640799 -0.521461964 0.938610256 -0.164001793 -0.303503305 -0.312209696 -0.779524148 -0.543016791 -0.392707467 -0.763014555 -0.513409793 0.242002666 -0.736808121 0.631306946 0.448496163 -0.742193639 0.497995734 0.938610256 -0.164001793 -0.303503305 -0.312209696 -0.779524148 -0.543016791 0.242002666 -0.736808121 0.631306946 0.448496163 -0.742193639 0.497995734 0.586387098 -0.802582443 -0.109597594 -0.609300256 -0.570800185 -0.550400198 0.586387098 -0.802582443 -0.109597594 0.678435504 -0.521927357 -0.51702708 -0.609300256 -0.570800185 -0.550400198 -0.879857004 -0.475076795 0.0123993941 0.678435504 -0.521927357 -0.51702708 0.696902692 0.503801942 -0.510401964 -0.263605833 0.774217129 -0.575412691 -0.879857004 -0.475076795 0.0123993941 0.734375536 0.20709312 0.646378458 0.903368115 0.362487227 0.229191914 -0.669258118 -0.673057854 0.314780295 -0.995393038 -0.0829994157 -0.0479996614 0.251592726 -0.49008587 -0.834575891 0.903368115 0.362487227 0.229191914 -0.665901482 0.136200309 0.733501673 -0.669258118 -0.673057854 0.314780295 0.251592726 -0.49008587 -0.834575891 0.455702305 0.0486002453 -0.888804555 -0.665901482 0.136200309 0.733501673 -0.877136111 0.322313249 0.356014669 0.455702305 0.0486002453 -0.888804555 0.931753695 0.0714964494 0.355982304 -0.877136111 0.322313249 0.356014669 -0.89800036 0.380000144 0.221800089 0.801387012 0.0848986208 0.592090428 0.931753695 0.0714964494 0.355982304 -0.89800036 0.380000144 0.221800089 -0.936043203 -0.351316243 -0.0200009234 0.801387012 0.0848986208 0.592090428 0.94919014 -0.125498697 0.288597018 -0.886495888 -0.3464984 0.306698561 -0.936043203 -0.351316243 -0.0200009234 0.0328990854 0.927974105 0.371189654 0.598916769 0.746220887 0.290608138 0.94919014 -0.125498697 0.288597018 -0.886495888 -0.3464984 0.306698561 0.734375536 0.20709312 0.646378458 0.903368115 0.362487227 0.229191914 -0.850289881 0.13579838 -0.5084939 -0.89892906 -0.0244007893 -0.437414169 0.251592726 -0.49008587 -0.834575891 0.903368115 0.362487227 0.229191914 -0.752101481 0.345700681 -0.561101139 -0.850289881 0.13579838 -0.5084939 0.251592726 -0.49008587 -0.834575891 0.455702305 0.0486002453 -0.888804555 0.934688628 0.343595833 0.0910988897 -0.752101481 0.345700681 -0.561101139 0.455702305 0.0486002453 -0.888804555 0.66950047 0.108800076 -0.734800518 0.931753695 0.0714964494 0.355982304 0.934688628 0.343595833 0.0910988897 0.66950047 0.108800076 -0.734800518 0.801387012 0.0848986208 0.592090428 0.931753695 0.0714964494 0.355982304 -0.0970953703 -0.38628158 -0.917256236 0.584723532 0 -0.811232686 0.801387012 0.0848986208 0.592090428 -0.0970953703 -0.38628158 -0.917256236 -0.886495888 -0.3464984 0.306698561 0.0328990854 0.927974105 0.371189654 0.584723532 0 -0.811232686 0.681919098 -0.666618645 0.301008403 -0.886495888 -0.3464984 0.306698561 0.34251073 -0.443913877 0.828025937 -0.449921757 0.129406258 0.883642733 -0.850289881 0.13579838 -0.5084939 -0.89892906 -0.0244007893 -0.437414169 0.196101546 -0.18220143 0.963507593 0.34251073 -0.443913877 0.828025937 -0.752101481 0.345700681 -0.561101139 -0.850289881 0.13579838 -0.5084939 0.196101546 -0.18220143 0.963507593 0.934688628 0.343595833 0.0910988897 -0.454090208 -0.505189121 0.733884156 -0.752101481 0.345700681 -0.561101139 0.66950047 0.108800076 -0.734800518 0.934688628 0.343595833 0.0910988897 -0.454090208 -0.505189121 0.733884156 -0.538917899 0.0702023357 0.839427888 0.66950047 0.108800076 -0.734800518 0.970148385 0.242512107 0 -0.0970953703 -0.38628158 -0.917256236 -0.538917899 0.0702023357 0.839427888 0.584723532 0 -0.811232686 0.970148385 0.242512107 0 -0.0970953703 -0.38628158 -0.917256236 0.2017055 0.967626333 0.151704133 0.584723532 0 -0.811232686 0.681919098 -0.666618645 0.301008403 0.34251073 -0.443913877 0.828025937 0.740314245 -0.0936018005 -0.665712833 0.956115723 0.0594009757 -0.286904722 -0.449921757 0.129406258 0.883642733 0.196101546 -0.18220143 0.963507593 0.34251073 -0.443913877 0.828025937 0.342609614 -0.205505773 -0.916725755 0.740314245 -0.0936018005 -0.665712833 0.196101546 -0.18220143 0.963507593 0.342609614 -0.205505773 -0.916725755 -0.454090208 -0.505189121 0.733884156 -0.536788106 -0.299993366 -0.788582563 -0.454090208 -0.505189121 0.733884156 -0.536788106 -0.299993366 -0.788582563 -0.538917899 0.0702023357 0.839427888 -0.925199628 0.349599868 -0.147599936 0.970148385 0.242512107 0 -0.538917899 0.0702023357 0.839427888 -0.893284857 -0.0453992337 0.44719243 -0.925199628 0.349599868 -0.147599936 0.584723532 0 -0.811232686 0.970148385 0.242512107 0 -0.877768099 0.324788213 0.352187186 -0.893284857 -0.0453992337 0.44719243 0.2017055 0.967626333 0.151704133 0.584723532 0 -0.811232686 -0.773706675 -0.613705277 0.157301351 -0.877768099 0.324788213 0.352187186 0.740314245 -0.0936018005 -0.665712833 0.956115723 0.0594009757 -0.286904722 -0.69489342 0.321396947 -0.643293917 -0.919498563 -0.353999466 -0.170899734 0.342609614 -0.205505773 -0.916725755 0.740314245 -0.0936018005 -0.665712833 -0.699053526 -0.379174799 0.606259644 -0.919498563 -0.353999466 -0.170899734 0.342609614 -0.205505773 -0.916725755 0.684799969 -0.706099927 -0.180199981 -0.536788106 -0.299993366 -0.788582563 -0.699053526 -0.379174799 0.606259644 0.684799969 -0.706099927 -0.180199981 0.864482045 0.226995289 -0.448490709 -0.536788106 -0.299993366 -0.788582563 -0.925199628 0.349599868 -0.147599936 0.784605861 0.136401013 -0.604804516 0.864482045 0.226995289 -0.448490709 -0.893284857 -0.0453992337 0.44719243 -0.925199628 0.349599868 -0.147599936 0.625488997 0.473291665 0.620289028 0.784605861 0.136401013 -0.604804516 -0.877768099 0.324788213 0.352187186 -0.893284857 -0.0453992337 0.44719243 0.625488997 0.473291665 0.620289028 0.818068683 0.200392321 0.539079368 -0.773706675 -0.613705277 0.157301351 -0.877768099 0.324788213 0.352187186 0.462500572 0.259800285 0.847701013 0.463414162 0.105603226 0.879826844 -0.69489342 0.321396947 -0.643293917 -0.919498563 -0.353999466 -0.170899734 0.462500572 0.259800285 0.847701013 0.581692278 -0.238396809 0.777689636 -0.699053526 -0.379174799 0.606259644 -0.919498563 -0.353999466 -0.170899734 0.0137003511 -0.342208773 0.939524055 0.581692278 -0.238396809 0.777689636 0.684799969 -0.706099927 -0.180199981 -0.699053526 -0.379174799 0.606259644 0.0137003511 -0.342208773 0.939524055 0.684799969 -0.706099927 -0.180199981 0.864482045 0.226995289 -0.448490709 -0.121604539 0.339712679 0.93263483 0.784605861 0.136401013 -0.604804516 0.864482045 0.226995289 -0.448490709 -0.121604539 0.339712679 0.93263483 -0.866975307 -0.405788451 -0.289291739 0.437400013 0.334600002 -0.834699988 0.625488997 0.473291665 0.620289028 0.784605861 0.136401013 -0.604804516 -0.866975307 -0.405788451 -0.289291739 0.122898653 -0.954189539 -0.272797018 0.437400013 0.334600002 -0.834699988 0.625488997 0.473291665 0.620289028 0.818068683 0.200392321 0.539079368 0.462500572 0.259800285 0.847701013 0.463414162 0.105603226 0.879826844 0.798566818 -0.34448567 -0.493579477 -0.438812792 -0.121503539 0.890325904 0.446409911 -0.274706095 -0.851618946 0.462500572 0.259800285 0.847701013 0.581692278 -0.238396809 0.777689636 0.798566818 -0.34448567 -0.493579477 0.0137003511 -0.342208773 0.939524055 0.446409911 -0.274706095 -0.851618946 0.581692278 -0.238396809 0.777689636 -0.778779984 0.133696556 -0.612884223 0.0137003511 -0.342208773 0.939524055 -0.121604539 0.339712679 0.93263483 -0.778779984 0.133696556 -0.612884223 -0.864026606 0.493515164 -0.0995030627 -0.121604539 0.339712679 0.93263483 -0.79064393 -0.366020322 0.490827262 -0.864026606 0.493515164 -0.0995030627 -0.866975307 -0.405788451 -0.289291739 0.437400013 0.334600002 -0.834699988 -0.0639022738 -0.476716936 0.876731157 -0.79064393 -0.366020322 0.490827262 -0.866975307 -0.405788451 -0.289291739 0.122898653 -0.954189539 -0.272797018 0.437400013 0.334600002 -0.834699988 -0.0263987165 0.999651372 -0.000499975693 -0.0639022738 -0.476716936 0.876731157 0.418381184 -0.809563637 0.41178149 0.459692001 -0.633789003 0.622089148 0.467823446 -0.410820603 0.782539248 0.487801194 -0.0210000519 0.872702122 0.417205662 0.481606543 0.770710468 0.239499539 0.837298393 0.491499066 0.151695713 0.943973362 0.293091714 0.472173601 -0.798055351 0.374379069 0.666990757 -0.609591603 0.428394079 0.774912059 -0.419706523 0.472607374 0.847646952 -0.0533966571 0.52786696 0.725113809 0.501509547 0.471908987 0.405914038 0.861829817 0.304110527 0.212099642 0.948398411 0.235699609 0.361791968 -0.930879354 0.0506988764 0.683681369 -0.727780163 0.0539985262 0.884964466 -0.459181547 0.077396892 0.990491211 -0.05789949 0.124798894 0.872296572 0.474798113 0.116899535 0.497802973 0.866805196 0.0290001724 0.162393093 0.986458063 -0.0229990222 0.352991998 -0.935278833 -0.0254994221 0.657275796 -0.750772357 0.0657975823 0.862368524 -0.488282174 0.133795112 0.976763666 -0.1506944 0.152394339 0.956113935 0.279904097 0.0866012648 0.717722595 0.692921817 -0.0688021705 0.335710496 0.917028666 -0.215306714 0.567077756 -0.822367728 0.0461981893 0.746912062 -0.642210305 0.172302768 0.835578799 -0.495287418 0.237693965 0.908262432 -0.338086009 0.246489808 0.977178276 -0.0537988096 0.205495447 0.92917031 0.347588897 0.125795975 0.660807908 0.747708976 0.0653007925 0.658163846 -0.660363674 -0.361580133 0.838389039 -0.408394635 -0.360995263 0.957613111 -0.102501407 -0.269203693 0.990123093 0.0399009325 -0.134403124 0.997560084 -0.06399744 -0.0278988816 0.995558441 0.0717970058 0.0608974583 0.877687514 0.458693504 0.138798028 0.321400225 -0.809400618 -0.491500348 0.525283098 -0.42048648 -0.739776194 0.653597534 0.234499142 -0.71959734 0.61088419 0.651683152 -0.449588388 0.70210588 0.620905221 -0.348602921 0.862159014 0.392881304 -0.319884777 0.884273231 0.41848734 -0.207193732 -0.00669962447 0.922148347 0.386778325 -0.00319990143 0.991769493 0.127996072 -0.00150005531 0.996136725 -0.0878032371 -0.00200005504 0.983627021 -0.180204943 -0.017000543 0.987131417 -0.159005061 -0.0556009933 0.987317622 -0.148702651 -0.108195938 0.973163486 -0.203092366 -0.12430574 0.957244158 0.261212051 -0.128997594 0.991481602 0.0179996639 -0.135799855 0.98139894 -0.135699853 -0.140200704 0.968604803 -0.205301031 -0.140307516 0.960351408 -0.240912884 -0.133797631 0.940283298 -0.312994421 -0.131608188 0.902256072 -0.410625547 -0.094900094 0.976001024 0.196000189 -0.0631997883 0.996296644 0.058299806 -0.0253992938 0.999672234 -0.00319991098 0.0179001559 0.998608768 -0.0496004373 0.0577025227 0.991143346 -0.119605221 0.0890006572 0.966907084 -0.239101753 0.105997764 0.896781087 -0.42959094 0.0235000886 0.956403613 0.291101098 0.034899991 0.977099776 0.209899962 0.0459001698 0.980903625 0.189000696 0.0571020953 0.986636162 0.152605593 0.0676984638 0.997377396 0.0255994201 0.0818983987 0.980580807 -0.17819652 0.103701249 0.901110828 -0.42100507 0.0272001103 0.976803958 0.212400869 -0.0252991952 0.99726826 0.0693977922 -0.0797962323 0.995353043 0.0538974553 -0.123704009 0.98903209 0.0807026178 -0.137103558 0.988725662 0.0602015629 -0.103202984 0.994228661 -0.0293008462 -0.0239000171 0.975700736 -0.217800155 -0.0436983146 0.984562099 0.169493467 0.0133998031 0.995585382 0.0928986371 0.0925995484 0.994695127 0.0447997786 0.121700443 0.992503703 0.0112000406 0.112598203 0.993584156 -0.0105998302 0.0787001848 0.994402349 -0.0705001652 0.0181003492 0.977618814 -0.20960404 -0.256989479 0.941761494 0.21689114 -0.180499479 0.882597506 0.43409875 -0.0412997678 0.917494893 0.395597786 0.0629990846 0.976585805 0.205697 0.123005651 0.991145492 -0.0500022955 0.144498423 0.937489748 -0.316596508 0.137397379 0.890183032 -0.434391707 -0.076201573 0.229504734 -0.970320046 -0.04179997 -0.00729999505 -0.999099314 -0.0131002478 -0.190403596 -0.981618524 0.0332012847 -0.119004615 -0.992338419 0.0814012736 0.0742011592 -0.993915498 0.0961969271 0.125895977 -0.987368464 0.0636977851 0.0143995006 -0.997865379 -0.0448990315 0.30379343 -0.951679409 -0.0786964521 0.111394979 -0.990655363 -0.0611974187 0.0182992276 -0.997957885 -0.046802137 0.116005301 -0.99214536 -0.0383988209 0.209893554 -0.976969957 -0.0362017043 0.141006634 -0.989346564 -0.0388997495 -0.122599207 -0.991693616 0.144006073 0.32311365 -0.935339451 0.155196786 0.1300973 -0.979279697 0.150094271 0.0399984717 -0.987862349 0.129004106 0.0448014252 -0.990631521 0.0988954231 0.0696967766 -0.992654085 0.0642973781 0.0184992459 -0.997759342 0.0241008252 -0.180206165 -0.983333588 0.166701689 0.422904283 -0.890708983 0.186599225 0.165499315 -0.968395948 0.192396 -0.0215995517 -0.981079698 0.186595976 -0.119197428 -0.975178957 0.170395195 -0.157095581 -0.972772658 0.149394616 -0.20979245 -0.966265202 0.131197751 -0.366593719 -0.921084225 0.16839996 0.576299906 -0.799699843 0.211994693 0.225594357 -0.950876236 0.208292171 -0.0576978326 -0.976363361 0.190696537 -0.203696311 -0.960282624 0.179302812 -0.25890407 -0.949114978 0.178700313 -0.293200523 -0.939201653 0.182100758 -0.414801717 -0.891503692 0.0512006767 0.742209852 -0.668208838 0.152494043 0.309587896 -0.938563287 0.193101794 -0.0413003825 -0.980309129 0.212000996 -0.197500929 -0.957104504 0.21899499 -0.275993675 -0.935878575 0.195700705 -0.366501302 -0.909603298 0.136198044 -0.514692605 -0.84648788 0.151800513 0.889102995 -0.431801438 0.253095359 0.575589478 -0.777585745 0.361412108 0.211807072 -0.908030331 0.414882749 -0.0751968697 -0.906762242 0.403992981 -0.365693629 -0.83848542 0.308908463 -0.650317788 -0.69401902 0.195289269 -0.814055264 -0.54696995 -0.0239991527 0.0555980355 0.998164773 -0.00179997471 0.00499992957 0.999985933 0.00920002908 -0.0781002417 0.996903121 0.0125005078 -0.123705022 0.99224031 0.0075996886 -0.0735969841 0.99725914 0.00439993478 0.0144997854 0.999885201 0.000499993213 0.100998633 0.994886458 -0.0522010252 -0.382407516 0.922518134 0.0108003328 -0.246707588 0.969029784 0.0431998782 -0.152899563 0.987297177 0.0477021672 -0.0665030256 0.996645272 0.0291003939 0.0364004932 0.998913527 -0.00899972394 0.150495395 0.988569736 -0.067597799 0.341988891 0.937269509 -0.160104841 -0.763523042 0.625618875 -0.129701704 -0.531906903 0.836810887 -0.101703793 -0.300211161 0.948435366 -0.0792980641 -0.0953976661 0.992275715 -0.0676002726 0.112900458 0.99130404 -0.0766021758 0.362510324 0.928826392 -0.101401508 0.63040936 0.769611418 -0.000699974888 -0.907067478 0.420984894 0.0123993354 -0.681663454 0.731560767 0.0197992995 -0.412885368 0.91056776 0.0170993488 -0.163093776 0.986462414 0.0100995339 0.101795308 0.994754076 0.00539977988 0.407783359 0.913062751 0.00749974512 0.674677074 0.738074899 0.0805011094 -0.88771224 0.453306228 0.0664007291 -0.652807236 0.754608333 0.0472014025 -0.361110717 0.931327641 0.0307005439 -0.113902017 0.993017554 0.0251994226 0.089397952 0.995677233 0.0386007987 0.303906262 0.951919615 0.0608982705 0.565383971 0.822576642 0.199500456 -0.774801791 0.599901378 0.179205433 -0.512915552 0.839525461 0.144103006 -0.212304428 0.966520131 0.108597949 -0.00299994345 0.994081259 0.0911970139 0.101296678 0.990667522 0.0791025311 0.2368076 0.968331039 0.0416012667 0.527516067 0.848525882 0.220790252 -0.751266837 0.621972561 0.289098144 -0.543296456 0.788194954 0.350503653 -0.227902383 0.908409476 0.357011199 0.0781024545 0.930829287 0.30788967 0.291490197 0.90566957 0.174691275 0.567171693 0.804859817 -0.0477972999 0.852051854 0.521270573 -0.6443941 -0.60699445 0.465095729 -0.724478304 -0.680879593 -0.107396789 -0.817598283 -0.362199217 0.447599053 -0.880008996 -0.470404834 -0.0656006709 -0.817598283 -0.362199217 0.447599053 -0.87542063 -0.167503953 0.453410655 -0.880008996 -0.470404834 -0.0656006709 -0.967814147 -0.251603663 -0.00560008176 -0.87542063 -0.167503953 0.453410655 -0.885613978 -0.0667010471 0.459607273 -0.967814147 -0.251603663 -0.00560008176 -0.997760594 -0.060697604 0.0280988924 -0.885613978 -0.0667010471 0.459607273 -0.895439148 0.0121005289 0.445019454 -0.994897723 0.0951997861 0.0333999246 -0.997760594 -0.060697604 0.0280988924 -0.889384449 0.183096796 0.418892682 -0.895439148 0.0121005289 0.445019454 -0.958419204 0.282105654 0.043000862 -0.994897723 0.0951997861 0.0333999246 -0.781817913 0.486711174 0.389708936 -0.804985225 0.587189198 0.084898442 -0.889384449 0.183096796 0.418892682 -0.958419204 0.282105654 0.043000862 -0.33920154 0.929704249 0.143500656 -0.415406793 0.85401392 0.313205123 -0.781817913 0.486711174 0.389708936 -0.804985225 0.587189198 0.084898442 -0.630518973 -0.643219352 -0.434413075 -0.724478304 -0.680879593 -0.107396789 -0.76795274 -0.511335135 -0.385726482 -0.880008996 -0.470404834 -0.0656006709 -0.76795274 -0.511335135 -0.385726482 -0.880008996 -0.470404834 -0.0656006709 -0.891910374 -0.308003575 -0.331103832 -0.967814147 -0.251603663 -0.00560008176 -0.891910374 -0.308003575 -0.331103832 -0.953960657 -0.0809966624 -0.28878808 -0.967814147 -0.251603663 -0.00560008176 -0.997760594 -0.060697604 0.0280988924 -0.953960657 -0.0809966624 -0.28878808 -0.963526309 0.0799021795 -0.255406976 -0.994897723 0.0951997861 0.0333999246 -0.997760594 -0.060697604 0.0280988924 -0.957186639 0.208697096 -0.200597197 -0.958419204 0.282105654 0.043000862 -0.963526309 0.0799021795 -0.255406976 -0.994897723 0.0951997861 0.0333999246 -0.804985225 0.587189198 0.084898442 -0.878880501 0.467689633 -0.0939979106 -0.957186639 0.208697096 -0.200597197 -0.958419204 0.282105654 0.043000862 -0.33920154 0.929704249 0.143500656 -0.510985434 0.854875624 0.0898974389 -0.804985225 0.587189198 0.084898442 -0.878880501 0.467689633 -0.0939979106 -0.630518973 -0.643219352 -0.434413075 -0.665706873 -0.743707657 -0.0611006245 -0.76795274 -0.511335135 -0.385726482 -0.768207252 -0.639606059 -0.0276002605 -0.76795274 -0.511335135 -0.385726482 -0.768207252 -0.639606059 -0.0276002605 -0.891910374 -0.308003575 -0.331103832 -0.894001424 -0.446100712 0.0419000685 -0.891910374 -0.308003575 -0.331103832 -0.894001424 -0.446100712 0.0419000685 -0.953960657 -0.0809966624 -0.28878808 -0.971108139 -0.202101693 0.126901075 -0.953960657 -0.0809966624 -0.28878808 -0.963526309 0.0799021795 -0.255406976 -0.971108139 -0.202101693 0.126901075 -0.980560005 -0.0179992653 0.195392027 -0.957186639 0.208697096 -0.200597197 -0.963526309 0.0799021795 -0.255406976 -0.966641426 0.115704961 0.228509784 -0.980560005 -0.0179992653 0.195392027 -0.878880501 0.467689633 -0.0939979106 -0.904959857 0.347184598 0.245989099 -0.957186639 0.208697096 -0.200597197 -0.966641426 0.115704961 0.228509784 -0.510985434 0.854875624 0.0898974389 -0.647624254 0.705226481 0.288510829 -0.878880501 0.467689633 -0.0939979106 -0.904959857 0.347184598 0.245989099 -0.644235432 -0.74544096 0.171109408 -0.665706873 -0.743707657 -0.0611006245 -0.696052372 -0.689952791 0.198686406 -0.768207252 -0.639606059 -0.0276002605 -0.696052372 -0.689952791 0.198686406 -0.768207252 -0.639606059 -0.0276002605 -0.799184382 -0.54398942 0.255694985 -0.894001424 -0.446100712 0.0419000685 -0.799184382 -0.54398942 0.255694985 -0.894001424 -0.446100712 0.0419000685 -0.898967505 -0.302389085 0.316888571 -0.971108139 -0.202101693 0.126901075 -0.898967505 -0.302389085 0.316888571 -0.939493716 -0.0449997 0.339597732 -0.971108139 -0.202101693 0.126901075 -0.980560005 -0.0179992653 0.195392027 -0.936635017 0.183806866 0.298211157 -0.939493716 -0.0449997 0.339597732 -0.966641426 0.115704961 0.228509784 -0.980560005 -0.0179992653 0.195392027 -0.875872433 0.43598628 0.206793487 -0.904959857 0.347184598 0.245989099 -0.936635017 0.183806866 0.298211157 -0.966641426 0.115704961 0.228509784 -0.647624254 0.705226481 0.288510829 -0.666395783 0.734195352 0.129899174 -0.875872433 0.43598628 0.206793487 -0.904959857 0.347184598 0.245989099 -0.58358717 -0.781682849 0.219995171 -0.644235432 -0.74544096 0.171109408 -0.671898782 -0.696598768 0.25159955 -0.696052372 -0.689952791 0.198686406 -0.671898782 -0.696598768 0.25159955 -0.696052372 -0.689952791 0.198686406 -0.799184382 -0.54398942 0.255694985 -0.81891197 -0.533207834 0.212303102 -0.799184382 -0.54398942 0.255694985 -0.81891197 -0.533207834 0.212303102 -0.898967505 -0.302389085 0.316888571 -0.963899672 -0.242299914 0.110399961 -0.898967505 -0.302389085 0.316888571 -0.939493716 -0.0449997 0.339597732 -0.963899672 -0.242299914 0.110399961 -0.992389441 0.113398798 -0.0479994901 -0.886911869 0.401805371 -0.227903038 -0.936635017 0.183806866 0.298211157 -0.939493716 -0.0449997 0.339597732 -0.992389441 0.113398798 -0.0479994901 -0.725733638 0.577426791 -0.374017328 -0.875872433 0.43598628 0.206793487 -0.886911869 0.401805371 -0.227903038 -0.936635017 0.183806866 0.298211157 -0.535387754 0.714183748 -0.450889736 -0.666395783 0.734195352 0.129899174 -0.725733638 0.577426791 -0.374017328 -0.875872433 0.43598628 0.206793487 -0.466483265 -0.880968392 -0.0792971551 -0.58358717 -0.781682849 0.219995171 -0.671898782 -0.696598768 0.25159955 -0.713615596 -0.699815333 -0.0318006985 -0.671898782 -0.696598768 0.25159955 -0.713615596 -0.699815333 -0.0318006985 -0.81891197 -0.533207834 0.212303102 -0.913092613 -0.395096809 -0.100799181 -0.81891197 -0.533207834 0.212303102 -0.913092613 -0.395096809 -0.100799181 -0.963899672 -0.242299914 0.110399961 -0.972126901 0.0108002992 -0.234206483 -0.851898849 0.379499495 -0.360899538 -0.963899672 -0.242299914 0.110399961 -0.972126901 0.0108002992 -0.234206483 -0.992389441 0.113398798 -0.0479994901 -0.663309157 0.595808208 -0.452806264 -0.851898849 0.379499495 -0.360899538 -0.886911869 0.401805371 -0.227903038 -0.992389441 0.113398798 -0.0479994901 -0.538215697 0.665519357 -0.517114997 -0.663309157 0.595808208 -0.452806264 -0.725733638 0.577426791 -0.374017328 -0.886911869 0.401805371 -0.227903038 -0.448097557 0.70949614 -0.543897033 -0.535387754 0.714183748 -0.450889736 -0.538215697 0.665519357 -0.517114997 -0.725733638 0.577426791 -0.374017328 -0.348115742 -0.887640119 -0.301513612 -0.466483265 -0.880968392 -0.0792971551 -0.668980479 -0.681280077 -0.297191322 -0.713615596 -0.699815333 -0.0318006985 -0.668980479 -0.681280077 -0.297191322 -0.713615596 -0.699815333 -0.0318006985 -0.904776692 -0.338391304 -0.258593351 -0.913092613 -0.395096809 -0.100799181 -0.904776692 -0.338391304 -0.258593351 -0.913092613 -0.395096809 -0.100799181 -0.972126901 0.0108002992 -0.234206483 -0.97471559 0.114801839 -0.191703066 -0.829594851 0.542196691 -0.133399174 -0.851898849 0.379499495 -0.360899538 -0.972126901 0.0108002992 -0.234206483 -0.97471559 0.114801839 -0.191703066 -0.581975639 0.803866386 -0.122894861 -0.663309157 0.595808208 -0.452806264 -0.829594851 0.542196691 -0.133399174 -0.851898849 0.379499495 -0.360899538 -0.421201169 0.890002429 -0.174600482 -0.538215697 0.665519357 -0.517114997 -0.581975639 0.803866386 -0.122894861 -0.663309157 0.595808208 -0.452806264 -0.325692564 0.904479325 -0.275393695 -0.421201169 0.890002429 -0.174600482 -0.448097557 0.70949614 -0.543897033 -0.538215697 0.665519357 -0.517114997 0.0173004232 -0.947223127 -0.320107818 0.180897549 -0.931287467 -0.316195726 0.254608959 -0.865030527 -0.43231526 0.488978714 -0.784065902 -0.38228336 0.254608959 -0.865030527 -0.43231526 0.282808155 -0.936726987 -0.206305951 0.397509187 -0.874120176 -0.279106438 0.488978714 -0.784065902 -0.38228336 0.282808155 -0.936726987 -0.206305951 0.397509187 -0.874120176 -0.279106438 -0.0179999564 -0.998797596 0.0455998927 -0.482486576 -0.865076005 0.137296185 -0.0179999564 -0.998797596 0.0455998927 -0.0307001621 -0.922904909 0.383802027 -0.44299829 -0.805696905 0.39319852 -0.482486576 -0.865076005 0.137296185 0.137806714 -0.868842363 0.475523174 0.140696943 -0.858181417 0.493689299 -0.0307001621 -0.922904909 0.383802027 -0.44299829 -0.805696905 0.39319852 0.0951013863 -0.89001298 0.44590649 0.137806714 -0.868842363 0.475523174 0.140696943 -0.858181417 0.493689299 -0.0941995159 -0.870595515 0.48289752 0.0951013863 -0.89001298 0.44590649 -0.0941995159 -0.870595515 0.48289752 -0.17579475 -0.920072556 0.35008958 -0.402087808 -0.796375871 0.451786309 0.0173004232 -0.947223127 -0.320107818 0.135495812 -0.983569682 0.11929632 0.359791219 -0.931577206 -0.052098725 0.488978714 -0.784065902 -0.38228336 0.359791219 -0.931577206 -0.052098725 0.364501804 -0.896904469 -0.250401258 0.397509187 -0.874120176 -0.279106438 0.488978714 -0.784065902 -0.38228336 0.328786165 -0.888362646 -0.320486486 0.364501804 -0.896904469 -0.250401258 0.397509187 -0.874120176 -0.279106438 -0.0179999564 -0.998797596 0.0455998927 0.28959775 -0.911392868 -0.292397708 0.328786165 -0.888362646 -0.320486486 -0.0179999564 -0.998797596 0.0455998927 -0.0307001621 -0.922904909 0.383802027 0.137806714 -0.868842363 0.475523174 0.230897337 -0.942889094 -0.240097225 0.28959775 -0.911392868 -0.292397708 -0.0307001621 -0.922904909 0.383802027 0.137806714 -0.868842363 0.475523174 0.230897337 -0.942889094 -0.240097225 -0.0541975461 -0.982155561 -0.180091843 -0.0941995159 -0.870595515 0.48289752 -0.0541975461 -0.982155561 -0.180091843 -0.0941995159 -0.870595515 0.48289752 -0.402087808 -0.796375871 0.451786309 -0.463379562 -0.878161252 -0.118794762 0.0176005848 -0.866528869 0.498816609 0.135495812 -0.983569682 0.11929632 0.23780553 -0.856119931 0.458810657 0.359791219 -0.931577206 -0.052098725 0.0176005848 -0.866528869 0.498816609 0.359791219 -0.931577206 -0.052098725 0.364501804 -0.896904469 -0.250401258 -0.0449975282 -0.910849929 0.410277426 0.0646978989 -0.977268279 0.201893464 0.328786165 -0.888362646 -0.320486486 0.364501804 -0.896904469 -0.250401258 -0.0449975282 -0.910849929 0.410277426 0.0646978989 -0.977268279 0.201893464 0.214596957 -0.97668618 -0.00569991907 0.28959775 -0.911392868 -0.292397708 0.328786165 -0.888362646 -0.320486486 0.214596957 -0.97668618 -0.00569991907 0.230897337 -0.942889094 -0.240097225 0.289102495 -0.954308271 -0.0756006539 0.28959775 -0.911392868 -0.292397708 0.04890218 -0.996744454 -0.0641028583 0.230897337 -0.942889094 -0.240097225 0.289102495 -0.954308271 -0.0756006539 -0.0541975461 -0.982155561 -0.180091843 0.04890218 -0.996744454 -0.0641028583 -0.0541975461 -0.982155561 -0.180091843 -0.385897279 -0.922293484 -0.02139985 -0.463379562 -0.878161252 -0.118794762 0.0176005848 -0.866528869 0.498816609 0.154294834 -0.987466931 -0.0331988856 0.23780553 -0.856119931 0.458810657 0.455089211 -0.861079574 -0.226794615 0.0176005848 -0.866528869 0.498816609 0.154294834 -0.987466931 -0.0331988856 -0.0449975282 -0.910849929 0.410277426 -0.113203071 -0.98162663 0.15360418 0.0646978989 -0.977268279 0.201893464 -0.0449975282 -0.910849929 0.410277426 -0.113203071 -0.98162663 0.15360418 -0.224188 -0.95254904 0.205888972 0.0646978989 -0.977268279 0.201893464 0.214596957 -0.97668618 -0.00569991907 -0.0590973906 -0.988556385 0.138793871 -0.224188 -0.95254904 0.205888972 0.102604248 -0.994641185 -0.012700526 0.214596957 -0.97668618 -0.00569991907 0.289102495 -0.954308271 -0.0756006539 -0.0590973906 -0.988556385 0.138793871 0.04890218 -0.996744454 -0.0641028583 0.102604248 -0.994641185 -0.012700526 0.289102495 -0.954308271 -0.0756006539 -0.0573974811 -0.984856784 -0.163592815 0.04890218 -0.996744454 -0.0641028583 -0.0573974811 -0.984856784 -0.163592815 -0.340696335 -0.909890234 -0.236697465 -0.385897279 -0.922293484 -0.02139985 0.154294834 -0.987466931 -0.0331988856 0.30208528 -0.896356285 -0.324484169 0.455089211 -0.861079574 -0.226794615 0.543315232 -0.776721895 -0.318608969 0.154294834 -0.987466931 -0.0331988856 0.30208528 -0.896356285 -0.324484169 -0.0549999587 -0.936399341 -0.346599758 -0.113203071 -0.98162663 0.15360418 -0.0549999587 -0.936399341 -0.346599758 -0.113203071 -0.98162663 0.15360418 -0.224188 -0.95254904 0.205888972 -0.298094302 -0.875683308 -0.379892766 -0.0590973906 -0.988556385 0.138793871 -0.193499923 -0.868899703 -0.455599844 -0.224188 -0.95254904 0.205888972 -0.298094302 -0.875683308 -0.379892766 0.102604248 -0.994641185 -0.012700526 -0.00829975866 -0.886274219 -0.463086516 -0.0590973906 -0.988556385 0.138793871 -0.193499923 -0.868899703 -0.455599844 0.0114002433 -0.928519785 -0.371107936 0.102604248 -0.994641185 -0.012700526 -0.00829975866 -0.886274219 -0.463086516 -0.0573974811 -0.984856784 -0.163592815 0.0114002433 -0.928519785 -0.371107936 -0.0573974811 -0.984856784 -0.163592815 -0.0916990861 -0.975290239 -0.200997993 -0.340696335 -0.909890234 -0.236697465 0.30208528 -0.896356285 -0.324484169 0.340517014 -0.912645578 0.226111293 0.543315232 -0.776721895 -0.318608969 0.619373381 -0.772766769 0.138594046 0.30208528 -0.896356285 -0.324484169 0.340517014 -0.912645578 0.226111293 -0.0549999587 -0.936399341 -0.346599758 -0.0756014287 -0.948017955 0.309105843 -0.0549999587 -0.936399341 -0.346599758 -0.0756014287 -0.948017955 0.309105843 -0.298094302 -0.875683308 -0.379892766 -0.381283671 -0.861163139 0.336185604 -0.193499923 -0.868899703 -0.455599844 -0.298094302 -0.875683308 -0.379892766 -0.37180239 -0.866105556 0.334102124 -0.381283671 -0.861163139 0.336185604 -0.00829975866 -0.886274219 -0.463086516 -0.18280144 -0.952107489 0.245101929 -0.193499923 -0.868899703 -0.455599844 -0.37180239 -0.866105556 0.334102124 0.0114002433 -0.928519785 -0.371107936 0.0364012457 -0.995834112 0.0836028606 -0.00829975866 -0.886274219 -0.463086516 -0.18280144 -0.952107489 0.245101929 0.0114002433 -0.928519785 -0.371107936 0.0364012457 -0.995834112 0.0836028606 0.129800379 -0.991502881 -0.00860002451 -0.0916990861 -0.975290239 -0.200997993 0.340517014 -0.912645578 0.226111293 0.527083039 -0.846372783 -0.0763975382 0.619373381 -0.772766769 0.138594046 0.694982529 -0.703882277 -0.146796301 0.13929823 -0.988987386 0.0499993637 0.340517014 -0.912645578 0.226111293 0.527083039 -0.846372783 -0.0763975382 -0.0756014287 -0.948017955 0.309105843 0.13929823 -0.988987386 0.0499993637 -0.0756014287 -0.948017955 0.309105843 -0.277409971 -0.947334111 0.160005763 -0.381283671 -0.861163139 0.336185604 -0.277409971 -0.947334111 0.160005763 -0.37180239 -0.866105556 0.334102124 -0.381283671 -0.861163139 0.336185604 -0.414995193 -0.886589766 0.204297632 -0.18280144 -0.952107489 0.245101929 -0.37180239 -0.866105556 0.334102124 -0.414995193 -0.886589766 0.204297632 -0.418422997 -0.888748825 0.187210277 0.0364012457 -0.995834112 0.0836028606 -0.18280144 -0.952107489 0.245101929 -0.28011024 -0.953434885 0.11180409 -0.418422997 -0.888748825 0.187210277 0.0364012457 -0.995834112 0.0836028606 0.129800379 -0.991502881 -0.00860002451 -0.0640989095 -0.997783124 -0.0178996958 -0.28011024 -0.953434885 0.11180409 0.257194251 -0.957778513 0.128497124 0.350709766 -0.935826123 -0.0351009816 -0.024199659 -0.990386069 0.136198074 -0.0559983999 -0.967372358 0.247092932 0.0782984719 -0.996680498 -0.0222995635 0.156105191 -0.987732768 0.00390012935 0.257194251 -0.957778513 0.128497124 -0.0559983999 -0.967372358 0.247092932 0.0782984719 -0.996680498 -0.0222995635 0.10410177 -0.961716413 -0.253504336 0.138897404 -0.976481676 -0.16489692 0.156105191 -0.987732768 0.00390012935 0.0952008069 -0.964608192 -0.245902091 0.10410177 -0.961716413 -0.253504336 0.138897404 -0.976481676 -0.16489692 -0.0152997263 -0.999882102 -0.00129997672 0.0881992355 -0.971391559 -0.220498085 0.0952008069 -0.964608192 -0.245902091 -0.0152997263 -0.999882102 -0.00129997672 -0.140805021 -0.970034659 -0.198007062 0.0881992355 -0.971391559 -0.220498085 0.105703816 -0.993935883 0.0303010959 -0.0758001432 -0.973201811 -0.217100397 -0.140805021 -0.970034659 -0.198007062 0.105703816 -0.993935883 0.0303010959 0.165201172 -0.962606847 0.214701518 -0.0144005055 -0.989134729 0.146305144 -0.0758001432 -0.973201811 -0.217100397 0.23548834 -0.956752658 0.170791551 0.240987062 -0.954548776 0.175390601 -0.024199659 -0.990386069 0.136198074 -0.0559983999 -0.967372358 0.247092932 0.0782984719 -0.996680498 -0.0222995635 0.22589235 -0.962967396 -0.147195026 0.240987062 -0.954548776 0.175390601 -0.0559983999 -0.967372358 0.247092932 0.0782984719 -0.996680498 -0.0222995635 0.138897404 -0.976481676 -0.16489692 0.165600285 -0.984601736 -0.0560000986 0.22589235 -0.962967396 -0.147195026 0.0858966932 -0.94876349 0.304088295 0.138897404 -0.976481676 -0.16489692 0.165600285 -0.984601736 -0.0560000986 -0.0152997263 -0.999882102 -0.00129997672 0.0256995633 -0.995583117 -0.0902984738 0.0858966932 -0.94876349 0.304088295 -0.0152997263 -0.999882102 -0.00129997672 -0.140805021 -0.970034659 -0.198007062 0.0256995633 -0.995583117 -0.0902984738 -0.0599993691 -0.957389951 -0.282497048 -0.0758001432 -0.973201811 -0.217100397 -0.140805021 -0.970034659 -0.198007062 -0.0144005055 -0.989134729 0.146305144 -0.0599993691 -0.957389951 -0.282497048 -0.0758001432 -0.973201811 -0.217100397 -0.154000968 -0.967306077 0.201501265 0.23548834 -0.956752658 0.170791551 0.240987062 -0.954548776 0.175390601 -0.0405009836 -0.999124348 -0.010500255 -0.444487929 -0.895275652 -0.0301991794 0.0682003647 -0.997205317 0.0305001624 0.22589235 -0.962967396 -0.147195026 0.240987062 -0.954548776 0.175390601 -0.0405009836 -0.999124348 -0.010500255 0.0682003647 -0.997205317 0.0305001624 0.165600285 -0.984601736 -0.0560000986 0.22589235 -0.962967396 -0.147195026 -0.176204994 -0.964027286 0.199005634 0.0858966932 -0.94876349 0.304088295 0.165600285 -0.984601736 -0.0560000986 -0.176204994 -0.964027286 0.199005634 -0.255590677 -0.930666029 0.261790454 0.0256995633 -0.995583117 -0.0902984738 0.0858966932 -0.94876349 0.304088295 -0.0339009091 -0.96872592 -0.245806575 -0.255590677 -0.930666029 0.261790454 0.0256995633 -0.995583117 -0.0902984738 0.171096042 -0.956077874 -0.237994507 -0.0339009091 -0.96872592 -0.245806575 -0.0599993691 -0.957389951 -0.282497048 0.147500396 -0.928602576 0.340500921 0.171096042 -0.956077874 -0.237994507 -0.0599993691 -0.957389951 -0.282497048 -0.154000968 -0.967306077 0.201501265 -0.0405009836 -0.999124348 -0.010500255 -0.211396292 -0.894384325 -0.394193083 -0.444487929 -0.895275652 -0.0301991794 -0.486320376 -0.820734382 -0.299812585 0.00789977517 -0.996071756 0.0881974995 0.0682003647 -0.997205317 0.0305001624 -0.0405009836 -0.999124348 -0.010500255 -0.211396292 -0.894384325 -0.394193083 0.00789977517 -0.996071756 0.0881974995 0.0459999628 -0.925599217 0.375699669 0.0682003647 -0.997205317 0.0305001624 -0.176204994 -0.964027286 0.199005634 0.0459999628 -0.925599217 0.375699669 0.126597896 -0.984583676 0.120698005 -0.176204994 -0.964027286 0.199005634 -0.255590677 -0.930666029 0.261790454 0.126597896 -0.984583676 0.120698005 0.263890415 -0.844469309 -0.46608305 -0.0339009091 -0.96872592 -0.245806575 -0.255590677 -0.930666029 0.261790454 0.171096042 -0.956077874 -0.237994507 0.263890415 -0.844469309 -0.46608305 0.319997102 -0.922091663 -0.217598036 -0.0339009091 -0.96872592 -0.245806575 0.147500396 -0.928602576 0.340500921 0.167798027 -0.875889719 0.452394724 0.171096042 -0.956077874 -0.237994507 0.319997102 -0.922091663 -0.217598036 0.0304988474 -0.850567877 -0.524980128 0.122693092 -0.917648375 -0.377978712 -0.211396292 -0.894384325 -0.394193083 -0.486320376 -0.820734382 -0.299812585 0.00789977517 -0.996071756 0.0881974995 0.0304988474 -0.850567877 -0.524980128 0.0575011261 -0.997519493 -0.0406007953 -0.211396292 -0.894384325 -0.394193083 0.00789977517 -0.996071756 0.0881974995 0.0459999628 -0.925599217 0.375699669 0.0575011261 -0.997519493 -0.0406007953 0.185498893 -0.935794413 0.29979822 0.0459999628 -0.925599217 0.375699669 0.126597896 -0.984583676 0.120698005 0.185498893 -0.935794413 0.29979822 0.305794388 -0.951982558 0.0147997281 0.126597896 -0.984583676 0.120698005 0.242102548 -0.838708818 -0.487805158 0.263890415 -0.844469309 -0.46608305 0.305794388 -0.951982558 0.0147997281 0.0984977782 -0.989677727 -0.104097649 0.242102548 -0.838708818 -0.487805158 0.263890415 -0.844469309 -0.46608305 0.319997102 -0.922091663 -0.217598036 0.0984977782 -0.989677727 -0.104097649 0.167798027 -0.875889719 0.452394724 0.319997102 -0.922091663 -0.217598036 -0.0618969314 -0.84055835 0.538173318 0.0192991495 -0.903960109 -0.427181154 0.0304988474 -0.850567877 -0.524980128 0.122693092 -0.917648375 -0.377978712 0.233195245 -0.925581098 -0.298193932 0.0192991495 -0.903960109 -0.427181154 0.0304988474 -0.850567877 -0.524980128 0.0575011261 -0.997519493 -0.0406007953 -0.25399372 -0.96657604 -0.0348991342 0.0575011261 -0.997519493 -0.0406007953 0.185498893 -0.935794413 0.29979822 -0.25399372 -0.96657604 -0.0348991342 -0.297386736 -0.929958522 0.216190353 0.185498893 -0.935794413 0.29979822 0.305794388 -0.951982558 0.0147997281 -0.240299344 -0.97019732 -0.0311999135 -0.297386736 -0.929958522 0.216190353 0.242102548 -0.838708818 -0.487805158 0.305794388 -0.951982558 0.0147997281 -0.201098084 -0.85419184 -0.479495436 -0.240299344 -0.97019732 -0.0311999135 0.0984977782 -0.989677727 -0.104097649 0.242102548 -0.838708818 -0.487805158 -0.201098084 -0.85419184 -0.479495436 -0.232497424 -0.971889198 -0.0370995887 0.0984977782 -0.989677727 -0.104097649 -0.0618969314 -0.84055835 0.538173318 -0.148893133 -0.824861944 0.54537487 -0.232497424 -0.971889198 -0.0370995887 0.0192991495 -0.903960109 -0.427181154 0.233195245 -0.925581098 -0.298193932 -0.00190006662 -0.957233548 -0.289310127 -0.200292185 -0.949862957 -0.240090638 0.0192991495 -0.903960109 -0.427181154 -0.200292185 -0.949862957 -0.240090638 -0.25399372 -0.96657604 -0.0348991342 -0.481295794 -0.869792402 0.108699054 -0.25399372 -0.96657604 -0.0348991342 -0.297386736 -0.929958522 0.216190353 -0.481295794 -0.869792402 0.108699054 -0.560899019 -0.809198618 0.174899697 -0.240299344 -0.97019732 -0.0311999135 -0.297386736 -0.929958522 0.216190353 -0.543494999 -0.83739233 -0.058199469 -0.560899019 -0.809198618 0.174899697 -0.201098084 -0.85419184 -0.479495436 -0.240299344 -0.97019732 -0.0311999135 -0.473710477 -0.749516606 -0.462410241 -0.543494999 -0.83739233 -0.058199469 -0.201098084 -0.85419184 -0.479495436 -0.232497424 -0.971889198 -0.0370995887 -0.473710477 -0.749516606 -0.462410241 -0.508113801 -0.856823325 -0.0876023844 -0.148893133 -0.824861944 0.54537487 -0.232497424 -0.971889198 -0.0370995887 -0.374488354 -0.776875794 0.50618428 -0.508113801 -0.856823325 -0.0876023844 0.381496787 0.923692167 0.0353997014 0.351194769 0.868387043 0.350094795 0.253309757 0.827231824 0.501519322 0.105098747 0.958088577 0.266496807 -0.0710977241 0.990968347 -0.113696367 -0.204910949 0.949550807 -0.237412691 -0.284292787 0.955575764 -0.0777980238 0.315715134 0.914443851 0.253212154 0.348098308 0.910695553 0.222398907 0.263500094 0.948800385 0.174200058 0.106397375 0.984175742 -0.141696498 -0.0689993352 0.888991416 -0.452695608 -0.150001973 0.933112204 -0.32680428 -0.14849481 0.984065592 -0.0977965891 -0.216902554 0.932710946 0.288103402 -0.188505769 0.967629552 0.16780512 -0.125594556 0.991457105 0.0351984762 -0.00909963623 0.970061123 -0.24269028 0.160500184 0.861400962 -0.481900513 0.250201494 0.903605282 -0.347702056 0.223794162 0.958374977 -0.177295372 -0.48300001 0.855199993 0.187999994 -0.476211309 0.85032016 0.224005327 -0.342303246 0.918208718 0.199301898 -0.102399096 0.99449122 0.0223998018 0.140798926 0.955992699 -0.257398039 0.209300548 0.903502405 -0.374000996 0.0662017614 0.936224878 -0.345109135 -0.314903945 0.940411747 0.128301591 -0.335893333 0.88918227 0.3106938 -0.267899156 0.883397281 0.384498805 -0.16360043 0.952002585 0.258700699 -0.10129603 0.987061322 -0.12429513 -0.123803355 0.888523996 -0.441811949 -0.237206042 0.851621687 -0.467411906 -0.0924032852 0.988835156 0.116904154 -0.108898968 0.94049108 0.32189694 -0.162094995 0.890472531 0.425186872 -0.217788473 0.93035078 0.29498437 -0.264707029 0.953425348 -0.144603848 -0.275185347 0.82585603 -0.492173761 -0.294093072 0.818280816 -0.493888408 -0.0538976155 0.986756384 0.152993232 -0.0682986006 0.960380316 0.270194471 -0.214905679 0.90662396 0.363109589 -0.33020854 0.90942359 0.252806544 -0.361210674 0.914827049 -0.180605337 -0.317893535 0.799283743 -0.509989619 -0.293185472 0.826259136 -0.480976224 0.198994502 0.978472948 0.0546984859 -0.217595667 0.972680628 0.0808983892 0.17370601 0.97053355 0.167005762 0.346288145 0.894269407 0.2834903 -0.10109695 0.947871387 0.30219087 -0.292498976 0.956196725 -0.01149996 -0.0375983715 0.973957837 -0.223590329 0.192300081 0.978900373 0.0691000223 -0.234997317 0.968988895 0.0763991252 0.0743022859 0.990430534 0.116303585 0.280502796 0.946709454 0.158301577 -0.0140993986 0.999557316 0.0261988826 -0.0570018031 0.989231288 -0.134804264 -0.106796697 0.989469409 0.0976969823 0.130899936 0.946799517 0.293999851 -0.201807335 0.93403393 0.294710696 0.0471992083 0.971283674 0.23319608 0.277787864 0.931659341 0.234189779 0.17619206 0.960456729 0.215590283 0.0956964791 0.966664433 0.23749125 -0.218907222 0.869428754 0.442914635 0.0504003949 0.960407555 0.274002135 -0.144994855 0.952166259 0.268990457 0.041301135 0.957426369 0.285707861 0.230699286 0.891097248 0.390798777 0.275901765 0.84510535 0.457902908 0.153103665 0.863520682 0.480511516 -0.275902271 0.778606355 0.563604593 0.00969971903 0.992871225 -0.118796557 -0.138801992 0.985714257 -0.0954013765 -0.0416982137 0.998357117 0.0392983109 0.082501933 0.969922662 0.229005352 0.220893949 0.90757513 0.357090205 0.15879117 0.884950697 0.437775612 -0.267196625 0.745590568 0.610492289 -0.0471003279 0.93800658 -0.343402386 -0.212896422 0.938684225 -0.271195441 -0.171798155 0.980789423 -0.0923990086 -0.074797146 0.992362142 0.0980962589 0.105402783 0.95732522 0.269107103 0.148793697 0.875162959 0.460380495 -0.164603725 0.689415634 0.705415964 -0.192689478 0.973746836 -0.121193387 -0.315885544 0.948756576 0.00879959669 -0.260489047 0.95985961 0.103995629 -0.171003968 0.964922369 0.199204624 -0.0450986065 0.940570951 0.336589605 0.0422978066 0.845956147 0.531572461 -0.155805796 0.65922451 0.735627353 0.349303186 0.907808304 0.232102111 0.180705041 0.975027144 0.129103586 -0.173796728 0.984781444 0.000599988736 -0.31240347 0.946210504 -0.0842009336 -0.166701823 0.979510665 -0.113001227 -0.0908040479 0.984943867 -0.147106558 -0.287707895 0.937425673 -0.196105376 0.366614163 0.851532876 0.374814481 0.259003043 0.913410723 0.314003706 0.0627011955 0.990718782 0.120602287 -0.0870007724 0.986908793 -0.135801211 -0.0535001718 0.958303094 -0.280700892 -0.0420004651 0.94601047 -0.321403563 -0.271793753 0.897079349 -0.34839198 0.198394209 0.963971853 0.177194834 0.299008071 0.915224731 0.270107299 0.364589214 0.893873572 0.260892272 0.249897882 0.964391828 0.086599268 0.0496016555 0.998333335 -0.0295009855 -0.168409154 0.985653579 -0.0112006087 -0.410903394 0.91050756 0.0462003835 -0.0708999485 0.97069931 -0.229599833 0.102700524 0.991005003 -0.0858004317 0.370308191 0.92732048 0.0543011986 0.341796905 0.928691566 0.143898711 -0.0309989285 0.976866186 0.211592689 -0.33378917 0.906570613 0.258291632 -0.450081706 0.859065056 0.24379009 -0.166300789 0.982404709 0.0850004032 -0.0251004212 0.997716665 0.0627010539 0.305997878 0.951593459 0.0288998 0.154001206 0.984407723 0.0850006714 -0.258689582 0.949061751 0.179892763 -0.343201995 0.918305337 0.197301149 -0.261606187 0.957622707 0.120502859 -0.15710105 0.960306406 0.230501518 0.014900432 0.969128132 0.246107131 0.322789401 0.919069767 0.226092562 0.0711989477 0.979585528 0.187997222 -0.276806742 0.957923293 0.0759018511 -0.276805133 0.960917771 -0.00400007423 -0.299588352 0.953262925 0.0391984768 -0.044499591 0.993890882 0.10099908 -0.100998498 0.979285419 0.175497398 0.284506947 0.932922781 0.22070539 0.253194302 0.956578434 0.144396752 -0.0956967771 0.99396646 -0.0535981916 -0.406811774 0.911926329 -0.0538015589 -0.511699438 0.854799092 0.0864999071 -0.290494591 -0.948782384 0.124197692 -0.242695689 -0.964882851 0.100498214 -0.278714657 -0.959750414 0.0346018188 -0.232701555 -0.967506409 -0.0989006609 -0.106503285 -0.976530135 -0.187205777 -0.0333995447 -0.994386494 -0.100398637 0.0409006067 -0.998614848 0.0331004933 -0.253698289 -0.828094482 -0.499896675 -0.231891304 -0.846868157 -0.478582025 -0.306191027 -0.835875511 -0.455586642 -0.242507219 -0.890826523 -0.384211421 0.0619016327 -0.979025781 -0.194105119 0.238190711 -0.97056216 0.0356986076 0.130600721 -0.974605322 0.181900978 -0.2807087 -0.840726078 -0.463014364 -0.107595377 -0.894861519 -0.433181345 -0.0919974893 -0.946474195 -0.309391558 0.03630035 -0.993509531 -0.107801035 0.314294666 -0.943884015 0.101498276 0.408316672 -0.895236492 0.178407267 0.200709537 -0.974146247 0.103704922 -0.268913567 -0.95514816 -0.124006249 0.0807958245 -0.99664855 -0.0127993394 0.180699617 -0.976397932 0.118299745 0.232010856 -0.952944577 0.195109129 0.332414806 -0.930341482 0.154806897 0.277387887 -0.960558116 0.0195991453 0.113795117 -0.988357544 -0.100995667 -0.0929030478 -0.98683238 0.132404342 0.193398401 -0.958992124 0.207198307 0.134205356 -0.984739244 0.110804409 0.0505007654 -0.997015059 -0.0584008843 0.129804745 -0.968235373 -0.21370779 0.172794253 -0.947968483 -0.267391115 0.191309184 -0.958645999 -0.210710108 0.000999966753 -0.987567186 0.157194763 0.0280986875 -0.99565345 0.0887958482 -0.16170536 -0.982332528 -0.094203122 -0.286791474 -0.910172999 -0.298891127 -0.06529928 -0.904289961 -0.421895325 0.25280267 -0.860909104 -0.441504687 0.393386215 -0.837670624 -0.3788867 -0.124003835 -0.976130247 -0.178305507 -0.112094745 -0.984553874 -0.134493694 -0.288094372 -0.952481389 -0.0988980606 -0.378992677 -0.924482107 -0.0411992036 -0.117201038 -0.992508769 -0.0345003046 0.262410492 -0.963138521 -0.0592023693 0.382214934 -0.918235898 -0.10370405 -0.904883623 0.383693069 -0.184296668 -0.988889992 -0.0544994473 -0.138298601 -0.947408736 -0.303402811 -0.101800941 -0.95269829 -0.29319945 -0.0799998567 -0.978461027 -0.204591855 -0.0274989046 -0.963894963 -0.265998602 0.0122999353 -0.83207041 -0.551480412 0.0593978912 -0.828513443 0.380206198 -0.411106676 -0.902631938 0.0207007322 -0.42991522 -0.868479729 -0.205795184 -0.450989455 -0.841897905 -0.236199409 -0.485198766 -0.843366742 -0.185292676 -0.504380107 -0.815099895 -0.265499979 -0.514899969 -0.682298779 -0.499099106 -0.534199059 -0.879227638 0.476314992 -0.00910028722 -0.985202968 0.145300448 -0.0909002721 -0.983943939 -0.102504574 -0.146106526 -0.967922688 -0.179004207 -0.176304147 -0.960340738 -0.186907932 -0.206908762 -0.924166858 -0.284689784 -0.254690856 -0.806564331 -0.491278261 -0.328785449 -0.781775117 0.623380125 -0.0149995219 -0.945495486 0.289598644 -0.148899287 -0.975731373 0.00530017028 -0.218907028 -0.968280733 -0.0954980999 -0.230895415 -0.968406498 -0.113400765 -0.222101495 -0.953830361 -0.200406373 -0.223707125 -0.876141489 -0.424720079 -0.228010789 -0.631995142 0.763194084 -0.134598956 -0.847978234 0.457288295 -0.267993152 -0.924059033 0.127994329 -0.360184014 -0.91670841 -0.0970008969 -0.387603551 -0.908576369 -0.225394145 -0.351690859 -0.888710558 -0.367804348 -0.273703247 -0.779790401 -0.600792587 -0.175997838 -0.658105254 0.743605912 0.118100941 -0.863770306 0.503682733 0.0142995091 -0.977058649 0.187392071 -0.101195715 -0.97112149 -0.155203447 -0.181204021 -0.871441126 -0.453821421 -0.186108798 -0.748212159 -0.653310597 -0.115601875 -0.601382256 -0.798776388 -0.0171994921 -0.601201653 0.781302214 -0.167700469 -0.723686278 0.648887694 -0.234995544 -0.81571734 0.487410367 -0.311506629 -0.880735397 0.17290695 -0.440917701 -0.781038105 -0.301414698 -0.546926618 -0.527005076 -0.682806551 -0.50600481 -0.303110152 -0.8800295 -0.365612268 -0.491994739 -0.868690729 0.0575993806 -0.644920647 -0.707822621 0.28820923 -0.745284379 -0.658586144 -0.103997819 -0.87014693 -0.407221973 0.277514964 -0.745284379 -0.658586144 -0.103997819 -0.87014693 -0.407221973 0.277514964 -0.915401459 -0.345300525 -0.206900328 -0.940739453 -0.207408696 0.268311262 -0.915401459 -0.345300525 -0.206900328 -0.940739453 -0.207408696 0.268311262 -0.953842461 -0.0830949843 0.288582593 -0.979772866 -0.00269992533 -0.200094476 -0.929260254 0.351784945 -0.112795174 -0.936283112 0.119497843 0.330294073 -0.953842461 -0.0830949843 0.288582593 -0.979772866 -0.00269992533 -0.200094476 -0.80232656 0.596619785 -0.01780059 -0.845079005 0.380490541 0.375590712 -0.929260254 0.351784945 -0.112795174 -0.936283112 0.119497843 0.330294073 -0.726905167 0.559004009 0.398902833 -0.785500228 0.618200183 0.0286000092 -0.80232656 0.596619785 -0.01780059 -0.845079005 0.380490541 0.375590712 -0.66258204 0.649682403 0.372689933 -0.726905167 0.559004009 0.398902833 -0.785500228 0.618200183 0.0286000092 -0.790825725 0.611219883 0.0317010321 -0.644920647 -0.707822621 0.28820923 -0.733908951 -0.663808107 -0.144001752 -0.87014693 -0.407221973 0.277514964 -0.890058279 -0.377182335 -0.255988032 -0.87014693 -0.407221973 0.277514964 -0.890058279 -0.377182335 -0.255988032 -0.908720136 -0.282906264 -0.30690679 -0.940739453 -0.207408696 0.268311262 -0.908720136 -0.282906264 -0.30690679 -0.912913382 -0.29010427 -0.287104189 -0.940739453 -0.207408696 0.268311262 -0.953842461 -0.0830949843 0.288582593 -0.912913382 -0.29010427 -0.287104189 -0.936283112 0.119497843 0.330294073 -0.953842461 -0.0830949843 0.288582593 -0.961562634 -0.185892776 -0.202092141 -0.845079005 0.380490541 0.375590712 -0.936283112 0.119497843 0.330294073 -0.961562634 -0.185892776 -0.202092141 -0.99348104 0.0911982656 -0.0683986992 -0.726905167 0.559004009 0.398902833 -0.845079005 0.380490541 0.375590712 -0.882601142 0.46620059 0.0606000759 -0.99348104 0.0911982656 -0.0683986992 -0.618488371 0.782785296 0.0686987042 -0.66258204 0.649682403 0.372689933 -0.726905167 0.559004009 0.398902833 -0.882601142 0.46620059 0.0606000759 -0.733908951 -0.663808107 -0.144001752 -0.890058279 -0.377182335 -0.255988032 -0.909380376 -0.402391315 -0.105397731 -0.965675592 -0.135196581 -0.221794397 -0.890058279 -0.377182335 -0.255988032 -0.908720136 -0.282906264 -0.30690679 -0.934352934 -0.155392155 -0.320683807 -0.965675592 -0.135196581 -0.221794397 -0.862868428 -0.355486989 -0.359286845 -0.908720136 -0.282906264 -0.30690679 -0.912913382 -0.29010427 -0.287104189 -0.934352934 -0.155392155 -0.320683807 -0.84258002 -0.427789837 -0.327192247 -0.862868428 -0.355486989 -0.359286845 -0.912913382 -0.29010427 -0.287104189 -0.961562634 -0.185892776 -0.202092141 -0.84258002 -0.427789837 -0.327192247 -0.926298976 -0.259799719 -0.272899687 -0.961562634 -0.185892776 -0.202092141 -0.99348104 0.0911982656 -0.0683986992 -0.882601142 0.46620059 0.0606000759 -0.926298976 -0.259799719 -0.272899687 -0.955783844 0.200096622 -0.215496346 -0.99348104 0.0911982656 -0.0683986992 -0.602491498 0.776389003 -0.18499738 -0.618488371 0.782785296 0.0686987042 -0.882601142 0.46620059 0.0606000759 -0.955783844 0.200096622 -0.215496346 -0.909380376 -0.402391315 -0.105397731 -0.917471826 -0.158895105 0.364688784 -0.945621908 0.172103986 0.276006401 -0.965675592 -0.135196581 -0.221794397 -0.934352934 -0.155392155 -0.320683807 -0.945621908 0.172103986 0.276006401 -0.949525118 0.230006084 0.213305637 -0.965675592 -0.135196581 -0.221794397 -0.862868428 -0.355486989 -0.359286845 -0.934352934 -0.155392155 -0.320683807 -0.949525118 0.230006084 0.213305637 -0.986268222 -0.0167994592 0.164294705 -0.84258002 -0.427789837 -0.327192247 -0.862868428 -0.355486989 -0.359286845 -0.924831986 -0.372312903 0.077902697 -0.986268222 -0.0167994592 0.164294705 -0.84258002 -0.427789837 -0.327192247 -0.909590125 -0.411195517 0.0596993528 -0.924831986 -0.372312903 0.077902697 -0.926298976 -0.259799719 -0.272899687 -0.909590125 -0.411195517 0.0596993528 -0.926298976 -0.259799719 -0.272899687 -0.955783844 0.200096622 -0.215496346 -0.986354768 -0.0348983966 0.160892606 -0.602491498 0.776389003 -0.18499738 -0.681308985 0.677108943 0.278103679 -0.955783844 0.200096622 -0.215496346 -0.986354768 -0.0348983966 0.160892606 -0.805509269 -0.0969011188 0.584606707 -0.85791713 0.323806465 0.398907959 -0.917471826 -0.158895105 0.364688784 -0.945621908 0.172103986 0.276006401 -0.85791713 0.323806465 0.398907959 -0.871340752 0.423619807 0.247611597 -0.945621908 0.172103986 0.276006401 -0.949525118 0.230006084 0.213305637 -0.871340752 0.423619807 0.247611597 -0.949525118 0.230006084 0.213305637 -0.958138406 0.196307868 0.208408341 -0.986268222 -0.0167994592 0.164294705 -0.924831986 -0.372312903 0.077902697 -0.955691576 -0.238097906 0.173098475 -0.958138406 0.196307868 0.208408341 -0.986268222 -0.0167994592 0.164294705 -0.8860479 -0.44147405 0.141491681 -0.909590125 -0.411195517 0.0596993528 -0.924831986 -0.372312903 0.077902697 -0.955691576 -0.238097906 0.173098475 -0.8860479 -0.44147405 0.141491681 -0.909590125 -0.411195517 0.0596993528 -0.952826917 -0.199305639 0.228906468 -0.986354768 -0.0348983966 0.160892606 -0.681308985 0.677108943 0.278103679 -0.813987792 0.445893288 0.372294396 -0.952826917 -0.199305639 0.228906468 -0.986354768 -0.0348983966 0.160892606 -0.805509269 -0.0969011188 0.584606707 -0.85791713 0.323806465 0.398907959 -0.902219713 0.416209102 0.113002472 -0.911643505 -0.110605285 0.395818889 -0.85791713 0.323806465 0.398907959 -0.871340752 0.423619807 0.247611597 -0.881984055 0.471191466 -0.00909983553 -0.902219713 0.416209102 0.113002472 -0.871340752 0.423619807 0.247611597 -0.881984055 0.471191466 -0.00909983553 -0.958138406 0.196307868 0.208408341 -0.985476971 0.168996051 0.0165996123 -0.955691576 -0.238097906 0.173098475 -0.958138406 0.196307868 0.208408341 -0.961798489 -0.26949957 0.0480999239 -0.985476971 0.168996051 0.0165996123 -0.8860479 -0.44147405 0.141491681 -0.888056278 -0.459277391 0.020498991 -0.955691576 -0.238097906 0.173098475 -0.961798489 -0.26949957 0.0480999239 -0.8860479 -0.44147405 0.141491681 -0.888056278 -0.459277391 0.020498991 -0.952826917 -0.199305639 0.228906468 -0.964669168 -0.263391584 0.00619980227 -0.813987792 0.445893288 0.372294396 -0.952826917 -0.199305639 0.228906468 -0.964669168 -0.263391584 0.00619980227 -0.982524514 0.156603903 0.1006025 -0.902219713 0.416209102 0.113002472 -0.911643505 -0.110605285 0.395818889 -0.924118876 -0.346807092 -0.160403281 -0.942964494 0.317988008 0.0984962881 -0.872426152 0.401212037 0.279108375 -0.881984055 0.471191466 -0.00909983553 -0.902219713 0.416209102 0.113002472 -0.942964494 0.317988008 0.0984962881 -0.872426152 0.401212037 0.279108375 -0.879072666 0.196093902 0.434486479 -0.881984055 0.471191466 -0.00909983553 -0.985476971 0.168996051 0.0165996123 -0.87261337 -0.0484007411 0.486007452 -0.879072666 0.196093902 0.434486479 -0.961798489 -0.26949957 0.0480999239 -0.985476971 0.168996051 0.0165996123 -0.87261337 -0.0484007411 0.486007452 -0.887387693 -0.144498006 0.43779394 -0.888056278 -0.459277391 0.020498991 -0.961798489 -0.26949957 0.0480999239 -0.887387693 -0.144498006 0.43779394 -0.888056278 -0.459277391 0.020498991 -0.928408444 -0.040900372 0.369303375 -0.964669168 -0.263391584 0.00619980227 -0.928408444 -0.040900372 0.369303375 -0.937770128 0.0107996566 0.347088933 -0.964669168 -0.263391584 0.00619980227 -0.982524514 0.156603903 0.1006025 -0.482723147 -0.8426404 0.238611445 -0.640106916 -0.66240716 0.389204204 -0.726086378 -0.669487357 0.156797051 -0.794578016 -0.514185727 0.322891057 -0.726086378 -0.669487357 0.156797051 -0.794578016 -0.514185727 0.322891057 -0.912207782 -0.39070338 0.123401061 -0.91390121 -0.306900412 0.26570037 -0.912207782 -0.39070338 0.123401061 -0.91390121 -0.306900412 0.26570037 -0.975181997 0.0311994236 0.219195947 -0.992019594 0.02680053 0.123202436 -0.864646435 0.486169875 0.126592144 -0.879631579 0.440115809 0.180406466 -0.975181997 0.0311994236 0.219195947 -0.992019594 0.02680053 0.123202436 -0.586177289 0.800868928 0.122495256 -0.655189633 0.73808831 0.161097452 -0.864646435 0.486169875 0.126592144 -0.879631579 0.440115809 0.180406466 -0.370304286 0.919310689 0.133201554 -0.521197855 0.83169657 0.191399202 -0.586177289 0.800868928 0.122495256 -0.655189633 0.73808831 0.161097452 -0.233102977 0.958812296 0.162302092 -0.370304286 0.919310689 0.133201554 -0.438019454 0.862538338 0.253311247 -0.521197855 0.83169657 0.191399202 -0.640106916 -0.66240716 0.389204204 -0.728964269 -0.679166734 -0.0856957957 -0.794578016 -0.514185727 0.322891057 -0.862023234 -0.502313554 -0.0678018257 -0.794578016 -0.514185727 0.322891057 -0.862023234 -0.502313554 -0.0678018257 -0.91390121 -0.306900412 0.26570037 -0.953588068 -0.297296286 -0.047799401 -0.91390121 -0.306900412 0.26570037 -0.953588068 -0.297296286 -0.047799401 -0.975181997 0.0311994236 0.219195947 -0.999310613 0.0266002826 -0.0259002764 -0.879631579 0.440115809 0.180406466 -0.907422245 0.420110285 -0.00960023608 -0.975181997 0.0311994236 0.219195947 -0.999310613 0.0266002826 -0.0259002764 -0.655189633 0.73808831 0.161097452 -0.7071051 0.7071051 -0.00220001582 -0.879631579 0.440115809 0.180406466 -0.907422245 0.420110285 -0.00960023608 -0.521197855 0.83169657 0.191399202 -0.62267679 0.782470942 0.00359986606 -0.655189633 0.73808831 0.161097452 -0.7071051 0.7071051 -0.00220001582 -0.438019454 0.862538338 0.253311247 -0.521197855 0.83169657 0.191399202 -0.540402114 0.841403246 -0.00250000949 -0.62267679 0.782470942 0.00359986606 -0.707071006 -0.706871033 0.0195991974 -0.728964269 -0.679166734 -0.0856957957 -0.862023234 -0.502313554 -0.0678018257 -0.878787398 -0.476993173 0.0144997919 -0.862023234 -0.502313554 -0.0678018257 -0.878787398 -0.476993173 0.0144997919 -0.953588068 -0.297296286 -0.047799401 -0.975359499 -0.216391027 -0.042998217 -0.953588068 -0.297296286 -0.047799401 -0.975359499 -0.216391027 -0.042998217 -0.985247791 0.120005816 -0.122005925 -0.999310613 0.0266002826 -0.0259002764 -0.86672312 0.466212451 -0.177304745 -0.907422245 0.420110285 -0.00960023608 -0.985247791 0.120005816 -0.122005925 -0.999310613 0.0266002826 -0.0259002764 -0.691286027 0.69638598 -0.192796111 -0.7071051 0.7071051 -0.00220001582 -0.86672312 0.466212451 -0.177304745 -0.907422245 0.420110285 -0.00960023608 -0.62267679 0.782470942 0.00359986606 -0.650185108 0.73668313 -0.185895741 -0.691286027 0.69638598 -0.192796111 -0.7071051 0.7071051 -0.00220001582 -0.516986012 0.838577271 -0.171795353 -0.540402114 0.841403246 -0.00250000949 -0.62267679 0.782470942 0.00359986606 -0.650185108 0.73668313 -0.185895741 -0.631400108 -0.74240011 -0.224000052 -0.707071006 -0.706871033 0.0195991974 -0.858632088 -0.481317967 -0.176306576 -0.878787398 -0.476993173 0.0144997919 -0.858632088 -0.481317967 -0.176306576 -0.878787398 -0.476993173 0.0144997919 -0.975359499 -0.216391027 -0.042998217 -0.980519295 -0.146802887 -0.130502567 -0.975359499 -0.216391027 -0.042998217 -0.976276278 0.198195189 -0.0871978775 -0.980519295 -0.146802887 -0.130502567 -0.985247791 0.120005816 -0.122005925 -0.86672312 0.466212451 -0.177304745 -0.885975182 0.462787032 -0.0295991711 -0.976276278 0.198195189 -0.0871978775 -0.985247791 0.120005816 -0.122005925 -0.691286027 0.69638598 -0.192796111 -0.812021434 0.580915332 0.0562014841 -0.86672312 0.466212451 -0.177304745 -0.885975182 0.462787032 -0.0295991711 -0.650185108 0.73668313 -0.185895741 -0.691286027 0.69638598 -0.192796111 -0.81060636 0.565304458 0.152801201 -0.812021434 0.580915332 0.0562014841 -0.516986012 0.838577271 -0.171795353 -0.540188789 0.821182966 0.183996186 -0.650185108 0.73668313 -0.185895741 -0.81060636 0.565304458 0.152801201 -0.372293562 -0.928083956 0.00759986881 -0.631400108 -0.74240011 -0.224000052 -0.71384269 -0.673440218 0.192111492 -0.858632088 -0.481317967 -0.176306576 -0.71384269 -0.673440218 0.192111492 -0.858632088 -0.481317967 -0.176306576 -0.920973957 -0.263192564 0.287291884 -0.980519295 -0.146802887 -0.130502567 -0.920973957 -0.263192564 0.287291884 -0.946557283 0.129294157 0.295486659 -0.976276278 0.198195189 -0.0871978775 -0.980519295 -0.146802887 -0.130502567 -0.883687139 0.388894349 0.260496229 -0.885975182 0.462787032 -0.0295991711 -0.946557283 0.129294157 0.295486659 -0.976276278 0.198195189 -0.0871978775 -0.812021434 0.580915332 0.0562014841 -0.859676838 0.459887594 0.222394004 -0.883687139 0.388894349 0.260496229 -0.885975182 0.462787032 -0.0295991711 -0.81060636 0.565304458 0.152801201 -0.812021434 0.580915332 0.0562014841 -0.859676838 0.459887594 0.222394004 -0.889701188 0.406100571 0.208600283 -0.540188789 0.821182966 0.183996186 -0.681919098 0.682119071 0.26400739 -0.81060636 0.565304458 0.152801201 -0.889701188 0.406100571 0.208600283 -0.064001292 -0.997920096 0.00770015502 -0.372293562 -0.928083956 0.00759986881 -0.472210526 -0.874519467 0.110602468 -0.71384269 -0.673440218 0.192111492 -0.472210526 -0.874519467 0.110602468 -0.71384269 -0.673440218 0.192111492 -0.846310496 -0.475205898 0.240702987 -0.920973957 -0.263192564 0.287291884 -0.846310496 -0.475205898 0.240702987 -0.920973957 -0.263192564 0.287291884 -0.946557283 0.129294157 0.295486659 -0.951559722 0.0310986824 0.305887073 -0.861822426 0.409410626 0.29940778 -0.883687139 0.388894349 0.260496229 -0.946557283 0.129294157 0.295486659 -0.951559722 0.0310986824 0.305887073 -0.781578183 0.564584255 0.265292615 -0.859676838 0.459887594 0.222394004 -0.861822426 0.409410626 0.29940778 -0.883687139 0.388894349 0.260496229 -0.781578183 0.564584255 0.265292615 -0.844498873 0.490199357 0.215699717 -0.859676838 0.459887594 0.222394004 -0.889701188 0.406100571 0.208600283 -0.681919098 0.682119071 0.26400739 -0.7632882 0.626390278 0.158197537 -0.844498873 0.490199357 0.215699717 -0.889701188 0.406100571 0.208600283 -0.064001292 -0.997920096 0.00770015502 -0.119494058 -0.980851233 -0.153792351 -0.433200926 -0.849301875 -0.301700652 -0.472210526 -0.874519467 0.110602468 -0.433200926 -0.849301875 -0.301700652 -0.472210526 -0.874519467 0.110602468 -0.755788088 -0.496792197 -0.426593304 -0.846310496 -0.475205898 0.240702987 -0.755788088 -0.496792197 -0.426593304 -0.846310496 -0.475205898 0.240702987 -0.879389644 -0.0338996015 -0.474894404 -0.951559722 0.0310986824 0.305887073 -0.808290005 0.359495521 -0.466294229 -0.861822426 0.409410626 0.29940778 -0.879389644 -0.0338996015 -0.474894404 -0.951559722 0.0310986824 0.305887073 -0.692335069 0.554928064 -0.461223334 -0.781578183 0.564584255 0.265292615 -0.808290005 0.359495521 -0.466294229 -0.861822426 0.409410626 0.29940778 -0.692335069 0.554928064 -0.461223334 -0.714190722 0.508693397 -0.480793744 -0.781578183 0.564584255 0.265292615 -0.844498873 0.490199357 0.215699717 -0.675018251 0.560815156 -0.479412943 -0.714190722 0.508693397 -0.480793744 -0.7632882 0.626390278 0.158197537 -0.844498873 0.490199357 0.215699717 -0.42468673 0.84907347 0.314190209 -0.410912365 0.836025178 0.363610923 -0.334591895 0.870478988 0.360991269 -0.163096577 0.936180353 0.31139347 0.145298511 0.964390099 0.220997736 0.169395387 0.980773211 0.0968973562 -0.181692228 0.982057989 -0.0504978411 -0.557895064 0.812292874 0.170098498 -0.471104622 0.862608433 0.184301808 -0.255790114 0.95306319 0.161993742 -0.0313015506 0.995349288 0.0911045149 0.211397752 0.977289617 0.0146998446 0.336085796 0.941560149 -0.0225990452 0.209400088 0.975700438 -0.0645000264 -0.546813548 0.82842052 -0.121303 -0.471728653 0.870052874 -0.143108681 -0.216293707 0.963671982 -0.15669544 0.06570182 0.98272717 -0.173004776 0.270689785 0.941064417 -0.202792346 0.375488997 0.89847368 -0.227493331 0.373788565 0.896672547 -0.237192735 -0.412595391 0.90828979 -0.0690992251 -0.426692307 0.895883858 -0.123797774 -0.311105818 0.942717612 -0.120402239 -0.04179883 0.997772038 -0.0519985445 0.239404619 0.970918775 0.001500029 0.403403938 0.915008903 -0.00490004756 0.414802521 0.909305573 -0.0332002006 -0.312397331 0.916192114 0.250997841 -0.34350127 0.911603391 0.225800842 -0.341616541 0.919044495 0.196609527 -0.11299406 0.981448412 0.154891863 0.238286301 0.96774441 0.0817952976 0.468928337 0.883153379 0.012100731 0.516183257 0.855472267 -0.0414986536 -0.331010997 0.91653043 0.224507466 -0.185892597 0.968361437 0.166493371 -0.100397475 0.994174957 0.0391990133 0.0920985863 0.990984738 -0.0972985029 0.336512297 0.921833754 -0.19230704 0.452592224 0.871285021 -0.189796731 0.461289108 0.881379187 -0.10189759 -0.328994155 0.923683584 -0.196396515 -0.0192004293 0.972021699 -0.234105214 0.18419458 0.937672377 -0.294691324 0.276699364 0.903898001 -0.326199263 0.228790447 0.935660958 -0.268688798 0.118202031 0.985316992 -0.123202123 0.107799046 0.992091238 0.0642994344 0.306086481 0.735967457 -0.603873312 0.444718152 0.512820899 -0.734329998 0.449096024 0.376696676 -0.810192823 0.477796584 0.102299273 -0.872493744 0.486683518 -0.335288644 -0.806672692 0.402700245 -0.688200414 -0.603500366 0.250503778 -0.888613403 -0.384205788 0.359705538 0.765911818 -0.532908142 0.551996887 0.54429698 -0.631696463 0.631173551 0.451381058 -0.630773544 0.727365434 0.24748823 -0.640069544 0.7730968 -0.19949916 -0.602097511 0.610505998 -0.655106485 -0.44510442 0.296891779 -0.919874549 -0.256292909 0.518726349 0.782539785 -0.344317496 0.589434028 0.70604068 -0.392522663 0.645880044 0.653679788 -0.394387811 0.796682358 0.448190063 -0.405490994 0.926619828 -0.00830017775 -0.375908047 0.833000481 -0.515000284 -0.202200115 0.543209434 -0.837414563 0.0605010502 0.528714716 0.84692359 -0.0564015731 0.594897091 0.802496076 -0.0457997769 0.692592442 0.719992161 -0.0438995212 0.886221945 0.452711195 -0.0983024314 0.986588955 0.0393995568 -0.158398226 0.923465312 -0.353486747 -0.149194404 0.751893222 -0.656494021 -0.0605994537 0.440100819 0.894501686 -0.0786001384 0.552298486 0.828697741 -0.0906997547 0.765530646 0.628925204 -0.135705441 0.944466054 0.265090466 -0.194193006 0.962183714 -0.116998017 -0.245995849 0.871082902 -0.39689219 -0.289294302 0.745792985 -0.58849448 -0.312197059 0.479492515 0.876386285 -0.0450992957 0.606204212 0.788805485 -0.101500705 0.787981749 0.58858639 -0.180695832 0.946710527 0.223102495 -0.232302591 0.961890459 -0.154798463 -0.225397766 0.885380268 -0.425290525 -0.187695816 0.783626854 -0.603220701 -0.148505092 0.564278662 0.800869703 0.200492427 0.758123994 0.631819963 0.161405116 0.88855654 0.446778148 0.104194902 0.98608321 0.158397302 0.0504991412 0.987374008 -0.15799585 0.0113997003 0.910254896 -0.413824975 -0.0136008207 0.80579102 -0.591593385 -0.0267996993 0.102303304 -0.845727324 0.523716867 0.310301274 -0.672202766 0.672202766 0.303298801 -0.801996827 0.514597952 0.221599728 -0.868498981 0.443399459 0.286904901 -0.711712122 0.641210914 0.244698659 -0.841595411 0.481497347 0.102297075 -0.890174568 0.44398731 0.138897955 -0.891986966 0.430193692 0.242601544 -0.73420471 0.634104073 0.125903338 -0.767620325 0.628416657 -0.125692308 -0.866847038 0.482470483 -0.0987023041 -0.778118134 0.620314479 0.0599992536 -0.830289662 0.554093122 0.0728998259 -0.894097865 0.441898972 0.118101321 -0.902810097 0.41350463 0.139601126 -0.786806405 0.601204872 0.110898502 -0.700190604 0.705290496 -0.146106541 -0.800735831 0.580926001 -0.225793585 -0.813076913 0.536584795 0.0281986054 -0.863957286 0.502775133 0.1497944 -0.882366955 0.446083307 0.0428016037 -0.885733128 0.462217301 0.0318998657 -0.829296529 0.557897687 0.20200254 -0.697908759 0.687108636 0.139705628 -0.714228809 0.685827672 -0.0136000887 -0.860005617 0.510103345 0.0984986797 -0.913387775 0.394994736 0.181096151 -0.865681648 0.466690093 0.0378004722 -0.857910752 0.512406409 -0.0325019285 -0.841849983 0.538731992 0.143906102 -0.796233654 0.587624848 0.381299943 -0.642999947 0.664199948 0.369605631 -0.785411954 0.496507555 0.290896833 -0.895590305 0.33659634 0.17380026 -0.844001174 0.507400692 -0.00330006843 -0.849417627 0.527710974 -0.101903491 -0.804227531 0.585520089 -0.134094879 -0.85576725 0.499680877 0.198107734 -0.785330653 0.586522877 0.50187993 -0.719271183 0.480380744 0.411715716 -0.821731329 0.394015014 0.151301295 -0.801306844 0.57880497 -0.198810071 -0.828741968 0.523126543 -0.176397443 -0.767588854 0.61619103 -0.222191244 -0.832767129 0.507079959 -0.151201084 -0.875106335 0.459703296 0.127800226 -0.856601536 0.499900907 0.14130272 -0.824715853 0.547610521 -0.0214002244 -0.752707839 0.658006847 0.527906835 -0.837210894 0.142801866 0.623101711 -0.776002169 -0.0978002772 0.68037957 -0.687179387 0.254692346 0.742691994 -0.658992887 -0.118898727 0.151393861 -0.988159955 -0.024898991 0.276792973 -0.958175659 -0.0726981536 0.527906835 -0.837210894 0.142801866 0.623101711 -0.776002169 -0.0978002772 0.151393861 -0.988159955 -0.024898991 0.276792973 -0.958175659 -0.0726981536 -0.17619954 -0.983597457 -0.0385999009 -0.246101946 -0.955507576 -0.162601292 -0.17619954 -0.983597457 -0.0385999009 -0.246101946 -0.955507576 -0.162601292 -0.353983372 -0.912957132 -0.202990457 -0.391694009 -0.91998595 -0.0141997831 -0.0948043242 -0.988345087 -0.119105428 -0.353983372 -0.912957132 -0.202990457 -0.370605141 -0.927512884 0.0487006791 -0.391694009 -0.91998595 -0.0141997831 -0.0466019809 -0.996242344 0.0730030984 -0.0948043242 -0.988345087 -0.119105428 -0.310610652 -0.939132214 0.146805033 -0.370605141 -0.927512884 0.0487006791 -0.0466019809 -0.996242344 0.0730030984 -0.2873936 -0.930379272 0.227594927 -0.310610652 -0.939132214 0.146805033 -0.316701978 -0.934605777 0.161900997 0.341096073 -0.9323892 -0.119598612 0.527906835 -0.837210894 0.142801866 0.566889882 -0.823785305 -0.00369993388 0.68037957 -0.687179387 0.254692346 0.151393861 -0.988159955 -0.024898991 0.341096073 -0.9323892 -0.119598612 0.527906835 -0.837210894 0.142801866 -0.0043998491 -0.984166205 -0.177193925 0.151393861 -0.988159955 -0.024898991 -0.0043998491 -0.984166205 -0.177193925 -0.246101946 -0.955507576 -0.162601292 -0.270003408 -0.95571202 -0.117101476 -0.224007919 -0.973834395 0.0383013524 -0.246101946 -0.955507576 -0.162601292 -0.270003408 -0.95571202 -0.117101476 -0.353983372 -0.912957132 -0.202990457 0.101904921 -0.981447458 0.16240786 -0.0948043242 -0.988345087 -0.119105428 -0.224007919 -0.973834395 0.0383013524 -0.353983372 -0.912957132 -0.202990457 0.03050052 -0.988016844 0.151302576 0.101904921 -0.981447458 0.16240786 -0.0466019809 -0.996242344 0.0730030984 -0.0948043242 -0.988345087 -0.119105428 0.03050052 -0.988016844 0.151302576 -0.0466019809 -0.996242344 0.0730030984 -0.2873936 -0.930379272 0.227594927 -0.34561497 -0.938040614 0.0251010861 0.201000363 -0.926401675 -0.318400562 0.341096073 -0.9323892 -0.119598612 0.406794965 -0.882989049 -0.234197095 0.566889882 -0.823785305 -0.00369993388 0.0306008831 -0.948827386 -0.314309061 0.201000363 -0.926401675 -0.318400562 0.341096073 -0.9323892 -0.119598612 -0.0043998491 -0.984166205 -0.177193925 0.0306008831 -0.948827386 -0.314309061 -0.0043998491 -0.984166205 -0.177193925 -0.0310005005 -0.988515973 -0.147902384 -0.270003408 -0.95571202 -0.117101476 0.120099857 -0.983498812 0.135299832 -0.0310005005 -0.988515973 -0.147902384 -0.224007919 -0.973834395 0.0383013524 -0.270003408 -0.95571202 -0.117101476 0.101904921 -0.981447458 0.16240786 0.120099857 -0.983498812 0.135299832 0.153903827 -0.945423543 0.287207156 -0.224007919 -0.973834395 0.0383013524 0.03050052 -0.988016844 0.151302576 0.101904921 -0.981447458 0.16240786 0.153903827 -0.945423543 0.287207156 -0.173998788 -0.952693403 0.249198273 0.03050052 -0.988016844 0.151302576 -0.173998788 -0.952693403 0.249198273 -0.34561497 -0.938040614 0.0251010861 -0.635487735 -0.769285142 0.0659987256 0.0698024333 -0.984334409 -0.161905661 0.201000363 -0.926401675 -0.318400562 0.292507917 -0.956025839 -0.0213005748 0.406794965 -0.882989049 -0.234197095 0.0306008831 -0.948827386 -0.314309061 0.0617973767 -0.968358934 -0.241789728 0.0698024333 -0.984334409 -0.161905661 0.201000363 -0.926401675 -0.318400562 0.0306008831 -0.948827386 -0.314309061 0.0617973767 -0.968358934 -0.241789728 0.22650589 -0.956624866 -0.18320477 -0.0310005005 -0.988515973 -0.147902384 0.120099857 -0.983498812 0.135299832 0.22650589 -0.956624866 -0.18320477 0.418088347 -0.908374667 -0.00759978825 -0.0310005005 -0.988515973 -0.147902384 0.120099857 -0.983498812 0.135299832 0.153903827 -0.945423543 0.287207156 0.239289388 -0.955557644 0.172192365 0.418088347 -0.908374667 -0.00759978825 0.153903827 -0.945423543 0.287207156 0.239289388 -0.955557644 0.172192365 -0.173998788 -0.952693403 0.249198273 -0.262809664 -0.914833605 0.30661127 -0.173998788 -0.952693403 0.249198273 -0.262809664 -0.914833605 0.30661127 -0.635487735 -0.769285142 0.0659987256 -0.699088991 -0.608690381 0.375194103 0.0698024333 -0.984334409 -0.161905661 0.233204961 -0.87761867 0.418808907 0.292507917 -0.956025839 -0.0213005748 -0.114798315 -0.968585789 0.220596761 0.0617973767 -0.968358934 -0.241789728 0.0698024333 -0.984334409 -0.161905661 -0.0774006695 -0.996508598 0.0313002728 -0.114798315 -0.968585789 0.220596761 0.0617973767 -0.968358934 -0.241789728 0.22650589 -0.956624866 -0.18320477 0.247108191 -0.962631881 -0.110803671 -0.0774006695 -0.996508598 0.0313002728 0.22650589 -0.956624866 -0.18320477 0.247108191 -0.962631881 -0.110803671 0.418088347 -0.908374667 -0.00759978825 0.529800355 -0.838300586 -0.128700092 0.239289388 -0.955557644 0.172192365 0.37409091 -0.927377462 -0.00519987335 0.418088347 -0.908374667 -0.00759978825 0.529800355 -0.838300586 -0.128700092 0.239289388 -0.955557644 0.172192365 0.37409091 -0.927377462 -0.00519987335 -0.130805105 -0.950837195 0.280710965 -0.262809664 -0.914833605 0.30661127 -0.130805105 -0.950837195 0.280710965 -0.262809664 -0.914833605 0.30661127 -0.539224863 -0.644129753 0.542525053 -0.699088991 -0.608690381 0.375194103 0.233204961 -0.87761867 0.418808907 0.241096199 -0.854886532 0.459392756 -0.114798315 -0.968585789 0.220596761 -0.217805579 -0.91522342 0.339008659 -0.0774006695 -0.996508598 0.0313002728 -0.114798315 -0.968585789 0.220596761 -0.217805579 -0.91522342 0.339008659 -0.228202343 -0.933909595 0.275202841 0.113396481 -0.970669925 0.211993426 0.247108191 -0.962631881 -0.110803671 -0.0774006695 -0.996508598 0.0313002728 -0.228202343 -0.933909595 0.275202841 0.113396481 -0.970669925 0.211993426 0.247108191 -0.962631881 -0.110803671 0.50062716 -0.863446832 0.0619033575 0.529800355 -0.838300586 -0.128700092 0.37409091 -0.927377462 -0.00519987335 0.418703109 -0.907706738 -0.0275002029 0.50062716 -0.863446832 0.0619033575 0.529800355 -0.838300586 -0.128700092 0.030698793 -0.997360766 0.0657974184 0.37409091 -0.927377462 -0.00519987335 0.418703109 -0.907706738 -0.0275002029 -0.130805105 -0.950837195 0.280710965 0.030698793 -0.997360766 0.0657974184 -0.130805105 -0.950837195 0.280710965 -0.360691071 -0.871178448 0.333091736 -0.539224863 -0.644129753 0.542525053 0.241096199 -0.854886532 0.459392756 0.269401282 -0.953504443 -0.135100648 -0.0964016095 -0.987116456 -0.127702132 -0.217805579 -0.91522342 0.339008659 -0.0964016095 -0.987116456 -0.127702132 -0.109199375 -0.991594315 0.0693996027 -0.217805579 -0.91522342 0.339008659 -0.228202343 -0.933909595 0.275202841 0.0645987764 -0.971281588 0.228995666 0.113396481 -0.970669925 0.211993426 -0.109199375 -0.991594315 0.0693996027 -0.228202343 -0.933909595 0.275202841 0.0645987764 -0.971281588 0.228995666 0.113396481 -0.970669925 0.211993426 0.299687445 -0.953860044 0.0183992311 0.50062716 -0.863446832 0.0619033575 0.286692232 -0.92127496 -0.262792856 0.299687445 -0.953860044 0.0183992311 0.418703109 -0.907706738 -0.0275002029 0.50062716 -0.863446832 0.0619033575 0.030698793 -0.997360766 0.0657974184 0.125698134 -0.937186182 -0.325395197 0.286692232 -0.92127496 -0.262792856 0.418703109 -0.907706738 -0.0275002029 0.030698793 -0.997360766 0.0657974184 0.125698134 -0.937186182 -0.325395197 -0.35369125 -0.867978454 -0.348591357 -0.360691071 -0.871178448 0.333091736 0.739529669 0.666126728 0.0968038812 0.867644191 0.494725198 0.0494025163 0.944409788 0.327803403 0.0252002608 0.998928189 0.0426012017 0.0181005131 0.969290257 -0.244297549 0.0281997174 0.879989088 -0.471994162 0.0532993414 0.779556513 -0.621765316 0.075495787 0.727406681 0.605805516 0.322302938 0.85632515 0.425612509 0.292508572 0.923088968 0.282096624 0.261396885 0.969875038 0.0411989391 0.240093812 0.950405478 -0.209901214 0.229501322 0.875280797 -0.429290593 0.222695112 0.76202786 -0.613022387 0.208607629 0.82720983 0.560206652 -0.0435005166 0.935616851 0.34100613 -0.0913016498 0.9720999 0.21039997 -0.103699982 0.996812761 0.00870011188 -0.0793010145 0.969015896 -0.243504003 -0.0414006822 0.878688157 -0.476893574 -0.0218997058 0.737515271 -0.674613953 -0.0311006419 0.895192206 0.372496754 -0.244697869 0.926450312 0.221588105 -0.304283679 0.92551446 0.207503244 -0.316804975 0.957491219 0.0922991484 -0.273297489 0.966416538 -0.167602867 -0.194803342 0.886420846 -0.446210533 -0.123102896 0.733374357 -0.674776435 -0.0826971084 0.940446913 0.31931594 0.116605818 0.970802784 0.209800601 0.116300337 0.960236788 0.265610188 0.0860032961 0.968634903 0.238008589 0.0714025795 0.993412614 0.0452005751 0.105301335 0.953181446 -0.240895316 0.182796448 0.805937469 -0.536524892 0.250211626 0.850109279 0.42080459 0.316603452 0.90950489 0.18790102 0.370801985 0.95113337 0.107103765 0.289610177 0.982196629 0.119799584 0.144699499 0.985089779 0.115398802 0.127598673 0.964960039 0.00199991744 0.262389153 0.855512023 -0.268203795 0.442906231 0.874216616 0.469008923 0.125602379 0.994291008 0.088099204 0.0601994544 0.982210279 -0.176101834 -0.065200679 0.970345736 -0.124305859 -0.207309768 0.970783532 0.0163997225 -0.239395946 0.985977888 0.118697338 -0.117297366 0.975587189 0.0134998234 0.219197124 -0.542598128 0.821197152 0.176699385 -0.281787634 0.940558732 0.189591691 0.0364010707 0.974228561 0.222606525 0.183006167 0.945931852 0.267809033 0.0612032153 0.954850137 0.290715247 -0.083201535 0.963617742 0.254004687 -0.00790006947 0.979208708 0.202701807 -0.423808336 0.9054178 0.0246004835 -0.264703155 0.960111439 -0.0901010707 -0.0777980611 0.992375255 -0.0955976173 -0.00220004632 0.999221087 0.0394008309 -0.0551994257 0.971789956 0.229297623 -0.067901127 0.940015554 0.334305555 0.0710015222 0.931819975 0.355907619 -0.172894314 0.960468411 -0.218192816 -0.133102983 0.942321062 -0.307106853 -0.216298893 0.935495257 -0.279398561 -0.334510177 0.937028408 -0.100403048 -0.336407334 0.931520283 0.13820301 -0.109896973 0.961573541 0.251593083 0.230694398 0.954176843 0.190595359 -0.018400481 0.999826193 -0.00300007849 -0.055899106 0.997484088 -0.0435993038 -0.300182462 0.951644361 -0.065296188 -0.525181592 0.850270212 -0.0349987745 -0.489796162 0.871193171 0.0334997363 -0.0822033957 0.994641125 0.0627025962 0.419399202 0.90779829 -0.00259999512 -0.0480014384 0.93282789 0.357110709 0.0626995265 0.952692747 0.297397733 -0.154293627 0.975359619 0.157693475 -0.452391595 0.890683413 -0.0449991636 -0.457297444 0.869795084 -0.185298949 -0.0649021566 0.978532493 -0.1956065 0.444193006 0.890186012 -0.101298407 -0.248613596 0.89944917 0.359419644 0.15960148 0.932808638 0.323102981 0.178897589 0.976186812 0.122698344 -0.133098438 0.972288489 -0.19219774 -0.288794994 0.863685071 -0.413092852 -0.0976040065 0.890336514 -0.444718271 0.21790956 0.943641424 -0.249110937 -0.349700689 0.935701847 0.0466000922 0.118796572 0.992471397 0.0297991391 0.327913016 0.94123739 0.0809032097 0.0966961831 0.995260715 0.0102995941 -0.154797748 0.981485784 -0.112798363 -0.188995644 0.966077745 -0.175995946 -0.183089852 0.979745686 -0.0810955092 0.0421003699 0.483904243 -0.874107659 0.0332988165 0.408685476 -0.912067592 0.00879989192 0.217197329 -0.976088047 0.108598441 0.134198084 -0.984985948 0.00999989733 0.246897474 -0.968990028 -0.181702211 0.468805671 -0.86441046 -0.0387983285 0.665971279 -0.744967878 0.018699877 0.495696753 -0.868294299 0.195006236 0.424813598 -0.884028316 0.147907421 0.25051257 -0.956748068 0.0662985966 0.193895906 -0.978779376 -0.155407369 0.280313283 -0.947244942 -0.337991685 0.403890073 -0.850079119 -0.10260202 0.594911695 -0.7972157 -0.00859960169 0.382882237 -0.923757136 0.275211871 0.417418003 -0.866037309 0.199588865 0.400377661 -0.894350111 -0.0181997288 0.40959388 -0.912086427 -0.267204106 0.421406478 -0.866613328 -0.391009986 0.403710306 -0.827121079 -0.123103239 0.501213253 -0.85652262 -0.0801010579 0.240603179 -0.967312753 0.198809981 0.414120793 -0.888244629 0.128501445 0.572306454 -0.809909046 -0.0960998684 0.62609911 -0.773798883 -0.272486359 0.574171245 -0.772061288 -0.340403169 0.44760415 -0.826907635 -0.102198042 0.436291635 -0.893982828 -0.162000075 0.132900059 -0.977800429 -0.00850028731 0.357612103 -0.933831513 -0.0257999692 0.620099306 -0.784099042 -0.140701085 0.709705472 -0.690305293 -0.191297606 0.660891712 -0.725690961 -0.223995954 0.514390707 -0.827784956 -0.0598995797 0.439396888 -0.8962937 -0.167597547 0.101798512 -0.980585635 -0.214506596 0.223406866 -0.950829268 -0.172101542 0.451904058 -0.875307858 -0.149505123 0.560819209 -0.814327896 -0.0991987288 0.565892756 -0.818489432 -0.108599275 0.49549669 -0.861794233 -0.0167003013 0.450508147 -0.892616093 -0.0965045765 0.131206214 -0.986646712 -0.278096169 0.0860988051 -0.956686795 -0.176399127 0.087799564 -0.980395138 -0.0836983323 0.0881982446 -0.992580235 -0.0171997584 0.11439839 -0.993286073 -0.0209005307 0.149603799 -0.988525093 0.0784017071 0.111902438 -0.990621567 0.0909990445 0.105098896 0.990289629 -0.00999976601 -0.225994721 0.974077225 -0.181206807 -0.0040001506 0.983436942 -0.290896744 -0.252297163 0.92288965 -0.00999976601 -0.225994721 0.974077225 -0.01210023 -0.209103972 0.977818608 -0.290896744 -0.252297163 0.92288965 -0.321684211 -0.241788119 0.915455043 0.00720023457 -0.165805414 0.986132145 -0.01210023 -0.209103972 0.977818608 -0.321684211 -0.241788119 0.915455043 -0.377887934 -0.223092884 0.898571253 0.00720023457 -0.165805414 0.986132145 0.0188004337 -0.212304905 0.977022588 -0.377887934 -0.223092884 0.898571253 -0.441307306 -0.243404031 0.863714278 0.0188004337 -0.212304905 0.977022588 -0.0189991519 -0.414481521 0.909859419 -0.441307306 -0.243404031 0.863714278 -0.457077771 -0.349782974 0.817760229 -0.0189991519 -0.414481521 0.909859419 -0.130003542 -0.714819491 0.687118769 -0.385004938 -0.535306871 0.751809657 -0.457077771 -0.349782974 0.817760229 -0.130003542 -0.714819491 0.687118769 -0.209997311 -0.717090905 0.664591551 -0.23789303 -0.934472561 0.26489222 -0.385004938 -0.535306871 0.751809657 0.0909990445 0.105098896 0.990289629 0.159198359 -0.0904990658 0.983089924 0.272393882 0.139096886 0.95207864 -0.00999976601 -0.225994721 0.974077225 0.0963965058 -0.0963965058 0.990664124 0.159198359 -0.0904990658 0.983089924 -0.00999976601 -0.225994721 0.974077225 -0.01210023 -0.209103972 0.977818608 0.00720023457 -0.165805414 0.986132145 0.0420007221 -0.096801661 0.994417071 0.0963965058 -0.0963965058 0.990664124 -0.01210023 -0.209103972 0.977818608 0.00720023457 -0.165805414 0.986132145 0.0188004337 -0.212304905 0.977022588 0.0420007221 -0.096801661 0.994417071 -0.0249996837 -0.201897457 0.979087591 0.0188004337 -0.212304905 0.977022588 -0.0189991519 -0.414481521 0.909859419 -0.0249996837 -0.201897457 0.979087591 -0.088402994 -0.387713134 0.917531133 -0.0189991519 -0.414481521 0.909859419 -0.088402994 -0.387713134 0.917531133 -0.130003542 -0.714819491 0.687118769 -0.135097131 -0.554888129 0.820882499 -0.130003542 -0.714819491 0.687118769 -0.135097131 -0.554888129 0.820882499 -0.217494845 -0.796981096 0.563486636 -0.23789303 -0.934472561 0.26489222 0.0498988405 0.115297318 0.992076933 0.159198359 -0.0904990658 0.983089924 0.183896318 0.390192181 0.902181923 0.272393882 0.139096886 0.95207864 0.0225000381 -0.0876001492 0.995901644 0.0498988405 0.115297318 0.992076933 0.0963965058 -0.0963965058 0.990664124 0.159198359 -0.0904990658 0.983089924 0.0225000381 -0.0876001492 0.995901644 0.0420007221 -0.096801661 0.994417071 0.0679973513 -0.225091219 0.971962094 0.0963965058 -0.0963965058 0.990664124 0.0420007221 -0.096801661 0.994417071 0.0679973513 -0.225091219 0.971962094 0.134203583 -0.354109436 0.925524652 -0.0249996837 -0.201897457 0.979087591 0.134203583 -0.354109436 0.925524652 0.182903975 -0.448009759 0.87511903 -0.0249996837 -0.201897457 0.979087591 -0.088402994 -0.387713134 0.917531133 0.182903975 -0.448009759 0.87511903 0.192005038 -0.468912303 0.862122595 -0.088402994 -0.387713134 0.917531133 -0.135097131 -0.554888129 0.820882499 0.145401508 -0.656806767 0.739907622 0.192005038 -0.468912303 0.862122595 -0.135097131 -0.554888129 0.820882499 -0.217494845 -0.796981096 0.563486636 0.0498988405 0.115297318 0.992076933 0.183896318 0.390192181 0.902181923 -0.00090002222 0.515612781 0.856821239 -0.0896968022 0.138695046 0.986264825 0.0225000381 -0.0876001492 0.995901644 0.0498988405 0.115297318 0.992076933 -0.0896968022 0.138695046 0.986264825 -0.203600109 -0.214800104 0.955200493 0.0225000381 -0.0876001492 0.995901644 0.0679973513 -0.225091219 0.971962094 -0.203600109 -0.214800104 0.955200493 -0.285395116 -0.466191977 0.837385654 0.0679973513 -0.225091219 0.971962094 0.134203583 -0.354109436 0.925524652 -0.285395116 -0.466191977 0.837385654 -0.326484889 -0.603972018 0.727066398 0.134203583 -0.354109436 0.925524652 0.182903975 -0.448009759 0.87511903 -0.322802335 -0.617704451 0.71710521 -0.326484889 -0.603972018 0.727066398 0.182903975 -0.448009759 0.87511903 0.192005038 -0.468912303 0.862122595 -0.26899913 -0.55649823 0.786097467 -0.322802335 -0.617704451 0.71710521 0.145401508 -0.656806767 0.739907622 0.192005038 -0.468912303 0.862122595 -0.221409455 -0.620826542 0.752032101 -0.26899913 -0.55649823 0.786097467 0.218397766 0.258897334 0.940890372 0.292090565 0.418486476 0.859972239 -0.00090002222 0.515612781 0.856821239 -0.0896968022 0.138695046 0.986264825 0.0939987972 -0.0643991828 0.993487298 0.218397766 0.258897334 0.940890372 -0.0896968022 0.138695046 0.986264825 -0.203600109 -0.214800104 0.955200493 0.0939987972 -0.0643991828 0.993487298 -0.0147000877 -0.394902349 0.918605506 -0.203600109 -0.214800104 0.955200493 -0.285395116 -0.466191977 0.837385654 -0.0147000877 -0.394902349 0.918605506 -0.0761006773 -0.578805149 0.811907232 -0.285395116 -0.466191977 0.837385654 -0.326484889 -0.603972018 0.727066398 -0.0761006773 -0.578805149 0.811907232 -0.119993977 -0.625968575 0.770561337 -0.322802335 -0.617704451 0.71710521 -0.326484889 -0.603972018 0.727066398 -0.119993977 -0.625968575 0.770561337 -0.17399776 -0.568192661 0.804289639 -0.26899913 -0.55649823 0.786097467 -0.322802335 -0.617704451 0.71710521 -0.17399776 -0.568192661 0.804289639 -0.221409455 -0.620826542 0.752032101 -0.257402629 -0.56680572 0.782607913 -0.26899913 -0.55649823 0.786097467 0.218397766 0.258897334 0.940890372 0.292090565 0.418486476 0.859972239 -0.0351015739 0.388117403 0.920941293 -0.0963948965 0.0912951678 0.991147518 0.0939987972 -0.0643991828 0.993487298 0.218397766 0.258897334 0.940890372 -0.0963948965 0.0912951678 0.991147518 -0.103695624 -0.210591123 0.972059011 0.0939987972 -0.0643991828 0.993487298 -0.0147000877 -0.394902349 0.918605506 -0.103695624 -0.210591123 0.972059011 -0.119796105 -0.434085876 0.892870903 -0.0147000877 -0.394902349 0.918605506 -0.0761006773 -0.578805149 0.811907232 -0.119796105 -0.434085876 0.892870903 -0.134498909 -0.566095412 0.813293397 -0.0761006773 -0.578805149 0.811907232 -0.109496996 -0.582284033 0.805577874 -0.119993977 -0.625968575 0.770561337 -0.134498909 -0.566095412 0.813293397 -0.0531991422 -0.525891542 0.848886371 -0.109496996 -0.582284033 0.805577874 -0.119993977 -0.625968575 0.770561337 -0.17399776 -0.568192661 0.804289639 -0.0326015763 -0.56222719 0.82633996 -0.0531991422 -0.525891542 0.848886371 -0.17399776 -0.568192661 0.804289639 -0.257402629 -0.56680572 0.782607913 0.0187999848 0.114899904 0.99319917 0.169700831 0.597503006 0.783703864 -0.0351015739 0.388117403 0.920941293 -0.0963948965 0.0912951678 0.991147518 0.0187999848 0.114899904 0.99319917 -0.0963948965 0.0912951678 0.991147518 -0.103695624 -0.210591123 0.972059011 -0.119199716 -0.204899505 0.971497655 -0.103695624 -0.210591123 0.972059011 -0.119199716 -0.204899505 0.971497655 -0.119796105 -0.434085876 0.892870903 -0.215611115 -0.378719509 0.900046408 -0.119796105 -0.434085876 0.892870903 -0.134498909 -0.566095412 0.813293397 -0.215611115 -0.378719509 0.900046408 -0.278212219 -0.481121123 0.831336558 -0.109496996 -0.582284033 0.805577874 -0.134498909 -0.566095412 0.813293397 -0.278212219 -0.481121123 0.831336558 -0.307798773 -0.516897976 0.798796833 -0.0531991422 -0.525891542 0.848886371 -0.109496996 -0.582284033 0.805577874 -0.289597452 -0.513895452 0.807492852 -0.307798773 -0.516897976 0.798796833 -0.0326015763 -0.56222719 0.82633996 -0.0531991422 -0.525891542 0.848886371 -0.21968931 -0.5937711 0.774062335 -0.289597452 -0.513895452 0.807492852 0.0920957997 -0.995654523 -0.0137993693 -0.045801077 -0.985923111 -0.160803765 -0.150904223 -0.980727434 -0.124103472 -0.328008562 -0.918023944 -0.222805813 0.119694009 -0.979850948 -0.159891993 -0.10489925 -0.880393684 -0.462496698 -0.150904223 -0.980727434 -0.124103472 -0.328008562 -0.918023944 -0.222805813 0.119694009 -0.979850948 -0.159891993 -0.10489925 -0.880393684 -0.462496698 -0.118001655 -0.992413878 -0.0345004834 -0.141498983 -0.770694494 -0.621295512 -0.118001655 -0.992413878 -0.0345004834 -0.141498983 -0.770694494 -0.621295512 -0.298811466 -0.954236686 -0.0120004611 -0.321589947 -0.732777119 -0.599681258 0.0994988531 -0.979688704 -0.174097985 -0.021400068 -0.743402302 -0.668502092 -0.298811466 -0.954236686 -0.0120004611 -0.321589947 -0.732777119 -0.599681258 0.0994988531 -0.979688704 -0.174097985 0.187596962 -0.679288983 -0.709488511 0.292895794 -0.86808759 -0.400794268 -0.021400068 -0.743402302 -0.668502092 0.018400101 -0.713803947 -0.700103819 0.187596962 -0.679288983 -0.709488511 0.292895794 -0.86808759 -0.400794268 -0.020399522 -0.818680763 -0.573886514 -0.045801077 -0.985923111 -0.160803765 -0.328008562 -0.918023944 -0.222805813 -0.351486593 -0.710372865 -0.609776735 -0.416802257 -0.758004129 -0.501702726 -0.10489925 -0.880393684 -0.462496698 -0.328008562 -0.918023944 -0.222805813 -0.368398339 -0.77709651 -0.510297656 -0.416802257 -0.758004129 -0.501702726 -0.10489925 -0.880393684 -0.462496698 -0.141498983 -0.770694494 -0.621295512 -0.17069605 -0.76018244 -0.626885533 -0.368398339 -0.77709651 -0.510297656 -0.141498983 -0.770694494 -0.621295512 -0.17069605 -0.76018244 -0.626885533 -0.237706855 -0.799923062 -0.551015913 -0.321589947 -0.732777119 -0.599681258 -0.021400068 -0.743402302 -0.668502092 -0.063001737 -0.904024959 -0.422811687 -0.237706855 -0.799923062 -0.551015913 -0.321589947 -0.732777119 -0.599681258 0.0769028664 -0.881532848 -0.465817332 0.187596962 -0.679288983 -0.709488511 -0.021400068 -0.743402302 -0.668502092 -0.063001737 -0.904024959 -0.422811687 0.018400101 -0.713803947 -0.700103819 0.0388002656 -0.830005646 -0.556403756 0.0769028664 -0.881532848 -0.465817332 0.187596962 -0.679288983 -0.709488511 -0.289789349 -0.716473699 -0.634576678 -0.351486593 -0.710372865 -0.609776735 -0.385984331 -0.551677585 -0.739369988 -0.416802257 -0.758004129 -0.501702726 -0.289789349 -0.716473699 -0.634576678 -0.297496498 -0.88618958 -0.355195791 -0.368398339 -0.77709651 -0.510297656 -0.416802257 -0.758004129 -0.501702726 -0.135992825 -0.964049101 -0.22828795 -0.17069605 -0.76018244 -0.626885533 -0.297496498 -0.88618958 -0.355195791 -0.368398339 -0.77709651 -0.510297656 -0.0801986903 -0.983983934 -0.159197405 -0.135992825 -0.964049101 -0.22828795 -0.17069605 -0.76018244 -0.626885533 -0.237706855 -0.799923062 -0.551015913 -0.0481015258 -0.994931579 -0.088302806 -0.063001737 -0.904024959 -0.422811687 -0.0801986903 -0.983983934 -0.159197405 -0.237706855 -0.799923062 -0.551015913 0.0769028664 -0.881532848 -0.465817332 -0.0481015258 -0.994931579 -0.088302806 -0.063001737 -0.904024959 -0.422811687 -0.108298309 -0.968784869 -0.222996518 0.0022000568 -0.944324434 -0.32900852 0.0388002656 -0.830005646 -0.556403756 0.0769028664 -0.881532848 -0.465817332 -0.108298309 -0.968784869 -0.222996518 0.0112997862 -0.860283673 -0.509690344 -0.229697719 -0.69129312 -0.685093224 -0.289789349 -0.716473699 -0.634576678 -0.385984331 -0.551677585 -0.739369988 0.0112997862 -0.860283673 -0.509690344 0.0339014232 -0.993341684 -0.11010462 -0.289789349 -0.716473699 -0.634576678 -0.297496498 -0.88618958 -0.355195791 0.0339014232 -0.993341684 -0.11010462 -0.0258011762 -0.987544954 0.155207068 -0.135992825 -0.964049101 -0.22828795 -0.297496498 -0.88618958 -0.355195791 -0.0258011762 -0.987544954 0.155207068 -0.0637010559 -0.987216413 0.146102428 -0.0801986903 -0.983983934 -0.159197405 -0.135992825 -0.964049101 -0.22828795 -0.0481015258 -0.994931579 -0.088302806 -0.0637010559 -0.987216413 0.146102428 -0.0801986903 -0.983983934 -0.159197405 -0.12109714 -0.992376566 -0.02289946 -0.0481015258 -0.994931579 -0.088302806 -0.108298309 -0.968784869 -0.222996518 -0.12109714 -0.992376566 -0.02289946 -0.195096552 -0.972382843 -0.128097728 0.0022000568 -0.944324434 -0.32900852 -0.00769970054 -0.999361157 0.0348986425 -0.108298309 -0.968784869 -0.222996518 -0.195096552 -0.972382843 -0.128097728 0.0112997862 -0.860283673 -0.509690344 0.044599764 -0.838095605 -0.543697119 0.257603794 -0.925213575 -0.27860409 -0.229697719 -0.69129312 -0.685093224 0.0112997862 -0.860283673 -0.509690344 0.0339014232 -0.993341684 -0.11010462 0.257603794 -0.925213575 -0.27860409 0.259987324 -0.964452982 -0.0472976938 0.0339014232 -0.993341684 -0.11010462 0.0785973445 -0.985266745 0.151894867 0.259987324 -0.964452982 -0.0472976938 -0.0258011762 -0.987544954 0.155207068 0.0785973445 -0.985266745 0.151894867 -0.0258011762 -0.987544954 0.155207068 -0.0637010559 -0.987216413 0.146102428 -0.13919507 -0.973565519 0.181093588 -0.0637010559 -0.987216413 0.146102428 -0.12109714 -0.992376566 -0.02289946 -0.13919507 -0.973565519 0.181093588 -0.249394625 -0.967079163 0.0505989082 -0.12109714 -0.992376566 -0.02289946 -0.180899784 -0.983198822 0.0243999697 -0.195096552 -0.972382843 -0.128097728 -0.249394625 -0.967079163 0.0505989082 0.0516982116 -0.940267503 0.336488366 -0.00769970054 -0.999361157 0.0348986425 -0.180899784 -0.983198822 0.0243999697 -0.195096552 -0.972382843 -0.128097728 0.044599764 -0.838095605 -0.543697119 0.257603794 -0.925213575 -0.27860409 0.304402471 -0.908907473 -0.285002321 0.334608048 -0.917922139 -0.213205144 0.257603794 -0.925213575 -0.27860409 0.259987324 -0.964452982 -0.0472976938 0.313494086 -0.928182542 -0.200496227 0.334608048 -0.917922139 -0.213205144 0.0785973445 -0.985266745 0.151894867 0.198101833 -0.972709 -0.120801121 0.259987324 -0.964452982 -0.0472976938 0.313494086 -0.928182542 -0.200496227 0.0785973445 -0.985266745 0.151894867 0.198101833 -0.972709 -0.120801121 -0.13919507 -0.973565519 0.181093588 -0.171598747 -0.984192848 -0.0437996835 -0.13919507 -0.973565519 0.181093588 -0.171598747 -0.984192848 -0.0437996835 -0.249394625 -0.967079163 0.0505989082 -0.31378752 -0.947962284 -0.0538978539 -0.162905723 -0.986634672 0.00370013015 -0.180899784 -0.983198822 0.0243999697 -0.249394625 -0.967079163 0.0505989082 -0.31378752 -0.947962284 -0.0538978539 0.0516982116 -0.940267503 0.336488366 0.185599759 -0.91679883 0.353599519 -0.162905723 -0.986634672 0.00370013015 -0.180899784 -0.983198822 0.0243999697 0.258594602 -0.889681458 -0.376292169 0.304402471 -0.908907473 -0.285002321 0.313393652 -0.917181432 -0.246095002 0.334608048 -0.917922139 -0.213205144 0.25009656 -0.820588708 -0.513892949 0.258594602 -0.889681458 -0.376292169 0.313494086 -0.928182542 -0.200496227 0.334608048 -0.917922139 -0.213205144 0.198101833 -0.972709 -0.120801121 0.25009656 -0.820588708 -0.513892949 0.310790867 -0.796476662 -0.518684804 0.313494086 -0.928182542 -0.200496227 0.198101833 -0.972709 -0.120801121 0.310790867 -0.796476662 -0.518684804 -0.0792973191 -0.890969813 -0.447084874 -0.171598747 -0.984192848 -0.0437996835 -0.0792973191 -0.890969813 -0.447084874 -0.171598747 -0.984192848 -0.0437996835 -0.229090855 -0.923463106 -0.307787716 -0.31378752 -0.947962284 -0.0538978539 -0.083796978 -0.993664145 -0.0748972967 -0.162905723 -0.986634672 0.00370013015 -0.229090855 -0.923463106 -0.307787716 -0.31378752 -0.947962284 -0.0538978539 0.185599759 -0.91679883 0.353599519 0.270512432 -0.948643506 0.16400753 -0.083796978 -0.993664145 -0.0748972967 -0.162905723 -0.986634672 0.00370013015 0.0598985925 -0.911778629 -0.406290472 0.2469071 -0.913726211 -0.322709262 0.266694278 -0.953879535 -0.137797043 0.356890172 -0.878175795 -0.31849125 0.0598985925 -0.911778629 -0.406290472 0.192995936 -0.778383553 -0.597387433 0.356890172 -0.878175795 -0.31849125 -0.101697057 -0.901673913 -0.420287818 0.192995936 -0.778383553 -0.597387433 -0.101697057 -0.901673913 -0.420287818 -0.152202576 -0.701911867 -0.695811808 -0.204808578 -0.777632594 -0.594424903 -0.1323006 -0.711903214 -0.689703107 -0.152202576 -0.701911867 -0.695811808 -0.204808578 -0.777632594 -0.594424903 -0.308296382 -0.743291318 -0.593693078 -0.0447009988 -0.749216735 -0.660814762 -0.1323006 -0.711903214 -0.689703107 -0.255293399 -0.846278191 -0.467587948 -0.308296382 -0.743291318 -0.593693078 0.0408003405 -0.87930727 -0.474503934 -0.0432975329 -0.92654717 -0.373678714 -0.0447009988 -0.749216735 -0.660814762 -0.255293399 -0.846278191 -0.467587948 0.0408003405 -0.87930727 -0.474503934 0.194296613 -0.944583535 -0.264595389 0.198397905 -0.976489604 -0.0842991024 -0.0432975329 -0.92654717 -0.373678714 0.0598985925 -0.911778629 -0.406290472 0.0717028901 -0.88573575 -0.458618522 0.2469071 -0.913726211 -0.322709262 0.272009641 -0.875030994 -0.400414199 0.0598985925 -0.911778629 -0.406290472 0.252093434 -0.771779954 -0.583784819 0.272009641 -0.875030994 -0.400414199 -0.101697057 -0.901673913 -0.420287818 0.0876963884 -0.641173542 -0.7623685 0.252093434 -0.771779954 -0.583784819 -0.101697057 -0.901673913 -0.420287818 -0.204808578 -0.777632594 -0.594424903 0.0513033196 -0.699645281 -0.712646127 0.0876963884 -0.641173542 -0.7623685 -0.1323006 -0.711903214 -0.689703107 -0.204808578 -0.777632594 -0.594424903 0.0513033196 -0.699645281 -0.712646127 0.163806275 -0.859532893 -0.484118551 -0.0447009988 -0.749216735 -0.660814762 -0.1323006 -0.711903214 -0.689703107 0.0408003405 -0.87930727 -0.474503934 0.163806275 -0.859532893 -0.484118551 0.352590591 -0.923775315 -0.149396002 -0.0447009988 -0.749216735 -0.660814762 0.0408003405 -0.87930727 -0.474503934 0.198397905 -0.976489604 -0.0842991024 0.352590591 -0.923775315 -0.149396002 0.506921709 -0.845836163 0.166107103 0.0717028901 -0.88573575 -0.458618522 0.272009641 -0.875030994 -0.400414199 -0.0687021315 -0.904728055 -0.420413047 -0.113296963 -0.838377535 -0.53318572 0.252093434 -0.771779954 -0.583784819 0.272009641 -0.875030994 -0.400414199 -0.0687021315 -0.904728055 -0.420413047 -0.231401876 -0.86690706 -0.441503584 0.0876963884 -0.641173542 -0.7623685 0.252093434 -0.771779954 -0.583784819 -0.231401876 -0.86690706 -0.441503584 -0.358810037 -0.824523151 -0.437512249 0.0513033196 -0.699645281 -0.712646127 0.0876963884 -0.641173542 -0.7623685 -0.31639871 -0.888296425 -0.332898647 -0.358810037 -0.824523151 -0.437512249 0.0513033196 -0.699645281 -0.712646127 0.163806275 -0.859532893 -0.484118551 -0.176097751 -0.969687581 -0.169397846 -0.31639871 -0.888296425 -0.332898647 0.0377011932 -0.996931493 0.0686021671 0.163806275 -0.859532893 -0.484118551 0.352590591 -0.923775315 -0.149396002 -0.176097751 -0.969687581 -0.169397846 0.0377011932 -0.996931493 0.0686021671 0.292102456 -0.872807324 0.391003281 0.352590591 -0.923775315 -0.149396002 0.506921709 -0.845836163 0.166107103 -0.0687021315 -0.904728055 -0.420413047 -0.113296963 -0.838377535 -0.53318572 -0.180198163 -0.9314906 -0.315996826 -0.190707579 -0.921836674 -0.3374134 -0.0687021315 -0.904728055 -0.420413047 -0.190707579 -0.921836674 -0.3374134 -0.231401876 -0.86690706 -0.441503584 -0.245104522 -0.820515156 -0.516409516 -0.163999856 -0.774299264 -0.611199379 -0.231401876 -0.86690706 -0.441503584 -0.245104522 -0.820515156 -0.516409516 -0.358810037 -0.824523151 -0.437512249 0.0851007104 -0.875207245 -0.476203948 -0.163999856 -0.774299264 -0.611199379 -0.31639871 -0.888296425 -0.332898647 -0.358810037 -0.824523151 -0.437512249 0.0851007104 -0.875207245 -0.476203948 0.339397699 -0.929893672 -0.141799033 -0.176097751 -0.969687581 -0.169397846 -0.31639871 -0.888296425 -0.332898647 0.0377011932 -0.996931493 0.0686021671 0.339397699 -0.929893672 -0.141799033 0.476128906 -0.855951965 0.201612249 -0.176097751 -0.969687581 -0.169397846 0.0377011932 -0.996931493 0.0686021671 0.292102456 -0.872807324 0.391003281 0.476128906 -0.855951965 0.201612249 0.548805058 -0.712506533 0.437204063 0.000999971759 -0.815976918 -0.578083694 -0.0144997044 -0.840582907 -0.541488945 -0.180198163 -0.9314906 -0.315996826 -0.190707579 -0.921836674 -0.3374134 0.000999971759 -0.815976918 -0.578083694 -0.100402161 -0.814217508 -0.571812272 -0.190707579 -0.921836674 -0.3374134 -0.245104522 -0.820515156 -0.516409516 -0.100402161 -0.814217508 -0.571812272 -0.163999856 -0.774299264 -0.611199379 -0.195894852 -0.87657702 -0.439588457 -0.245104522 -0.820515156 -0.516409516 0.0851007104 -0.875207245 -0.476203948 -0.163999856 -0.774299264 -0.611199379 -0.176996261 -0.953179896 -0.245194823 -0.195894852 -0.87657702 -0.439588457 0.0241012108 -0.9990502 -0.0363018252 0.0851007104 -0.875207245 -0.476203948 0.339397699 -0.929893672 -0.141799033 -0.176996261 -0.953179896 -0.245194823 0.0241012108 -0.9990502 -0.0363018252 0.292589933 -0.950467288 0.104896389 0.339397699 -0.929893672 -0.141799033 0.476128906 -0.855951965 0.201612249 0.292589933 -0.950467288 0.104896389 0.476128906 -0.855951965 0.201612249 0.486805409 -0.863509595 0.131801471 0.548805058 -0.712506533 0.437204063 0.000999971759 -0.815976918 -0.578083694 -0.0144997044 -0.840582907 -0.541488945 -0.19510299 -0.851213098 -0.487207472 -0.273809671 -0.790728033 -0.547519386 0.000999971759 -0.815976918 -0.578083694 -0.00930025801 -0.933325887 -0.358909965 -0.100402161 -0.814217508 -0.571812272 -0.19510299 -0.851213098 -0.487207472 0.175095156 -0.960273445 -0.217293993 -0.00930025801 -0.933325887 -0.358909965 -0.100402161 -0.814217508 -0.571812272 -0.195894852 -0.87657702 -0.439588457 0.175095156 -0.960273445 -0.217293993 0.2521061 -0.957823157 -0.137903333 -0.176996261 -0.953179896 -0.245194823 -0.195894852 -0.87657702 -0.439588457 0.0241012108 -0.9990502 -0.0363018252 0.219196737 -0.96798557 -0.122298174 0.2521061 -0.957823157 -0.137903333 -0.176996261 -0.953179896 -0.245194823 0.0241012108 -0.9990502 -0.0363018252 0.0321001597 -0.961704791 -0.272201329 0.219196737 -0.96798557 -0.122298174 0.292589933 -0.950467288 0.104896389 0.0321001597 -0.961704791 -0.272201329 0.292589933 -0.950467288 0.104896389 0.486805409 -0.863509595 0.131801471 -0.0682016239 -0.920221865 -0.385409176 0.0748967975 -0.706269801 -0.703969896 -0.0815034881 -0.604225814 -0.792633832 -0.19510299 -0.851213098 -0.487207472 -0.273809671 -0.790728033 -0.547519386 0.0748967975 -0.706269801 -0.703969896 0.253409266 -0.819429994 -0.51411885 -0.00930025801 -0.933325887 -0.358909965 -0.19510299 -0.851213098 -0.487207472 0.175095156 -0.960273445 -0.217293993 0.253409266 -0.819429994 -0.51411885 0.385402977 -0.867606759 -0.314202458 -0.00930025801 -0.933325887 -0.358909965 0.175095156 -0.960273445 -0.217293993 0.2521061 -0.957823157 -0.137903333 0.385402977 -0.867606759 -0.314202458 0.462486893 -0.865075469 -0.194294482 0.219196737 -0.96798557 -0.122298174 0.2521061 -0.957823157 -0.137903333 0.462486893 -0.865075469 -0.194294482 0.50367713 -0.844461679 -0.18219173 0.0321001597 -0.961704791 -0.272201329 0.219196737 -0.96798557 -0.122298174 0.43059656 -0.834993303 -0.342597246 0.50367713 -0.844461679 -0.18219173 0.0321001597 -0.961704791 -0.272201329 0.382980824 -0.834058225 -0.397080123 0.43059656 -0.834993303 -0.342597246 -0.0682016239 -0.920221865 -0.385409176 0.622882843 -0.596483529 -0.506186068 0.650715232 -0.460410804 -0.603814185 0.674186468 -0.351992935 -0.649286985 0.75142169 -0.261207551 -0.605917513 0.888792515 0.0497995801 -0.455596149 0.877600312 0.442800134 -0.183700055 0.684928417 0.723030031 0.0900037438 0.54722333 -0.514821947 -0.659928083 0.602303565 -0.342402041 -0.721104205 0.729797661 -0.143199533 -0.66849786 0.841388881 0.264296502 -0.471393764 0.86799562 0.0504997484 -0.493997514 0.893485785 0.386793852 -0.228196383 0.715695798 0.688895941 0.11489933 0.509431362 -0.626838624 -0.589536309 0.70468241 -0.471288264 -0.530386746 0.924500883 0.112500101 -0.364200354 0.0699970648 0.995158195 0.0689971 0.922468662 0.244491696 -0.298789829 0.900303781 0.367201507 -0.233700976 0.723736525 0.68903482 -0.0379019156 0.521686852 -0.803879678 -0.285692781 0.797491431 -0.603093505 -0.0168998186 0.620107651 0.643807948 -0.448305517 -0.935202718 0.183100536 -0.303100884 0.98069185 0.104499131 0.165298611 0.951326489 0.306508511 -0.0321008936 0.72257179 0.687973201 -0.0676973611 0.446190387 -0.892180741 0.0701984912 0.746169806 -0.608375311 0.27038902 0.555597365 -0.829196095 -0.0611997098 -0.295514077 -0.870841503 -0.392818719 0.868376493 -0.442688018 0.223493949 0.948592067 0.235998034 0.210898235 0.687775731 0.70827502 0.159094378 0.252400428 -0.891201437 0.376900584 0.541311383 -0.711714983 0.447709411 0.614177942 -0.699274898 0.36578688 0.469810218 -0.862318754 0.188904107 0.806962073 -0.288086474 0.515575826 0.761091948 0.189997986 0.620193422 0.477297306 0.655896306 0.584796727 -0.0356989056 -0.790375829 0.611581266 0.198191449 -0.725768685 0.658771574 0.369492561 -0.663386643 0.65068686 0.430398822 -0.561798453 0.706498086 0.408794254 -0.270596176 0.871587694 0.300188512 0.0976962596 0.948863685 0.126996145 0.462885946 0.877273381 0.05750205 -0.779127777 -0.624222219 0.297688872 -0.484181941 -0.822769284 0.482082933 -0.0504982136 -0.874669015 0.541893661 0.426495016 -0.724191546 0.459573478 0.769955575 -0.442674458 0.33490327 0.916208923 -0.220002145 0.287208349 0.94382745 -0.163404748 -0.0106003769 -0.644622922 -0.764427185 0.13610293 -0.349707514 -0.926919997 0.267289072 0.0510979109 -0.962260664 0.347096652 0.461195558 -0.816592157 0.344006747 0.729714274 -0.590911567 0.297193855 0.857682288 -0.419591367 0.240793988 0.921477079 -0.304792404 0.0719040781 -0.629035652 -0.774043858 0.15929991 -0.374599785 -0.913399458 0.241399601 -0.0287999511 -0.969998419 0.274003774 0.337904662 -0.900412381 0.250193536 0.617184043 -0.74598068 0.220587924 0.780857265 -0.584468007 0.219289184 0.893455863 -0.391980648 0.0829022154 -0.721419275 -0.687518358 0.189694852 -0.443487972 -0.875976205 0.275304824 -0.167702928 -0.94661659 0.319819838 0.111806937 -0.940858364 0.331587881 0.42698437 -0.841269195 0.319105476 0.723612368 -0.612010479 0.29159373 0.916580319 -0.273594141 -0.0447023846 -0.607132375 -0.793342292 0.170400843 -0.262001276 -0.94990468 0.316985786 -0.0545975529 -0.946857572 0.416893303 0.0929985046 -0.904185474 0.482289732 0.306393474 -0.820682466 0.499694288 0.584693313 -0.639092684 0.443202376 0.825904429 -0.348501891 -0.0339998677 -0.254798979 -0.966396213 0.141794309 0.0585976467 -0.988160312 0.205298066 0.219397932 -0.953791022 0.23529914 0.306298882 -0.9223966 0.318105459 0.416607141 -0.851614594 0.423998117 0.571597517 -0.702496886 0.495670587 0.727256835 -0.474771798 0.139807209 -0.240812421 -0.960449576 0.245408252 -0.0459015407 -0.968332529 0.272504807 0.092301622 -0.957716882 0.251293272 0.241593525 -0.937274873 0.201901793 0.470104158 -0.85920763 0.1487028 0.68311286 -0.715013444 0.168295488 0.81567812 -0.553485155 0.218692988 0.96706903 -0.130195826 0.160005882 0.983336151 -0.0863031745 0.183693573 0.982765675 0.0206992775 0.24339959 0.967698395 0.0656998903 0.282497197 0.959190547 -0.0121998787 0.298104882 0.951115608 -0.0807013288 0.313705951 0.942517936 0.115102187 0.168207034 0.970840573 -0.170807138 0.189701617 0.980608284 0.0492004156 0.203703836 0.967918158 0.147102758 0.211595714 0.968780398 0.129197374 0.234507591 0.97003144 0.0636020601 0.284493297 0.956177413 0.06919837 0.345206589 0.883116841 0.317706048 0.313295841 0.943087399 0.111498512 0.366590947 0.896277905 0.249593839 0.408622056 0.893548191 0.186010033 0.406189203 0.905875921 0.119996808 0.396312088 0.903727591 0.161904946 0.412103683 0.86980778 0.271302432 0.408403873 0.763807237 0.499804735 0.187702358 0.926511645 0.326104105 0.180105463 0.918427825 0.352210701 0.216502234 0.952109814 0.215902224 0.243993029 0.960572541 0.133296192 0.263004392 0.938715696 0.222803727 0.27880314 0.897310078 0.342203856 0.263799369 0.839797974 0.474498868 0.205007166 0.958933473 0.196006835 0.131202996 0.95952189 0.249205694 0.103404298 0.973240435 0.205208525 0.112700596 0.974005163 0.196501046 0.119396202 0.943769932 0.308290184 0.124501549 0.880810976 0.456805706 0.156405509 0.778127491 0.608321428 0.382124305 0.919958591 -0.0875055715 0.317694545 0.941483855 0.112598069 0.318100721 0.917202115 0.239900529 0.344401151 0.885602951 0.311601073 0.343995631 0.842089295 0.415394694 0.301399827 0.754499495 0.582999647 0.233910337 0.649228752 0.723731995 0.29230544 0.956317842 -0.00370006892 0.336816162 0.911043704 0.237811416 0.357417583 0.871942937 0.334616482 0.336716712 0.898444593 0.281814009 0.270002246 0.912907481 0.306102514 0.197993726 0.85067302 0.486984551 0.162501782 0.729308069 0.664607346 -0.192595616 -0.977077782 -0.0906979367 -0.178203404 -0.98261869 0.052000992 -0.174299985 -0.983199894 0.0541999936 -0.144398317 -0.96798867 -0.205297604 -0.0719025508 -0.891631603 -0.447015822 -0.0473017134 -0.883931994 -0.465216875 -0.0664013401 -0.877417684 -0.475109577 -0.277187526 -0.958356798 -0.0686969087 -0.3326796 -0.941142261 0.0597963296 -0.364583582 -0.930958033 0.0198991038 -0.33210665 -0.902718067 -0.273505479 -0.24309276 -0.807275891 -0.53778398 -0.215487763 -0.830052912 -0.514370799 -0.200098738 -0.870994508 -0.44869718 -0.145699337 -0.968695581 0.200999096 -0.174093336 -0.9722628 0.156194031 -0.127506584 -0.991751194 -0.0131006762 -0.038499184 -0.947779894 -0.316593289 0.031500034 -0.836800814 -0.546600521 0.00859988108 -0.854188204 -0.519892812 -0.0534992665 -0.906087577 -0.419694245 -0.0696991459 -0.924888611 0.37379542 -0.0555998608 -0.992297471 0.110699721 0.00620014826 -0.984423518 -0.175704196 0.077196531 -0.900959551 -0.426980793 0.10170003 -0.851800263 -0.513900161 0.0563979372 -0.916566432 -0.395885527 0.00759988325 -0.96198523 -0.2729958 -0.320492834 -0.880380392 0.349592209 -0.329612613 -0.944036126 0.0123004699 -0.332203448 -0.909609437 -0.249502599 -0.352607429 -0.837817669 -0.416808754 -0.383612961 -0.808427274 -0.446415067 -0.406318992 -0.841139257 -0.356916696 -0.386194587 -0.872887731 -0.298195809 -0.196105152 -0.862122655 0.46721229 -0.212592408 -0.95586592 0.202792779 -0.253812701 -0.96724838 0.00310015539 -0.304807365 -0.940622687 -0.149403602 -0.366215378 -0.899337709 -0.238910034 -0.420901239 -0.844402492 -0.33140099 -0.433110714 -0.752718627 -0.495812297 -0.154095888 -0.842377543 0.516386211 -0.197300076 -0.940100372 0.278000087 -0.1619948 -0.982568443 0.0911970735 -0.0672003478 -0.99440527 -0.0815004259 0.0260988865 -0.98015815 -0.196491614 0.0533010028 -0.946117759 -0.319406003 -0.00300004054 -0.84541142 -0.534107208 0.667310297 -0.276604265 0.691510677 0.684576392 -0.135295331 0.716275334 0.705564082 -0.0372981019 0.707664013 0.716679752 -0.0175995026 0.697180331 0.713407576 -0.0417004451 0.699507475 0.694996178 -0.00499997241 0.718996048 0.654785573 0.113897488 0.747183561 0.60829258 -0.297396392 0.735891044 0.574224472 -0.177907586 0.799134016 0.55931741 -0.189405888 0.807025075 0.591794491 -0.25439766 0.764892936 0.629788756 -0.271195143 0.727887034 0.642777205 -0.160394326 0.749073505 0.595079362 0.072697483 0.800372243 0.593703628 -0.2618016 0.76090467 0.592678547 -0.104196221 0.798671007 0.620478451 -0.240691632 0.746374011 0.650177777 -0.440184951 0.619278848 0.679950416 -0.465366066 0.566658616 0.710900068 -0.289600044 0.640900075 0.65572989 0.0801036507 0.75073421 0.600310087 -0.430507243 0.67401135 0.664492786 -0.482094795 0.570993781 0.70470643 -0.597305417 0.382903486 0.753595889 -0.56919688 0.328798205 0.813185334 -0.400392801 0.422392398 0.789806128 -0.062100485 0.610204756 0.572886765 0.365791529 0.733483016 0.597109914 -0.767512679 0.233203858 0.553787351 -0.828481138 0.083298102 0.588498473 -0.80259794 0.0974997431 0.705891907 -0.646592617 0.2891967 0.770090342 -0.308296144 0.558493018 0.655216575 0.1778045 0.734218538 0.385981381 0.60077095 0.700066209 0.353611171 -0.928529322 -0.113103576 0.443484157 -0.896067917 -0.0195992999 0.562375903 -0.806265473 0.183492154 0.651188254 -0.578689575 0.490991145 0.62190634 -0.212502167 0.753707707 0.491204768 0.177301735 0.852808297 0.341200322 0.486500472 0.804300785 0.374004245 -0.911110282 -0.173201963 0.51400882 -0.856314719 0.0502008609 0.650488317 -0.672187924 0.353593618 0.692492545 -0.346996278 0.632493198 0.636020005 -0.026300827 0.77122426 0.555696905 0.210498825 0.80429548 0.45009315 0.417093635 0.789587975 -0.590290666 0.785587549 -0.18549706 -0.713667572 0.619271874 -0.327385128 -0.767041922 0.500827372 -0.401021898 -0.882353365 0.220788345 -0.415578067 -0.713667572 0.619271874 -0.327385128 -0.781770706 0.485681832 -0.391085356 -0.882353365 0.220788345 -0.415578067 -0.930860043 0.104595512 -0.35008499 -0.781770706 0.485681832 -0.391085356 -0.854676366 0.286292076 -0.433088005 -0.930860043 0.104595512 -0.35008499 -0.940731287 0.114303797 -0.319310606 -0.854676366 0.286292076 -0.433088005 -0.870537102 -0.101504326 -0.481520534 -0.915446341 0.0300015174 -0.401320308 -0.940731287 0.114303797 -0.319310606 -0.702902675 -0.54630208 -0.455501735 -0.819702744 -0.195200652 -0.538501799 -0.870537102 -0.101504326 -0.481520534 -0.915446341 0.0300015174 -0.401320308 -0.332909226 -0.887824655 -0.31770882 -0.60240674 -0.456005096 -0.655107319 -0.702902675 -0.54630208 -0.455501735 -0.819702744 -0.195200652 -0.538501799 0.0462005995 -0.98621279 -0.158902064 -0.31269291 -0.637785554 -0.703884065 -0.332909226 -0.887824655 -0.31770882 -0.60240674 -0.456005096 -0.655107319 -0.564486384 0.242294163 -0.789080977 -0.605121672 0.449316114 -0.657223582 -0.767041922 0.500827372 -0.401021898 -0.882353365 0.220788345 -0.415578067 -0.506675541 0.324684322 -0.798661411 -0.564486384 0.242294163 -0.789080977 -0.882353365 0.220788345 -0.415578067 -0.930860043 0.104595512 -0.35008499 -0.491123676 0.525625348 -0.694633424 -0.506675541 0.324684322 -0.798661411 -0.930860043 0.104595512 -0.35008499 -0.940731287 0.114303797 -0.319310606 -0.491123676 0.525625348 -0.694633424 -0.537320852 0.478018552 -0.69482702 -0.915446341 0.0300015174 -0.401320308 -0.940731287 0.114303797 -0.319310606 -0.537320852 0.478018552 -0.69482702 -0.56899488 0.266697586 -0.777892947 -0.819702744 -0.195200652 -0.538501799 -0.915446341 0.0300015174 -0.401320308 -0.537093103 -0.0374995172 -0.842689157 -0.56899488 0.266697586 -0.777892947 -0.60240674 -0.456005096 -0.655107319 -0.819702744 -0.195200652 -0.538501799 -0.31269291 -0.637785554 -0.703884065 -0.386511087 -0.477713704 -0.788922608 -0.537093103 -0.0374995172 -0.842689157 -0.60240674 -0.456005096 -0.655107319 -0.564486384 0.242294163 -0.789080977 -0.605121672 0.449316114 -0.657223582 -0.675015748 0.629014671 -0.385609001 -0.708077729 0.682278514 -0.181994274 -0.506675541 0.324684322 -0.798661411 -0.564486384 0.242294163 -0.789080977 -0.626094878 0.562695324 -0.539795578 -0.675015748 0.629014671 -0.385609001 -0.491123676 0.525625348 -0.694633424 -0.506675541 0.324684322 -0.798661411 -0.595619559 0.464815229 -0.655121446 -0.626094878 0.562695324 -0.539795578 -0.491123676 0.525625348 -0.694633424 -0.537320852 0.478018552 -0.69482702 -0.583795726 0.30779773 -0.751294434 -0.595619559 0.464815229 -0.655121446 -0.537320852 0.478018552 -0.69482702 -0.564207435 0.0533007011 -0.823910832 -0.56899488 0.266697586 -0.777892947 -0.583795726 0.30779773 -0.751294434 -0.488283515 -0.29539004 -0.821172297 -0.537093103 -0.0374995172 -0.842689157 -0.564207435 0.0533007011 -0.823910832 -0.56899488 0.266697586 -0.777892947 -0.285482407 -0.662259161 -0.692757308 -0.386511087 -0.477713704 -0.788922608 -0.488283515 -0.29539004 -0.821172297 -0.537093103 -0.0374995172 -0.842689157 -0.346000999 0.922202706 0.172700509 -0.505989492 0.861482143 -0.0426991135 -0.675015748 0.629014671 -0.385609001 -0.708077729 0.682278514 -0.181994274 -0.505989492 0.861482143 -0.0426991135 -0.626094878 0.562695324 -0.539795578 -0.640296221 0.716095805 -0.277898401 -0.675015748 0.629014671 -0.385609001 -0.595619559 0.464815229 -0.655121446 -0.626094878 0.562695324 -0.539795578 -0.640296221 0.716095805 -0.277898401 -0.708102524 0.524901867 -0.472301662 -0.583795726 0.30779773 -0.751294434 -0.595619559 0.464815229 -0.655121446 -0.708102524 0.524901867 -0.472301662 -0.723679781 0.260992736 -0.63888216 -0.564207435 0.0533007011 -0.823910832 -0.583795726 0.30779773 -0.751294434 -0.655087411 -0.152097076 -0.74008584 -0.723679781 0.260992736 -0.63888216 -0.475486219 -0.576983333 -0.664080739 -0.488283515 -0.29539004 -0.821172297 -0.564207435 0.0533007011 -0.823910832 -0.655087411 -0.152097076 -0.74008584 -0.285482407 -0.662259161 -0.692757308 -0.29410702 -0.829719841 -0.474411339 -0.475486219 -0.576983333 -0.664080739 -0.488283515 -0.29539004 -0.821172297 -0.346000999 0.922202706 0.172700509 -0.396778315 0.916849792 0.0441975817 -0.440395594 0.897490978 0.0236997642 -0.505989492 0.861482143 -0.0426991135 -0.440395594 0.897490978 0.0236997642 -0.505989492 0.861482143 -0.0426991135 -0.606911123 0.763913989 -0.219304025 -0.640296221 0.716095805 -0.277898401 -0.606911123 0.763913989 -0.219304025 -0.640296221 0.716095805 -0.277898401 -0.708102524 0.524901867 -0.472301662 -0.736715019 0.505610287 -0.44900915 -0.708102524 0.524901867 -0.472301662 -0.723679781 0.260992736 -0.63888216 -0.736715019 0.505610287 -0.44900915 -0.786019146 0.183904484 -0.590214372 -0.655087411 -0.152097076 -0.74008584 -0.716632426 -0.20340921 -0.667130172 -0.723679781 0.260992736 -0.63888216 -0.786019146 0.183904484 -0.590214372 -0.475486219 -0.576983333 -0.664080739 -0.503586769 -0.552985489 -0.663782597 -0.655087411 -0.152097076 -0.74008584 -0.716632426 -0.20340921 -0.667130172 -0.219702542 -0.773109019 -0.595006943 -0.29410702 -0.829719841 -0.474411339 -0.475486219 -0.576983333 -0.664080739 -0.503586769 -0.552985489 -0.663782597 -0.270907342 0.955925882 -0.113203064 -0.339911312 0.923630774 -0.177105904 -0.396778315 0.916849792 0.0441975817 -0.440395594 0.897490978 0.0236997642 -0.339911312 0.923630774 -0.177105904 -0.440395594 0.897490978 0.0236997642 -0.503791273 0.7781865 -0.374993533 -0.606911123 0.763913989 -0.219304025 -0.503791273 0.7781865 -0.374993533 -0.606911123 0.763913989 -0.219304025 -0.611928642 0.519324303 -0.596527934 -0.736715019 0.505610287 -0.44900915 -0.611928642 0.519324303 -0.596527934 -0.623760343 0.195187598 -0.756851912 -0.736715019 0.505610287 -0.44900915 -0.786019146 0.183904484 -0.590214372 -0.559802473 -0.158100694 -0.813403547 -0.623760343 0.195187598 -0.756851912 -0.716632426 -0.20340921 -0.667130172 -0.786019146 0.183904484 -0.590214372 -0.447703868 -0.479404151 -0.754806519 -0.503586769 -0.552985489 -0.663782597 -0.559802473 -0.158100694 -0.813403547 -0.716632426 -0.20340921 -0.667130172 -0.219702542 -0.773109019 -0.595006943 -0.328301668 -0.70530355 -0.62830317 -0.447703868 -0.479404151 -0.754806519 -0.503586769 -0.552985489 -0.663782597 -0.270907342 0.955925882 -0.113203064 -0.339911312 0.923630774 -0.177105904 -0.779370725 0.544279575 -0.310388356 -0.851699591 0.386199832 -0.354199827 -0.339911312 0.923630774 -0.177105904 -0.503791273 0.7781865 -0.374993533 -0.82801789 0.50721097 -0.239005148 -0.851699591 0.386199832 -0.354199827 -0.503791273 0.7781865 -0.374993533 -0.611928642 0.519324303 -0.596527934 -0.794744015 0.531529427 -0.293016225 -0.82801789 0.50721097 -0.239005148 -0.611928642 0.519324303 -0.596527934 -0.623760343 0.195187598 -0.756851912 -0.791956067 0.323282093 -0.517971277 -0.794744015 0.531529427 -0.293016225 -0.559802473 -0.158100694 -0.813403547 -0.623760343 0.195187598 -0.756851912 -0.691060722 -0.0220987424 -0.722458959 -0.791956067 0.323282093 -0.517971277 -0.447703868 -0.479404151 -0.754806519 -0.490518242 -0.315711737 -0.812230229 -0.559802473 -0.158100694 -0.813403547 -0.691060722 -0.0220987424 -0.722458959 -0.257890105 -0.510380387 -0.820368528 -0.328301668 -0.70530355 -0.62830317 -0.447703868 -0.479404151 -0.754806519 -0.490518242 -0.315711737 -0.812230229 0.00899972208 0.941070974 0.338089556 0.0287995972 0.949086785 0.31369561 0.151099101 0.902194619 0.4039976 0.265897363 0.829591751 0.490995139 0.245195135 0.842083335 0.480390489 -0.0102000376 0.948303461 0.317201167 -0.387801617 0.919103742 0.0697002858 0.00579985883 0.869278848 0.494287997 -0.0173008982 0.896046519 0.443623006 0.097095497 0.839461088 0.534675181 0.217596531 0.768987715 0.601090431 0.189102292 0.828810036 0.526606381 -0.0300003625 0.969711721 0.242402941 -0.313904881 0.943314672 -0.107801676 0.206803545 0.805313826 0.555609524 0.15760085 0.867504656 0.471802533 0.196594074 0.84247458 0.501584888 0.18309924 0.819396615 0.543197751 0.00210006116 0.863225162 0.504814744 -0.300901383 0.910104156 0.284901321 -0.528593361 0.847889364 -0.0408994891 0.104901128 0.751008034 0.651906967 0.0910018608 0.756515503 0.647613287 0.0427995697 0.806491852 0.589694023 -0.103896931 0.887173772 0.449586719 -0.303505272 0.905815721 0.295605153 -0.499192894 0.854187906 0.145497933 -0.579222739 0.813331842 0.0547021404 0.115699239 0.836894512 0.53499651 0.131098822 0.799492836 0.586194754 0.0789015144 0.806815505 0.585511267 -0.0887003839 0.897403955 0.432201892 -0.276704699 0.940815985 0.195703328 -0.404713809 0.914231181 0.0197006725 -0.440388292 0.897776186 -0.00749980053 0.217909142 0.767932236 0.602325261 0.193401605 0.82660687 0.528504372 0.138900846 0.868405282 0.476002932 0.015199638 0.920778036 0.389790714 -0.149201229 0.96110791 0.232401907 -0.262006581 0.961324215 0.0849021375 -0.297084719 0.954850852 -0.000699963944 0.113397308 0.721482873 0.683083773 -0.0249006618 0.77772069 0.628116667 -0.0774990022 0.807689607 0.584492505 -0.0891017243 0.849316418 0.520310044 -0.152700409 0.914402425 0.374901026 -0.24910593 0.944422483 0.214505091 -0.359794468 0.930785716 0.0646990016 0.27921468 -0.756939828 -0.590831041 0.455282241 -0.862766385 -0.219891429 0.594995081 -0.785393417 -0.170698568 0.64069289 -0.57439363 -0.509494364 0.416696638 -0.322297364 -0.84999311 0.105402671 -0.0810020491 -0.991125107 -0.151606262 0.0644026622 -0.986340702 0.216399252 -0.528798163 -0.820697129 0.369912982 -0.757926643 -0.537318885 0.440575361 -0.848352551 -0.293583572 0.461904883 -0.775108218 -0.431104571 0.393003821 -0.511404932 -0.764207423 0.257408589 -0.23040767 -0.938431263 0.086900495 -0.0988005623 -0.99130559 0.134997234 -0.402791739 -0.905281484 0.20749703 -0.654990613 -0.72658962 0.25699839 -0.85879457 -0.443197191 0.313497633 -0.822193801 -0.475096434 0.388882965 -0.549775839 -0.739267588 0.418719113 -0.241411015 -0.875439942 0.410806239 -0.110401668 -0.90501368 0 -0.42159313 -0.90678519 -0.0357989259 -0.625781298 -0.779176712 -0.00190003309 -0.820314288 -0.571909964 0.113597885 -0.761285841 -0.638388157 0.261002153 -0.476203918 -0.839706898 0.359388381 -0.157094926 -0.919870257 0.420109481 -0.0719016269 -0.904620469 -0.0345003493 -0.56770581 -0.822508335 -0.131102934 -0.663814843 -0.736316442 -0.1055049 -0.732234061 -0.672831297 -0.011399474 -0.60877192 -0.793263376 0.0941025242 -0.334108979 -0.937825143 0.158096433 -0.0774982572 -0.984377801 0.19280231 -0.0795009509 -0.978011727 0.146595806 -0.692180216 -0.706679821 0.0911011472 -0.707408905 -0.70090884 0.0940952748 -0.66536665 -0.740562797 0.115902334 -0.489409864 -0.864317417 0.121999815 -0.238299623 -0.963498533 0.103601642 -0.061500974 -0.992715657 0.0792993605 -0.126498967 -0.988792002 0.503506899 -0.633308709 -0.587708116 0.490909457 -0.637212276 -0.594111443 0.457803398 -0.595104396 -0.660504937 0.40589878 -0.450098664 -0.795397639 0.320892066 -0.246493921 -0.914477408 0.223411828 -0.113005981 -0.968151271 0.160396501 -0.199995637 -0.966578901 0.941978633 0.290493399 -0.168196186 0.795216978 0.515310943 -0.319506824 0.698893845 0.683793962 -0.209698156 0.808635056 0.35101521 -0.472120434 0.934934139 0.19350706 -0.297410876 0.970631182 0.16880542 -0.171405509 0.955823243 0.122702986 -0.267106503 0.955353439 0.236288488 -0.17739135 0.928410232 0.266502947 -0.258902848 0.832401037 0.53810066 -0.132500157 0.89268446 0.304894686 -0.331894219 0.987289131 0.0544994026 -0.149298355 0.99837774 0.0102997702 -0.0559987538 0.975565255 0.0071997433 -0.219592184 0.975967407 0.192093596 -0.102896564 0.97231698 0.0896015614 -0.215803772 0.933487952 0.34889549 -0.0828989372 0.94492346 0.262706518 -0.195204854 0.998415887 0.00270004314 -0.0562008955 0.997112691 -0.0759009719 0.00230002939 0.978071094 -0.113396645 -0.174694836 0.957263172 0.261289924 -0.123995222 0.980848134 0.0558027402 -0.186609164 0.979398012 0.186099634 -0.0783998445 0.966159821 0.24078998 -0.0924961567 0.999824047 0.0185004454 -0.00310007459 0.997561395 -0.0664974228 -0.021199178 0.977734625 -0.123704381 -0.169505998 0.925898969 0.322399646 -0.196899787 0.989200771 0.093100071 -0.113200091 0.996655107 0.0335984863 -0.0744966418 0.981600463 0.190300092 -0.0157000069 0.997848034 0.0614029579 0.0230011083 0.990491331 0.0274997614 -0.134798825 0.970776021 0.0330991857 -0.237694129 0.954953671 0.245988071 -0.165991947 0.995989084 0.0647992939 0.0616993234 0.984884739 -0.173197314 -0.00219996599 0.998082876 0.023399597 0.0572990179 0.995027363 0.0962026417 0.0258007105 0.960665286 0.10549619 -0.256890744 0.946389258 0.175498024 -0.271196932 0.998245955 -0.0224010292 0.0548025221 0.926133752 -0.134204894 0.352512836 0.883667886 -0.438784063 0.163094074 0.943795562 -0.282798678 0.171099216 0.992132723 -0.0179005899 0.123904079 0.970007658 -0.0625004917 -0.234901845 0.984988868 0.0249997173 -0.170798063 0.0155001599 0.844008684 -0.536105514 0.0396003798 0.806207776 -0.590305686 0.0737005174 0.827905774 -0.556003869 -0.0286003985 0.853011906 -0.521107256 0.0396003798 0.806207776 -0.590305686 0.0737005174 0.827905774 -0.556003869 0.170301393 0.764106214 -0.622205079 -0.0135002816 0.795416594 -0.605912626 0.0603008196 0.967213154 -0.246703357 0.170301393 0.764106214 -0.622205079 -0.0135002816 0.795416594 -0.605912626 -0.0660018399 0.968127012 -0.241606742 0.0603008196 0.967213154 -0.246703357 0.0634000674 0.740100801 -0.669500709 0.201703891 0.789315224 -0.579911172 -0.0660018399 0.968127012 -0.241606742 0.0634000674 0.740100801 -0.669500709 0.173905328 0.547216773 -0.818725109 0.201703891 0.789315224 -0.579911172 0.473499507 0.539799392 -0.695999205 0.157709822 0.912056744 -0.378523558 0.173905328 0.547216773 -0.818725109 0.473499507 0.539799392 -0.695999205 -0.00260001537 0.983405769 -0.181401074 0.157709822 0.912056744 -0.378523558 -0.00260001537 0.983405769 -0.181401074 -0.1906012 0.742804706 -0.641804039 -0.333424121 0.599943399 -0.727252543 0.0737005174 0.827905774 -0.556003869 -0.0286003985 0.853011906 -0.521107256 -0.04200048 0.833509564 -0.550906301 -0.042698808 0.874475598 -0.483186543 0.0344006345 0.819315076 -0.572310567 0.0737005174 0.827905774 -0.556003869 0.170301393 0.764106214 -0.622205079 -0.04200048 0.833509564 -0.550906301 0.0344006345 0.819315076 -0.572310567 0.0603008196 0.967213154 -0.246703357 0.111794151 0.952050149 -0.284785092 0.170301393 0.764106214 -0.622205079 0.0603008196 0.967213154 -0.246703357 0.111794151 0.952050149 -0.284785092 0.140895948 0.843275785 -0.518685102 0.201703891 0.789315224 -0.579911172 0.140895948 0.843275785 -0.518685102 0.201703891 0.789315224 -0.579911172 0.237306327 0.668517828 -0.704818845 0.473499507 0.539799392 -0.695999205 0.157709822 0.912056744 -0.378523558 0.237306327 0.668517828 -0.704818845 0.473499507 0.539799392 -0.695999205 -0.145400554 0.688302577 -0.710702658 0.157709822 0.912056744 -0.378523558 -0.145400554 0.688302577 -0.710702658 -0.258085012 0.70725894 -0.658161819 -0.333424121 0.599943399 -0.727252543 -0.04200048 0.833509564 -0.550906301 -0.042698808 0.874475598 -0.483186543 -0.0924042985 0.86994046 -0.484422535 -0.19988732 0.791349828 -0.577763319 0.0344006345 0.819315076 -0.572310567 -0.04200048 0.833509564 -0.550906301 -0.194203764 0.856616616 -0.478009284 -0.19988732 0.791349828 -0.577763319 0.0344006345 0.819315076 -0.572310567 0.111794151 0.952050149 -0.284785092 -0.0490975492 0.966951728 -0.250187516 -0.194203764 0.856616616 -0.478009284 0.111794151 0.952050149 -0.284785092 0.140895948 0.843275785 -0.518685102 -0.0490975492 0.966951728 -0.250187516 -0.13189739 0.802284122 -0.582188487 0.140895948 0.843275785 -0.518685102 0.237306327 0.668517828 -0.704818845 -0.13189739 0.802284122 -0.582188487 -0.336905569 0.677611232 -0.653710783 0.237306327 0.668517828 -0.704818845 -0.145400554 0.688302577 -0.710702658 -0.336905569 0.677611232 -0.653710783 -0.340485185 0.513777673 -0.787465751 -0.103804328 0.925038636 -0.365415245 -0.145400554 0.688302577 -0.710702658 -0.258085012 0.70725894 -0.658161819 -0.340485185 0.513777673 -0.787465751 -0.0753978416 0.839576006 -0.53798461 -0.0924042985 0.86994046 -0.484422535 -0.18530339 0.763613999 -0.618511379 -0.19988732 0.791349828 -0.577763319 -0.130099148 0.906794012 -0.40099737 -0.18530339 0.763613999 -0.618511379 -0.194203764 0.856616616 -0.478009284 -0.19988732 0.791349828 -0.577763319 -0.0490975492 0.966951728 -0.250187516 -0.130099148 0.906794012 -0.40099737 -0.18630217 0.942311049 -0.278103262 -0.194203764 0.856616616 -0.478009284 -0.0490975492 0.966951728 -0.250187516 -0.13189739 0.802284122 -0.582188487 -0.18630217 0.942311049 -0.278103262 -0.534325719 0.585428119 -0.60972935 -0.13189739 0.802284122 -0.582188487 -0.336905569 0.677611232 -0.653710783 -0.534325719 0.585428119 -0.60972935 -0.661088645 0.558990419 -0.50049144 -0.298093051 0.652084887 -0.697083771 -0.336905569 0.677611232 -0.653710783 -0.340485185 0.513777673 -0.787465751 -0.661088645 0.558990419 -0.50049144 0.0570015796 0.970126867 -0.23580654 -0.103804328 0.925038636 -0.365415245 -0.298093051 0.652084887 -0.697083771 -0.340485185 0.513777673 -0.787465751 0.0913963392 0.836766481 -0.539878368 0.101302162 0.73201561 -0.67371434 -0.0753978416 0.839576006 -0.53798461 -0.18530339 0.763613999 -0.618511379 0.101302162 0.73201561 -0.67371434 0.134806752 0.950247645 -0.280814081 -0.130099148 0.906794012 -0.40099737 -0.18530339 0.763613999 -0.618511379 0.134806752 0.950247645 -0.280814081 -0.000299989566 0.877769411 -0.4790833 -0.130099148 0.906794012 -0.40099737 -0.18630217 0.942311049 -0.278103262 -0.000299989566 0.877769411 -0.4790833 -0.18630217 0.942311049 -0.278103262 -0.400686949 0.515883207 -0.757175386 -0.534325719 0.585428119 -0.60972935 -0.382503003 0.734905779 -0.560004413 -0.400686949 0.515883207 -0.757175386 -0.534325719 0.585428119 -0.60972935 -0.661088645 0.558990419 -0.50049144 0.136895612 0.875572026 -0.463285178 -0.298093051 0.652084887 -0.697083771 -0.382503003 0.734905779 -0.560004413 -0.661088645 0.558990419 -0.50049144 0.0570015796 0.970126867 -0.23580654 0.136895612 0.875572026 -0.463285178 0.162209377 0.921753228 -0.352220356 -0.298093051 0.652084887 -0.697083771 0.0913963392 0.836766481 -0.539878368 0.101302162 0.73201561 -0.67371434 0.210911825 0.904150724 -0.371520817 0.332415193 0.61812824 -0.712332547 0.101302162 0.73201561 -0.67371434 0.134806752 0.950247645 -0.280814081 0.224203512 0.963115096 -0.14880234 0.332415193 0.61812824 -0.712332547 0.134806752 0.950247645 -0.280814081 0.224203512 0.963115096 -0.14880234 0.260614872 0.7295416 -0.63233608 -0.000299989566 0.877769411 -0.4790833 0.127899572 0.482698381 -0.866397083 0.260614872 0.7295416 -0.63233608 -0.000299989566 0.877769411 -0.4790833 -0.400686949 0.515883207 -0.757175386 0.127899572 0.482698381 -0.866397083 0.318603963 0.805410028 -0.499806195 -0.382503003 0.734905779 -0.560004413 -0.400686949 0.515883207 -0.757175386 0.136895612 0.875572026 -0.463285178 0.318603963 0.805410028 -0.499806195 0.39001593 0.855134964 -0.341513991 -0.382503003 0.734905779 -0.560004413 0.13089934 0.822095871 -0.554097176 0.136895612 0.875572026 -0.463285178 0.162209377 0.921753228 -0.352220356 0.39001593 0.855134964 -0.341513991 0.210911825 0.904150724 -0.371520817 0.332415193 0.61812824 -0.712332547 0.354587257 0.526981056 -0.772372186 0.490902811 0.852204859 -0.181001037 0.224203512 0.963115096 -0.14880234 0.241394565 0.967978179 -0.0688984469 0.332415193 0.61812824 -0.712332547 0.354587257 0.526981056 -0.772372186 0.224203512 0.963115096 -0.14880234 0.241394565 0.967978179 -0.0688984469 0.260614872 0.7295416 -0.63233608 0.486799866 0.62229991 -0.612999856 0.127899572 0.482698381 -0.866397083 0.260614872 0.7295416 -0.63233608 0.486799866 0.62229991 -0.612999856 0.569010377 0.35550651 -0.74151355 0.127899572 0.482698381 -0.866397083 0.318603963 0.805410028 -0.499806195 0.569010377 0.35550651 -0.74151355 0.669419587 0.646518946 -0.365910739 0.318603963 0.805410028 -0.499806195 0.386293918 0.791987538 -0.472792536 0.39001593 0.855134964 -0.341513991 0.669419587 0.646518946 -0.365910739 0.13089934 0.822095871 -0.554097176 0.386293918 0.791987538 -0.472792536 0.39001593 0.855134964 -0.341513991 -0.0247004069 0.773912728 -0.632810414 0.989957988 -0.109095372 -0.0898961872 0.976271927 -0.208994001 -0.0566983707 0.99215436 -0.124794252 -0.00749965478 0.999280334 0.00419991743 -0.0376992598 0.978841662 0.133805692 -0.154806584 0.938577175 0.226194501 -0.260593653 0.956058145 0.138893917 -0.258188695 0.976496041 -0.153899372 0.150899395 0.977506042 -0.129200786 0.166701034 0.981079578 -0.150896862 0.121297464 0.982527316 -0.185505152 0.0151004195 0.985578835 -0.101897813 -0.135097101 0.964721024 0.0432009436 -0.259705663 0.949711382 0.126801521 -0.286303431 0.946907341 -0.320302486 0.0278002154 0.944099128 -0.325999707 0.0489999503 0.942501962 -0.33420068 0 0.973598242 -0.227399603 -0.0198999643 0.998687148 -0.0127998348 -0.0495993644 0.971937835 0.206208035 -0.113204405 0.910576046 0.379889995 -0.162895709 0.922071517 -0.382888168 -0.0563982613 0.957933247 -0.279509693 -0.0651022568 0.993995607 -0.0874996111 -0.0656997114 0.990462065 0.133994877 -0.0320987701 0.952961743 0.302987844 0.00789968204 0.92565012 0.378379613 -0.000899951498 0.91667825 0.398090541 -0.0349991694 0.983138442 -0.176006883 -0.0496019423 0.994069755 0.0917972028 -0.0582982264 0.962047219 0.269113213 -0.045202218 0.945432246 0.321210951 -0.054601863 0.967356741 0.23708941 -0.0894960016 0.984382987 0.0868984982 -0.153097346 0.97862643 -0.0900024325 -0.184904993 0.999717355 -0.0136002358 -0.0195003394 0.95968914 0.180197954 -0.215697557 0.944749832 0.21211119 -0.249913186 0.96253407 0.160705686 -0.218407735 0.984302044 0.016700035 -0.175700366 0.989676774 -0.125997037 -0.0682983994 0.990894556 -0.130999282 0.031099828 0.96833533 -0.0425015502 0.246008977 0.999586761 0.0267996453 0.0103998622 0.968295157 0.0366998166 -0.247098759 0.931144536 0.0929044411 -0.352616876 0.951229751 0.108403392 -0.288809031 0.975230575 0.0953029841 -0.199606255 0.974004924 0.155100793 -0.165100828 </float_array>
          <technique_common>
            <accessor count="7601" offset="0" source="#Cube_1-normals-array" stride="3">
              <param name="X" type="float" />
              <param name="Y" type="float" />
              <param name="Z" type="float" />
            </accessor>
          </technique_common>
        </source>
        <source id="Cube_1-tex0" name="Cube_1-tex0">
          <float_array id="Cube_1-tex0-array" count="15202"> 0.625 0.5 0.625 0.5 0.62500006 0.50000006 0.625 0.5 0.625 0.5 0.375 0.5 0.375 0.5 0.375 0.5 0.375 0.5 0.37500006 0.50000006 0.625 0.75 0.62500006 0.750000119 0.625 0.75 0.625 0.75 0.62500006 0.750000119 0.375 0.75 0.375 0.75 0.375 0.75 0.37500006 0.750000119 0.37500006 0.750000119 0.875 0.5 0.62500006 0.25 0.875000119 0.50000006 0.875 0.5 0.625 0.25 0.625 0.25 0.875 0.5 0.125 0.5 0.125 0.5 0.125 0.5 0.37500006 0.25 0.375 0.25 0.375 0.25 0.375 0.25 0.875 0.75 0.875 0.75 0.62500006 1.00000012 0.875000119 0.750000119 0.625 1 0.875 0.75 0.625 1 0.375 1 0.375 1 0.375 1 0.125 0.75 0.125 0.75 0.37500006 1.00000012 0.375 0 0.62500006 0.50000006 0.62500006 0.50000006 0.62500006 0.50000006 0.37500006 0.50000006 0.37500006 0.50000006 0.37500006 0.50000006 0.62500006 0.750000119 0.62500006 0.750000119 0.62500006 0.750000119 0.37500006 0.750000119 0.37500006 0.750000119 0.37500006 0.750000119 0.625 0.25 0.875 0.5 0.875 0.5 0.125 0.5 0.375 0.25 0.375 0.25 0.875 0.75 0.875 0.75 0.625 1 0.375 1 0.375 0 0.375 1 0.125 0.5 0.125 0.5 0.375 0.25 0.125 0.5 0.125 0.75 0.125 0.75 0.375 1 0.125 0.75 0.625 1 0.875 0.75 0.625 0.25 0.875 0.5 0.125 0.5 0.125 0.5 0.375 0.25 0.375 0.25 0.125 0.75 0.125 0.75 0.375 0 0.375 0 0.625 0 0.625 0 0.875 0.75 0.625 0.25 0.875 0.5 0.625 0.25 0.125 0.75 0.125 0.75 0.375 1 0.625 1 0.875 0.75 0.375 0 0.125 0.75 0.125 0.75 0.125 0.75 0.375 0 0.625 0 0.875 0.75 0.625 0 0.625 0.25 0.875 0.5 0.125 0.5 0.375 0.25 0.125 0.5 0.875 0.5 0.625 0.25 0.625 0.25 0.125 0.5 0.375 0.25 0.125 0.5 0.375 0.25 0.625 0.25 0.875000119 0.50000006 0.875 0.5 0.125 0.5 0.125000015 0.50000006 0.375 0.25 0.62500006 0.25 0.875000119 0.50000006 0.875000119 0.50000006 0.62500006 0.25 0.125000015 0.50000006 0.37500006 0.25 0.125000015 0.50000006 0.37500006 0.25 0.375 1 0.125 0.75 0.125 0.75 0.37500006 1.00000012 0.625 1 0.875 0.75 0.62500006 1.00000012 0.375 1 0.125 0.75 0.125 0.75 0.37500006 1.00000012 0.625 1 0.62500006 1.00000012 0.875 0.75 0.125000015 0.750000119 0.375 1 0.625 1 0.875000119 0.750000119 0.375 1 0.125000015 0.750000119 0.375 1 0.625 1 0.875000119 0.750000119 0.625 1 0.125000015 0.750000119 0.37500006 0 0.875000119 0.750000119 0.62500006 0 0.125000015 0.750000119 0.37500006 1.00000012 0.62500006 1.00000012 0.875000119 0.750000119 0.625 0.25 0.875 0.5 0.375 0.25 0.125 0.5 0.625 0.25 0.62500006 0.25 0.875 0.5 0.375 0.25 0.37500006 0.25 0.125 0.5 0.125 0.53125 0.125 0.53125 0.125 0.53125 0.375 0.21875 0.125 0.5625 0.125 0.5625 0.125 0.5625 0.375 0.1875 0.125 0.59375 0.125 0.59375 0.125 0.59375 0.375 0.15625 0.125 0.625 0.125 0.625 0.125 0.625 0.375 0.125 0.125 0.65625 0.125 0.65625 0.125 0.65625 0.375 0.09375 0.125 0.6875 0.125 0.6875 0.125 0.6875 0.375 0.0625 0.125 0.71875 0.125 0.71875 0.125 0.71875 0.375 0.03125 0.34375 0.5 0.375 0.46875 0.34375 0.5 0.375 0.4375 0.3125 0.5 0.3125 0.5 0.375 0.40625 0.28125 0.5 0.28125 0.5 0.25 0.5 0.375 0.375 0.25 0.5 0.21875 0.5 0.375 0.34375 0.21875 0.5 0.1875 0.5 0.375 0.3125 0.1875 0.5 0.15625 0.5 0.375 0.28125 0.15625 0.5 0.59375 0.490180135 0.59375 0.490180135 0.59375 0.490180135 0.5625 0.478732646 0.5625 0.478732646 0.5625 0.478732646 0.53125006 0.469238281 0.53125006 0.469238281 0.53125006 0.469238281 0.50000006 0.465277791 0.50000006 0.465277791 0.50000006 0.465277791 0.46875006 0.469238281 0.46875006 0.469238281 0.46875006 0.469238281 0.43750003 0.478732646 0.4375 0.478732646 0.4375 0.478732646 0.40625 0.490180135 0.40625 0.490180135 0.40625 0.490180135 0.40625 1 0.40625 1 0.40625 1 0.40625 1 0.4375 1 0.4375 1 0.4375 1 0.43750003 1.00000012 0.46875 1 0.46875 1 0.46875 1 0.46875 1 0.5 1 0.50000006 1.00000012 0.5 1 0.5 1 0.53125 1 0.53125 1 0.53125 1 0.53125 1 0.56250006 1.00000012 0.5625 1 0.5625 1 0.5625 1 0.59375 1 0.59375 1 0.59375 1 0.59375 1 0.59375 0.75 0.59375 0.75 0.59375 0.75 0.5625 0.75 0.56250006 0.75000006 0.56250006 0.75000006 0.53125 0.75 0.53125 0.75 0.53125 0.75 0.5 0.75 0.50000006 0.75000006 0.50000006 0.75000006 0.46875 0.75 0.46875 0.75 0.46875 0.75 0.4375 0.75 0.43750003 0.75000006 0.43750003 0.75000006 0.40625 0.75 0.40625 0.75 0.40625 0.75 0.59375 0.25 0.59375 0.25 0.59375 0.25 0.59375 0.25 0.56250006 0.25 0.5625 0.25 0.5625 0.25 0.5625 0.25 0.53125 0.25 0.53125 0.25 0.53125 0.25 0.53125 0.25 0.50000006 0.25 0.5 0.25 0.5 0.25 0.5 0.25 0.46875 0.25 0.46875 0.25 0.46875 0.25 0.46875 0.25 0.43750003 0.25 0.4375 0.25 0.4375 0.25 0.4375 0.25 0.40625 0.25 0.40625 0.25 0.40625 0.25 0.40625 0.25 0.625 0.78125 0.65625 0.75 0.65625 0.75 0.65625 0.75 0.6875 0.75 0.6875 0.75 0.6875 0.75 0.625 0.8125 0.71875 0.75 0.71875 0.75 0.71875 0.75 0.625 0.84375 0.625 0.875 0.75 0.75 0.75 0.75 0.75 0.75 0.625 0.90625 0.78125 0.75 0.78125 0.75 0.78125 0.75 0.8125 0.75 0.625 0.9375 0.8125 0.75 0.8125 0.75 0.84375 0.75 0.84375 0.75 0.84375 0.75 0.625 0.96875 0.625 0.53125 0.62500006 0.53125 0.62500006 0.53125 0.625 0.5625 0.625000119 0.56250006 0.625000119 0.56250006 0.625 0.59375 0.625 0.59375 0.625 0.59375 0.625 0.625 0.62500006 0.625000119 0.62500006 0.625000119 0.625 0.65625 0.625 0.65625 0.625 0.65625 0.62500006 0.68750006 0.62500006 0.68750006 0.625 0.6875 0.625 0.71875 0.62500006 0.71875 0.62500006 0.71875 0.375 0.96875 0.375 0.96875 0.15625 0.75 0.375 0.96875 0.375 0.9375 0.1875 0.75 0.375 0.9375 0.375 0.9375 0.375 0.90625 0.21875 0.75 0.375 0.90625 0.375 0.90625 0.375 0.875 0.25 0.75 0.375 0.875 0.375 0.875 0.375 0.84375 0.28125 0.75 0.375 0.84375 0.375 0.84375 0.375 0.8125 0.375 0.8125 0.3125 0.75 0.375 0.8125 0.375 0.78125 0.375 0.78125 0.375 0.78125 0.34375 0.75 0.875 0.71875 0.875 0.71875 0.87500006 0.71875 0.875 0.6875 0.875 0.6875 0.87500006 0.68750006 0.875 0.65625 0.875 0.65625 0.875 0.65625 0.875000119 0.625000119 0.875 0.625 0.875 0.625 0.875 0.59375 0.875 0.59375 0.875 0.59375 0.875 0.5625 0.875 0.56250006 0.875 0.5625 0.875 0.53125 0.87500006 0.53125 0.875 0.53125 0.625 0.28125 0.84375 0.5 0.84375 0.5 0.8125 0.5 0.625 0.3125 0.8125 0.5 0.78125 0.5 0.625 0.34375 0.78125 0.5 0.625 0.375 0.75 0.5 0.75 0.5 0.625 0.40625 0.71875 0.5 0.71875 0.5 0.625 0.4375 0.6875 0.5 0.6875 0.5 0.625 0.46875 0.65625 0.5 0.65625 0.5 0.375 0.71875 0.375 0.71875 0.375 0.71875 0.375 0.6875 0.37500003 0.68750006 0.37500003 0.68750006 0.375 0.65625 0.375 0.65625 0.375 0.65625 0.37500003 0.62500006 0.37500003 0.62500006 0.375 0.625 0.375 0.59375 0.375 0.59375 0.375 0.59375 0.375 0.5625 0.37500003 0.56250006 0.37500003 0.56250006 0.375 0.53125 0.375 0.53125 0.375 0.53125 0.375 0.21875 0.375 0.1875 0.375 0.15625 0.375 0.125 0.375 0.09375 0.375 0.0625 0.375 0.03125 0.34375 0.5 0.31250003 0.50000006 0.28125 0.5 0.25000003 0.50000006 0.21875 0.5 0.1875 0.5 0.15625 0.5 0.59375006 0.50000006 0.59375006 0.50000006 0.56250006 0.50000006 0.56250006 0.50000006 0.53125006 0.50000006 0.53125006 0.50000006 0.50000006 0.50000006 0.50000006 0.50000006 0.46875 0.5 0.46875 0.5 0.43750003 0.50000006 0.43750003 0.50000006 0.40625 0.5 0.40625 0.5 0.40625 1 0.40625 1 0.4375 1 0.4375 1 0.46875 1 0.46875 1 0.5 1 0.5 1 0.53125 1 0.53125 1 0.5625 1 0.5625 1 0.59375 1 0.59375 1 0.59375006 0.75000006 0.59375006 0.75000006 0.56250006 0.75000006 0.56250006 0.75000006 0.53125006 0.750000119 0.53125006 0.750000119 0.50000006 0.75000006 0.50000006 0.75000006 0.46875 0.75 0.46875 0.75 0.43750003 0.75000006 0.43750003 0.75000006 0.40625 0.75 0.40625 0.75 0.59375 0.25 0.59375 0.25 0.5625 0.25 0.5625 0.25 0.53125 0.25 0.53125 0.25 0.5 0.25 0.5 0.25 0.46875 0.25 0.46875 0.25 0.4375 0.25 0.4375 0.25 0.40625 0.25 0.40625 0.25 0.65625006 0.75000006 0.65625006 0.75000006 0.68750006 0.75000006 0.68750006 0.75000006 0.71875006 0.750000119 0.71875006 0.750000119 0.75000006 0.75000006 0.75000006 0.75000006 0.78125 0.75 0.78125 0.75 0.8125 0.75 0.8125 0.75 0.84375 0.75 0.84375 0.75 0.62500006 0.53125006 0.62500006 0.53125006 0.625000119 0.56250006 0.625000119 0.56250006 0.62500006 0.59375006 0.62500006 0.59375006 0.62500006 0.625000119 0.62500006 0.625000119 0.625 0.65625 0.625 0.65625 0.62500006 0.68750006 0.62500006 0.68750006 0.62500006 0.71875 0.62500006 0.71875 0.375 0.96875 0.375 0.96875 0.375 0.9375 0.375 0.9375 0.375 0.90625 0.375 0.90625 0.37500003 0.87500006 0.37500003 0.87500006 0.37500006 0.843750119 0.37500006 0.843750119 0.37500003 0.81250006 0.37500003 0.81250006 0.37500003 0.78125006 0.37500003 0.78125006 0.875 0.71875 0.875 0.6875 0.875 0.65625 0.875 0.625 0.875 0.59375 0.875 0.5625 0.875 0.53125 0.84375 0.5 0.8125 0.5 0.78125 0.5 0.75 0.5 0.71875006 0.50000006 0.68750006 0.50000006 0.65625006 0.50000006 0.37500003 0.71875006 0.37500003 0.71875006 0.37500003 0.68750006 0.37500003 0.68750006 0.37500006 0.65625006 0.37500006 0.65625006 0.37500003 0.62500006 0.37500003 0.62500006 0.375 0.59375 0.375 0.59375 0.37500003 0.56250006 0.37500003 0.56250006 0.375 0.53125 0.375 0.53125 0.37500003 0.50000006 0.37500003 0.50000006 0.37500003 0.50000006 0.37500003 0.50000006 0.37500003 0.50000006 0.37500003 0.50000006 0.37500003 0.50000006 0.37500003 0.50000006 0.37500003 0.50000006 0.37500003 0.50000006 0.37500006 0.50000006 0.37500006 0.50000006 0.37500006 0.50000006 0.37500006 0.50000006 0.37500006 0.50000006 0.37500003 0.50000006 0.37500003 0.50000006 0.37500003 0.50000006 0.37500003 0.50000006 0.37500003 0.50000006 0.375 0.5 0.37500006 0.50000006 0.375 0.5 0.37500006 0.50000006 0.375 0.5 0.375 0.5 0.37500003 0.50000006 0.37500003 0.50000006 0.375 0.5 0.375 0.5 0.375 0.5 0.37500003 0.50000006 0.375 0.5 0.375 0.5 0.37500003 0.50000006 0.375 0.75 0.375 0.75 0.37500003 0.75000006 0.37500003 0.75000006 0.37500003 0.75000006 0.37500003 0.75000006 0.375 0.75 0.375 0.75 0.37500003 0.75000006 0.37500003 0.75000006 0.37500003 0.75000006 0.37500003 0.75000006 0.375 0.75 0.375 0.75 0.37500006 0.750000119 0.37500006 0.750000119 0.37500006 0.750000119 0.37500006 0.750000119 0.37500003 0.75000006 0.37500003 0.75000006 0.37500003 0.75000006 0.37500003 0.75000006 0.37500003 0.75000006 0.37500003 0.75000006 0.37500006 0.750000119 0.375 0.75 0.375 0.75 0.375 0.75 0.375 0.75 0.37500006 0.750000119 0.37500003 0.75000006 0.37500003 0.75000006 0.37500003 0.75000006 0.37500003 0.75000006 0.37500003 0.75000006 0.37500003 0.75000006 0.37500003 0.75000006 0.375 0.75 0.375 0.75 0.37500003 0.75000006 0.375 0.75 0.375 0.75 0.125 0.5 0.375 0.25 0.375 0.25 0.375 0.25 0.125 0.5 0.375 0.25 0.375 0.25 0.375 0.25 0.125 0.5 0.375 0.25 0.375 0.25 0.375 0.25 0.125 0.5 0.375 0.25 0.375 0.25 0.375 0.25 0.125 0.5 0.375 0.25 0.375 0.25 0.375 0.25 0.125 0.5 0.375 0.25 0.375 0.25 0.375 0.25 0.125 0.5 0.375 0.25 0.375 0.25 0.375 0.25 0.375 0 0.375 1 0.375 1 0.375 1 0.375 1 0.375 0 0.375 1 0.375 1 0.375 1 0.375 1 0.375 0 0.375 1 0.375 1 0.375 1 0.375 1 0.375 0 0.375 1 0.375 1 0.375 1 0.375 1 0.375 0 0.375 1 0.375 1 0.375 1 0.375 1 0.375 0 0.375 1 0.375 1 0.375 1 0.375 1 0.375 1 0.375 1 0.375 1 0.375 1 0.375 0 0.625 0.25 0.875 0.5 0.625 0.25 0.875 0.5 0.875 0.5 0.875 0.5 0.625 0.25 0.625 0.25 0.875 0.5 0.875 0.5 0.625 0.25 0.625 0.25 0.875 0.5 0.875 0.5 0.625 0.25 0.625 0.25 0.875 0.5 0.875 0.5 0.625 0.25 0.625 0.25 0.875 0.5 0.875 0.5 0.625 0.25 0.625 0.25 0.875 0.5 0.625 0.25 0.625 0.25 0.875 0.5 0.625 0.5 0.62500006 0.50000006 0.625 0.5 0.62500006 0.50000006 0.625 0.5 0.625 0.5 0.625 0.5 0.625 0.5 0.62500006 0.50000006 0.62500006 0.50000006 0.625 0.5 0.625 0.5 0.625 0.5 0.62500006 0.50000006 0.62500006 0.50000006 0.62500006 0.50000006 0.62500006 0.50000006 0.62500006 0.50000006 0.62500006 0.50000006 0.62500006 0.50000006 0.625 0.5 0.625 0.5 0.625 0.5 0.625 0.5 0.625 0.5 0.625000119 0.50000006 0.625000119 0.50000006 0.625000119 0.50000006 0.625000119 0.50000006 0.625000119 0.50000006 0.62500006 0.5 0.62500006 0.5 0.62500006 0.5 0.62500006 0.5 0.62500006 0.5 0.875 0.75 0.875 0.75 0.625 1 0.875 0.75 0.625 1 0.875 0.75 0.875 0.75 0.625 1 0.625 1 0.875 0.75 0.875 0.75 0.875 0.75 0.625 1 0.625 1 0.875 0.75 0.875 0.75 0.875 0.75 0.625 1 0.625 1 0.875 0.75 0.875 0.75 0.875 0.75 0.625 1 0.625 1 0.875 0.75 0.875 0.75 0.875 0.75 0.625 1 0.625 1 0.875 0.75 0.875 0.75 0.875 0.75 0.625 1 0.875 0.75 0.625 1 0.62500006 0.75000006 0.625 0.75 0.62500006 0.75000006 0.62500006 0.75000006 0.625 0.75 0.62500006 0.75000006 0.62500006 0.75000006 0.625 0.75 0.625 0.75 0.62500006 0.75000006 0.62500006 0.75000006 0.62500006 0.75000006 0.625 0.75 0.62500006 0.750000119 0.62500006 0.750000119 0.62500006 0.750000119 0.625 0.75 0.62500006 0.750000119 0.62500006 0.75000006 0.62500006 0.75000006 0.62500006 0.75000006 0.62500006 0.75000006 0.62500006 0.75000006 0.62500006 0.75000006 0.62500006 0.750000119 0.625 0.75 0.62500006 0.750000119 0.625 0.75 0.625 0.75 0.625 0.75 0.625000119 0.75000006 0.625000119 0.75000006 0.625000119 0.75000006 0.625000119 0.75000006 0.625000119 0.75000006 0.625000119 0.75000006 0.62500006 0.75 0.62500006 0.75 0.62500006 0.75 0.62500006 0.75 0.62500006 0.75000006 0.62500006 0.75000006 0.125 0.531494141 0.125 0.531494141 0.125 0.531494141 0.125 0.531494141 0.125 0.563151002 0.125 0.563151002 0.125 0.563151002 0.125 0.563151002 0.125 0.594482422 0.125 0.594482422 0.125 0.594482422 0.125 0.594482422 0.124999985 0.625 0.124999985 0.625 0.124999985 0.625 0.124999985 0.625 0.125 0.655517638 0.125 0.655517638 0.125 0.655517638 0.125 0.655517638 0.125 0.686848998 0.125 0.686848998 0.125 0.686848998 0.125 0.686848998 0.125 0.718505919 0.125 0.718505919 0.125 0.718505859 0.125 0.718505859 0.40625 1 0.4375 1 0.43750003 1 0.46875006 1 0.50000006 1 0.53125006 1 0.5625 1 0.59375 1 0.59375 0.25 0.5625 0.25 0.53125006 0.25 0.50000006 0.25 0.46875006 0.25 0.4375 0.25 0.43750003 0.25 0.40625 0.25 0.87500006 0.718505919 0.87500006 0.718505859 0.87500006 0.686848998 0.875000119 0.686848998 0.875 0.655517697 0.875 0.62500006 0.875 0.594482481 0.875 0.594482422 0.87500006 0.563151062 0.875000119 0.563151062 0.87500006 0.531494141 0.125 0.75 0.37500003 1.00000012 0.125 0.75 0.125 0.75 0.37500003 1.00000012 0.125 0.75 0.125 0.75 0.37500006 1.00000012 0.125 0.75 0.125 0.75 0.375 1 0.125 0.75 0.125 0.75 0.375 1 0.125 0.75 0.125 0.75 0.375 1 0.125 0.75 0.375 1 0.125 0.75 0.125 0.75 0.125 0.5 0.375 0.25 0.125 0.5 0.375 0.25 0.125 0.5 0.125 0.5 0.375 0.25 0.125 0.5 0.125 0.5 0.375 0.25 0.125 0.5 0.125 0.5 0.37500006 0.25 0.125 0.5 0.125 0.5 0.125 0.5 0.37500003 0.25 0.125 0.5 0.37500003 0.25 0.125 0.5 0.125 0.5 0.62500006 0.25 0.87500006 0.50000006 0.62500006 0.25 0.87500006 0.50000006 0.62500006 0.25 0.875000119 0.50000006 0.625 0.25 0.875 0.5 0.625 0.25 0.875 0.5 0.625 0.25 0.875 0.5 0.625 0.25 0.875 0.5 0.625 1 0.875 0.75 0.625 1 0.875 0.75 0.625 1 0.875 0.75 0.625 1 0.875 0.75 0.62500006 1.00000012 0.875000119 0.750000119 0.62500006 1.00000012 0.87500006 0.75000006 0.62500006 1.00000012 0.87500006 0.75000006 0.125 0.53125 0.125 0.53125 0.375 0.21875 0.375 0.21875 0.125 0.5625 0.375 0.1875 0.125 0.5625 0.375 0.1875 0.125 0.59375 0.125 0.59375 0.375 0.15625 0.375 0.15625 0.125 0.625 0.125 0.625 0.375 0.125 0.375 0.125 0.125 0.65625 0.125 0.65625 0.375 0.09375 0.375 0.09375 0.125 0.6875 0.125 0.6875 0.375 0.0625 0.375 0.0625 0.125 0.71875 0.125 0.71875 0.375 0.03125 0.375 0.03125 0.40625 0.00981986523 0.40625 0.00981986523 0.40625 0.00981986523 0.4375 0.0212673545 0.43750003 0.0212673545 0.4375 0.0212673545 0.46875006 0.0307617188 0.46875006 0.0307617188 0.46875006 0.0307617188 0.50000006 0.034722209 0.50000006 0.034722209 0.50000006 0.034722209 0.53125006 0.0307617188 0.53125006 0.0307617188 0.53125006 0.0307617188 0.5625 0.0212673545 0.5625 0.0212673545 0.5625 0.0212673545 0.59375 0.00981986523 0.59375 0.00981986523 0.59375 0.00981986523 0.59375 0.240180135 0.59375 0.240180135 0.59375 0.240180135 0.59375 0.240180135 0.5625 0.228732646 0.5625 0.228732646 0.5625 0.228732646 0.5625 0.228732646 0.53125006 0.219238281 0.53125006 0.219238281 0.53125006 0.219238281 0.53125006 0.219238281 0.50000006 0.215277791 0.50000006 0.215277791 0.50000006 0.215277791 0.50000006 0.215277791 0.46875006 0.219238281 0.46875006 0.219238281 0.46875006 0.219238281 0.46875006 0.219238281 0.43750003 0.228732646 0.4375 0.228732646 0.43750003 0.228732646 0.4375 0.228732646 0.40625 0.240180135 0.40625 0.240180135 0.40625 0.240180135 0.40625 0.240180135 0.875 0.71875 0.625 0.03125 0.625 0.03125 0.875 0.6875 0.625 0.0625 0.625 0.0625 0.875 0.65625 0.625 0.09375 0.625 0.09375 0.875 0.625 0.625 0.125 0.625 0.125 0.875 0.59375 0.625 0.15625 0.625 0.15625 0.875 0.5625 0.625 0.1875 0.625 0.1875 0.875 0.53125 0.625 0.21875 0.625 0.21875 0.87500006 0.740180135 0.875000119 0.728732646 0.875000119 0.719238281 0.87500006 0.715277791 0.875000119 0.719238341 0.875000119 0.728732705 0.87500006 0.740180135 0.125 0.740180135 0.125 0.740180135 0.125 0.740180135 0.125 0.728732705 0.125 0.728732705 0.125 0.728732705 0.125 0.719238341 0.125 0.719238341 0.125 0.719238341 0.125 0.715277791 0.125 0.715277791 0.125 0.715277791 0.125 0.719238281 0.125 0.719238281 0.125 0.719238281 0.125 0.728732646 0.125 0.728732646 0.125 0.728732646 0.125 0.740180135 0.125 0.740180135 0.125 0.740180135 0.125 0.509819865 0.125 0.509819865 0.125 0.509819865 0.125 0.509819865 0.125 0.521267414 0.125 0.521267414 0.125 0.521267414 0.125 0.521267414 0.125 0.530761719 0.125 0.530761719 0.125 0.530761719 0.125 0.530761719 0.125 0.534722209 0.125 0.534722209 0.125 0.534722209 0.125 0.534722209 0.125 0.530761719 0.125 0.530761719 0.125 0.530761719 0.125 0.530761719 0.125 0.521267354 0.125 0.521267354 0.125 0.521267354 0.125 0.521267354 0.125 0.509819865 0.125 0.509819865 0.125 0.509819865 0.125 0.509819865 0.87500006 0.509819925 0.87500006 0.509819865 0.875000119 0.521267414 0.875000119 0.521267354 0.875000119 0.530761719 0.87500006 0.534722209 0.87500006 0.530761719 0.875000119 0.530761719 0.87500006 0.521267354 0.875000119 0.521267414 0.87500006 0.509819925 0.87500006 0.509819865 0.40625 1 0.4375 1 0.43750003 1 0.46875006 1 0.50000006 1 0.53125006 1 0.5625 1 0.59375 1 0.40625 0 0.40625 0 0.40625 0 0.43750003 0 0.4375 0 0.43750003 0 0.46875006 0 0.46875006 0 0.46875006 0 0.50000006 0 0.50000006 0 0.50000006 0 0.53125006 0 0.53125006 0 0.53125006 0 0.5625 0 0.5625 0 0.5625 0 0.59375 0 0.59375 0 0.59375 0 0.87500006 0.75 0.87500006 0.75000006 0.875000119 0.75000006 0.875 0.75 0.875 0.749999881 0.875 0.75 0.87500006 0.75000006 0.875000119 0.75000006 0.87500006 0.75 0.125 0.75 0.125 0.75 0.125 0.75 0.125 0.75000006 0.125 0.75000006 0.125 0.75000006 0.125 0.75 0.125 0.75 0.125 0.75 0.124999985 0.749999881 0.124999985 0.749999881 0.124999985 0.749999881 0.125 0.75 0.125 0.75 0.125 0.75 0.125 0.75000006 0.125 0.75000006 0.125 0.75000006 0.125 0.75 0.125 0.75 0.125 0.75 0.625 1 0.875 0.75 0.625 1 0.875 0.75 0.625 1 0.875 0.75 0.625 1 0.875 0.75 0.625 1 0.875 0.75 0.625 1 0.875 0.75 0.625 1 0.875 0.75 0.125 0.75 0.375 1 0.125 0.75 0.375 1 0.125 0.75 0.375 1 0.125 0.75 0.375 1 0.125 0.75 0.375 1 0.125 0.75 0.375 1 0.125 0.75 0.375 1 0.625 0 0.875 0.75 0.625 0 0.875 0.75 0.625 0 0.875 0.75 0.625 0 0.875 0.75 0.625 0 0.875 0.75 0.625 0 0.875 0.75 0.625 0 0.875 0.75 0.125 0.75 0.375 0 0.125 0.75 0.375 0 0.125 0.75 0.375 0 0.125 0.75 0.375 0 0.125 0.75 0.375 0 0.125 0.75 0.375 0 0.125 0.75 0.375 0 0.59375 0.25 0.5625 0.25 0.53125006 0.25 0.50000006 0.25 0.46875006 0.25 0.4375 0.25 0.43750003 0.25 0.40625 0.25 0.59375 0.25 0.59375 0.25 0.59375 0.25 0.59375 0.25 0.5625 0.25 0.5625 0.25 0.5625 0.25 0.5625 0.25 0.53125006 0.25 0.53125006 0.25 0.53125006 0.25 0.53125006 0.25 0.50000006 0.25 0.50000006 0.25 0.50000006 0.25 0.50000006 0.25 0.46875006 0.25 0.46875006 0.25 0.46875006 0.25 0.46875006 0.25 0.43750003 0.25 0.4375 0.25 0.43750003 0.25 0.4375 0.25 0.40625 0.25 0.40625 0.25 0.40625 0.25 0.40625 0.25 0.125 0.5 0.125 0.5 0.125 0.5 0.125 0.5 0.125 0.5 0.125 0.5 0.125 0.5 0.125 0.5 0.125 0.5 0.125 0.5 0.125 0.5 0.125 0.5 0.125 0.5 0.125 0.5 0.125 0.5 0.125 0.5 0.125 0.5 0.125 0.5 0.125 0.5 0.125 0.5 0.125 0.5 0.125 0.5 0.125 0.5 0.125 0.5 0.125 0.5 0.125 0.5 0.125 0.5 0.125 0.5 0.87500006 0.5 0.875000119 0.5 0.875000119 0.5 0.875000119 0.5 0.875000119 0.5 0.875000119 0.5 0.87500006 0.5 0.125 0.5 0.125 0.5 0.375 0.25 0.375 0.25 0.125 0.5 0.125 0.5 0.375 0.25 0.375 0.25 0.125 0.5 0.125 0.5 0.375 0.25 0.375 0.25 0.125 0.5 0.125 0.5 0.375 0.25 0.375 0.25 0.125 0.5 0.125 0.5 0.375 0.25 0.375 0.25 0.125 0.5 0.375 0.25 0.125 0.5 0.375 0.25 0.125 0.5 0.375 0.25 0.125 0.5 0.375 0.25 0.125 0.5 0.125 0.5 0.375 0.25 0.125 0.5 0.125 0.5 0.375 0.25 0.125 0.5 0.125 0.5 0.375 0.25 0.125 0.5 0.125 0.5 0.375 0.25 0.125 0.5 0.125 0.5 0.375 0.25 0.125 0.5 0.125 0.5 0.375 0.25 0.125 0.5 0.375 0.25 0.125 0.5 0.625 0.25 0.875 0.5 0.625 0.25 0.625 0.25 0.625 0.25 0.875 0.5 0.625 0.25 0.875 0.5 0.625 0.25 0.875 0.5 0.625 0.25 0.625 0.25 0.875 0.5 0.625 0.25 0.625 0.25 0.875 0.5 0.625 0.25 0.625 0.25 0.875 0.5 0.625 0.25 0.625 0.25 0.625 0.25 0.875 0.5 0.625 0.25 0.875 0.5 0.625 0.25 0.875 0.5 0.625 0.25 0.875 0.5 0.625 0.25 0.875 0.5 0.625 0.25 0.875 0.5 0.625 0.25 0.875 0.5 0.59375 0.25 0.5625 0.25 0.53125006 0.25 0.50000006 0.25 0.46875006 0.25 0.4375 0.25 0.43750003 0.25 0.40625 0.25 0.59375006 0.25 0.59375006 0.25 0.59375006 0.25 0.56250006 0.25 0.56250006 0.25 0.56250006 0.25 0.53125006 0.25 0.53125006 0.25 0.53125006 0.25 0.50000006 0.25 0.50000006 0.25 0.50000006 0.25 0.46875006 0.25 0.46875 0.25 0.46875 0.25 0.43750003 0.25 0.43750003 0.25 0.43750003 0.25 0.40625003 0.25 0.40625 0.25 0.40625 0.25 0.125 0.5 0.125 0.5 0.125 0.5 0.125 0.5 0.125 0.5 0.125 0.5 0.125000015 0.50000006 0.125000015 0.50000006 0.125 0.5 0.125 0.5 0.125 0.5 0.125 0.5 0.125000015 0.50000006 0.125000015 0.50000006 0.125000015 0.50000006 0.125000015 0.50000006 0.125000015 0.50000006 0.125000015 0.50000006 0.125000015 0.50000006 0.125000015 0.50000006 0.125000015 0.50000006 0.125000015 0.50000006 0.125000015 0.50000006 0.125000015 0.50000006 0.125000015 0.50000006 0.125000015 0.50000006 0.125000015 0.50000006 0.125000015 0.50000006 0.87500006 0.50000006 0.87500006 0.5 0.87500006 0.50000006 0.87500006 0.50000006 0.875000119 0.50000006 0.875 0.5 0.875000119 0.50000006 0.875 0.5 0.875 0.5 0.875000119 0.50000006 0.875 0.5 0.875 0.50000006 0.875 0.5 0.87500006 0.50000006 0.875 0.5 0.625 0.25 0.625 0.25 0.875 0.5 0.625 0.25 0.625 0.25 0.875 0.5 0.625 0.25 0.625 0.25 0.875000119 0.50000006 0.62500006 0.25 0.62500006 0.25 0.875000119 0.50000006 0.625 0.25 0.625 0.25 0.875 0.50000006 0.625000119 0.25 0.625000119 0.25 0.87500006 0.50000006 0.62500006 0.25 0.62500006 0.25 0.125 0.5 0.125 0.5 0.37500003 0.25 0.37500003 0.25 0.125000015 0.50000006 0.125000015 0.50000006 0.37500003 0.25 0.37500003 0.25 0.125 0.5 0.125 0.5 0.37500006 0.25 0.37500006 0.25 0.125000015 0.50000006 0.125000015 0.50000006 0.37500003 0.25 0.37500003 0.25 0.125 0.5 0.125 0.5 0.375 0.25 0.375 0.25 0.125 0.5 0.125 0.5 0.375 0.25 0.375 0.25 0.125 0.5 0.125 0.5 0.375 0.25 0.375 0.25 0.125000015 0.50000006 0.125000015 0.50000006 0.375 0.25 0.125000015 0.50000006 0.125000015 0.50000006 0.375 0.25 0.125000015 0.50000006 0.125000015 0.50000006 0.375 0.25 0.125000015 0.50000006 0.125000015 0.50000006 0.375 0.25 0.125 0.5 0.125 0.5 0.375 0.25 0.125 0.5 0.125 0.5 0.375 0.25 0.125 0.5 0.375 0.25 0.125 0.5 0.625 0.25 0.87500006 0.5 0.625 0.25 0.875 0.50000006 0.625 0.25 0.875 0.5 0.625 0.25 0.875000119 0.50000006 0.625 0.25 0.875 0.5 0.625 0.25 0.875 0.5 0.625 0.25 0.875 0.5 0.40625 1 0.40625 1 0.40625 1 0.4375 1 0.43750003 1.00000012 0.43750003 1.00000012 0.46875 1 0.46875 1 0.46875 1 0.5 1 0.50000006 1.00000012 0.50000006 1.00000012 0.53125 1 0.53125 1 0.53125 1 0.5625 1 0.56250006 1.00000012 0.56250006 1.00000012 0.59375 1 0.59375 1 0.59375 1 0.40625 1 0.40625 1 0.4375 1 0.43750003 1.00000012 0.46875 1 0.46875 1 0.5 1 0.50000006 1.00000012 0.53125 1 0.53125 1 0.5625 1 0.56250006 1.00000012 0.59375 1 0.59375 1 0.625 1 0.875 0.75 0.625 1 0.875 0.75 0.625 1 0.875 0.75 0.625 1 0.875 0.75 0.625 1 0.875 0.75 0.625 1 0.875 0.75 0.625 1 0.875 0.75 0.375 1 0.125 0.75 0.125 0.75 0.125 0.75 0.125 0.75 0.375 1 0.375 1 0.125 0.75 0.125 0.75 0.375 1 0.125 0.75 0.125 0.75 0.375 1 0.125 0.75 0.125 0.75 0.375 1 0.125 0.75 0.125 0.75 0.375 1 0.125 0.75 0.125 0.75 0.87500006 0.75 0.87500006 0.75000006 0.875000119 0.75000006 0.87500006 0.75000006 0.875000119 0.75000006 0.87500006 0.75 0.875000119 0.75000006 0.875000119 0.75000006 0.87500006 0.75 0.87500006 0.75 0.875000119 0.75000006 0.875000119 0.75000006 0.87500006 0.75 0.875000119 0.75000006 0.875000119 0.75000006 0.87500006 0.75 0.125 0.75 0.125 0.75 0.125 0.75 0.125 0.75000006 0.125 0.75000006 0.125 0.75000006 0.125 0.75000006 0.125 0.75000006 0.125 0.75000006 0.125 0.75 0.125 0.75 0.125 0.75 0.125 0.75000006 0.125 0.75000006 0.125 0.75000006 0.125 0.75000006 0.125 0.75000006 0.125 0.75000006 0.125 0.75 0.125 0.75 0.125 0.75 0.125 0.75 0.125 0.75 0.125 0.75 0.125 0.75 0.125 0.75000006 0.125 0.75000006 0.125 0.75000006 0.125 0.75000006 0.125 0.75000006 0.125 0.75000006 0.125 0.75000006 0.125 0.75000006 0.125 0.75 0.125 0.75 0.125 0.75 0.125 0.75 0.125 0.75000006 0.125 0.75000006 0.125 0.75000006 0.125 0.75000006 0.125 0.75000006 0.125 0.75000006 0.125 0.75000006 0.125 0.75000006 0.125 0.75 0.125 0.75 0.125 0.75 0.125 0.75 0.40625 1 0.4375 1 0.43750003 1 0.46875006 1 0.50000006 1 0.53125006 1 0.5625 1 0.59375 1 0.40625 1 0.40625 1 0.40625 1 0.43750003 1 0.4375 1 0.4375 1 0.46875006 1 0.46875006 1 0.46875006 1 0.50000006 1 0.50000006 1 0.50000006 1 0.53125006 1 0.53125006 1 0.53125006 1 0.5625 1 0.5625 1 0.5625 1 0.59375 1 0.59375 1 0.59375 1 0.625 1 0.87500006 0.75000006 0.625 1 0.875 0.75000006 0.625 1 0.875000119 0.750000119 0.625 1 0.875000119 0.75000006 0.625 1 0.875 0.75 0.625 1 0.87500006 0.75000006 0.625 1 0.87500006 0.75 0.125 0.75 0.375 1 0.125000015 0.75000006 0.375 1 0.125 0.75 0.375 1 0.125000015 0.75000006 0.375 1 0.125000015 0.750000119 0.375 1 0.125000015 0.75000006 0.375 1 0.125000015 0.75000006 0.375 1 0.125 0.75 0.37500003 1.00000012 0.37500003 1.00000012 0.37500003 1.00000012 0.125 0.75 0.37500003 1.00000012 0.37500006 1.00000012 0.125 0.75 0.37500006 1.00000012 0.375 1 0.125000015 0.75000006 0.375 1 0.375 1 0.375 1 0.125000015 0.750000119 0.375 1 0.125000015 0.75000006 0.375 1 0.375 1 0.125000015 0.75000006 0.375 1 0.87500006 0.75 0.625 1 0.625 1 0.875 0.75000006 0.625 1 0.625 1 0.875 0.75 0.625 1 0.625 1 0.625 1 0.875000119 0.75000006 0.625 1 0.62500006 1.00000012 0.62500006 1.00000012 0.875 0.75 0.62500006 1.00000012 0.62500006 1.00000012 0.875 0.75 0.62500006 1.00000012 0.875 0.75 0.62500006 1.00000012 0.625 1 0.875 0.75 0.625 1 0.875 0.75 0.625 1 0.875 0.75 0.625 1 0.875000119 0.75000006 0.625 1 0.875000119 0.750000119 0.625 1 0.875 0.75000006 0.625 1 0.87500006 0.75000006 0.125 0.75 0.375 1 0.125000015 0.75000006 0.375 1 0.125 0.75 0.375 1 0.125000015 0.75000006 0.375 1 0.125 0.75 0.375 1 0.125 0.75 0.375 1 0.125 0.75 0.375 1 0.40625003 0 0.40625003 0 0.43750003 0 0.43750003 0 0.46875006 0 0.46875006 0 0.50000006 0 0.50000006 0 0.53125 0 0.53125 0 0.56250006 0 0.56250006 0 0.59375 0 0.59375 0 0.40625 1 0.43750003 1.00000012 0.46875 1 0.50000006 1.00000012 0.53125006 1.00000012 0.56250006 1.00000012 0.59375006 1.00000012 0.87500006 0.75000006 0.875 0.75000006 0.875000119 0.750000119 0.875000119 0.75000006 0.875 0.75 0.87500006 0.75000006 0.87500006 0.75 0.125000015 0.75000006 0.125000015 0.75000006 0.125000015 0.75000006 0.125000015 0.75000006 0.125000015 0.750000119 0.125000015 0.750000119 0.125000015 0.75000006 0.125000015 0.75000006 0.125 0.75 0.125 0.75 0.125000015 0.75000006 0.125000015 0.75000006 0.125 0.75 0.125 0.75 0.125 0.75 0.125 0.75 0.37500003 1.00000012 0.125 0.75 0.125 0.75 0.37500003 1.00000012 0.125 0.75 0.125 0.75 0.37500006 1.00000012 0.125000015 0.75000006 0.37500003 1.00000012 0.125000015 0.75000006 0.125 0.75 0.125 0.75 0.37500006 1.00000012 0.37500003 1.00000012 0.125000015 0.75000006 0.125000015 0.75000006 0.37500003 1.00000012 0.125 0.75 0.125 0.75 0.125000015 0.75000006 0.375 0 0.125000015 0.75000006 0.375 0 0.125000015 0.75000006 0.37500003 0 0.125000015 0.75000006 0.37500003 0 0.125000015 0.750000119 0.125000015 0.750000119 0.375 0 0.375 0 0.125000015 0.75000006 0.125000015 0.75000006 0.37500003 0 0.37500003 0 0.125 0.75 0.125 0.75 0.375 0 0.375 0 0.125 0.75 0.125 0.75 0.375 0 0.375 0 0.375 0 0.125 0.75 0.125 0.75 0.375 0 0.62500006 1.00000012 0.875 0.75 0.62500006 1.00000012 0.875 0.75 0.62500006 1.00000012 0.875 0.75 0.62500006 1.00000012 0.875000119 0.75000006 0.625 1 0.875000119 0.750000119 0.625000119 1.00000012 0.875 0.75000006 0.62500006 1 0.87500006 0.75000006 0.62500006 0 0.87500006 0.75 0.62500006 0 0.625000119 0 0.875 0.75000006 0.625000119 0 0.62500006 0 0.62500006 0 0.875 0.75 0.62500006 0 0.875000119 0.75000006 0.62500006 0 0.875 0.75 0.625 0 0.625 0 0.875 0.75 0.625 0 0.625 0 0.625 0 0.875 0.75 0.625 0 0.59375 0.25 0.5625 0.25 0.53125006 0.25 0.50000006 0.25 0.46875006 0.25 0.4375 0.25 0.43750003 0.25 0.40625 0.25 0.59375 0.25 0.59375 0.25 0.5625 0.25 0.56250006 0.25 0.53125 0.25 0.53125 0.25 0.5 0.25 0.50000006 0.25 0.46875 0.25 0.46875006 0.25 0.4375 0.25 0.43750003 0.25 0.40625 0.25 0.40625003 0.25 0.125 0.5 0.375 0.25 0.125 0.5 0.375 0.25 0.125 0.5 0.125 0.5 0.375 0.25 0.125 0.5 0.125 0.5 0.125 0.5 0.375 0.25 0.125 0.5 0.125 0.5 0.125 0.5 0.375 0.25 0.375 0.25 0.125 0.5 0.125 0.5 0.125 0.5 0.375 0.25 0.125 0.5 0.875 0.5 0.625 0.25 0.875 0.5 0.625 0.25 0.625 0.25 0.875 0.5 0.625 0.25 0.875 0.5 0.875 0.5 0.625 0.25 0.875 0.5 0.625 0.25 0.625 0.25 0.875 0.5 0.625 0.25 0.875 0.5 0.625 0.25 0.875 0.5 0.625 0.25 0.875 0.5 0.625 0.25 0.875 0.5 0.625 0.25 0.875 0.5 0.625 0.25 0.875 0.5 0.625 0.25 0.875 0.5 0.62500006 0.25 0.875 0.5 0.625000119 0.25 0.875 0.5 0.62500006 0.25 0.875 0.5 0.62500006 0.25 0.875 0.5 0.625 0.25 0.875 0.5 0.62500006 0.25 0.87500006 0.50000006 0.62500006 0.25 0.87500006 0.5 0.125 0.5 0.375 0.25 0.125 0.5 0.125 0.5 0.125 0.5 0.37500003 0.25 0.125 0.5 0.125 0.5 0.375 0.25 0.125 0.5 0.125 0.5 0.37500003 0.25 0.125 0.5 0.125 0.5 0.375 0.25 0.125000015 0.50000006 0.125000015 0.50000006 0.37500003 0.25 0.125 0.5 0.125 0.5 0.375 0.25 0.375 0.25 0.125 0.5 0.125 0.5 0.125 0.5 0.375 0.25 0.125 0.5 0.125 0.5 0.125 0.5 0.375 0.25 0.125 0.5 0.375 0.25 0.125 0.5 0.375 0.25 0.125 0.5 0.125 0.5 0.125 0.5 0.375 0.25 0.125 0.5 0.125 0.5 0.125 0.5 0.375 0.25 0.65625006 0.53125 0.68750006 0.53125 0.71875 0.53125 0.75 0.53125 0.78125 0.53125 0.8125 0.53125 0.84375 0.53125 0.65625 0.5625 0.68750006 0.5625 0.71875 0.5625 0.75 0.5625 0.78125 0.5625 0.8125 0.5625 0.84375 0.5625 0.65625 0.59375 0.68750006 0.59375 0.71875 0.59375 0.75 0.59375 0.78125 0.59375 0.8125 0.59375 0.84375 0.59375 0.65625 0.625 0.6875 0.625 0.71875 0.625 0.75 0.625 0.78125 0.625 0.8125 0.625 0.84375 0.625 0.65625 0.65625 0.6875 0.65625 0.71875 0.65625 0.75 0.65625 0.78125 0.65625 0.8125 0.65625 0.84375 0.65625 0.65625 0.6875 0.6875 0.6875 0.71875 0.6875 0.75 0.6875 0.78125 0.6875 0.8125 0.6875 0.84375 0.6875 0.65625 0.71875 0.6875 0.71875 0.71875 0.71875 0.75 0.71875 0.78125 0.71875 0.8125 0.71875 0.84375 0.71875 0.40625 0.78125 0.4375 0.78125 0.46875 0.78125 0.5 0.78125 0.53125 0.78125 0.5625 0.78125 0.59375 0.78125 0.40625 0.8125 0.4375 0.8125 0.46875 0.8125 0.5 0.8125 0.53125 0.8125 0.5625 0.8125 0.59375 0.8125 0.40625 0.84375 0.4375 0.84375 0.46875 0.84375 0.5 0.84375 0.53125 0.84375 0.5625 0.84375 0.59375 0.84375 0.40625 0.875 0.4375 0.875 0.46875 0.875 0.5 0.875 0.53125 0.875 0.5625 0.875 0.59375 0.875 0.40625 0.90625 0.4375 0.90625 0.46875 0.90625 0.5 0.90625 0.53125 0.90625 0.5625 0.90625 0.59375 0.90625 0.40625 0.9375 0.4375 0.9375 0.46875 0.9375 0.5 0.9375 0.53125 0.9375 0.5625 0.9375 0.59375 0.9375 0.40625 0.96875 0.4375 0.96875 0.46875 0.96875 0.5 0.96875 0.53125 0.96875 0.5625 0.96875 0.59375 0.96875 0.125 0.53125 0.125 0.53125 0.125 0.53125 0.125 0.53125 0.125 0.5625 0.125 0.5625 0.125 0.5625 0.125 0.5625 0.125 0.59375 0.125 0.59375 0.125 0.59375 0.125 0.59375 0.125 0.625 0.125 0.625 0.125 0.625 0.125 0.625 0.125 0.65625 0.125 0.65625 0.125 0.65625 0.125 0.65625 0.125 0.6875 0.125 0.6875 0.125 0.6875 0.125 0.6875 0.125 0.71875 0.125 0.71875 0.125 0.71875 0.125 0.71875 0.125 0.53125 0.125 0.53125 0.125 0.53125 0.125 0.53125 0.125 0.5625 0.125 0.5625 0.125 0.5625 0.125 0.5625 0.125 0.59375 0.125 0.59375 0.125 0.59375 0.125 0.59375 0.125 0.625 0.125 0.625 0.125 0.625 0.125 0.625 0.125 0.65625 0.125 0.65625 0.125 0.65625 0.125 0.65625 0.125 0.6875 0.125 0.6875 0.125 0.6875 0.125 0.6875 0.125 0.71875 0.125 0.71875 0.125 0.71875 0.125 0.71875 0.125 0.53125 0.125 0.53125 0.125 0.53125 0.125 0.53125 0.125 0.5625 0.125 0.5625 0.125 0.5625 0.125 0.5625 0.125 0.59375 0.125 0.59375 0.125 0.59375 0.125 0.59375 0.125 0.625 0.125 0.625 0.125 0.625 0.125 0.625 0.125 0.65625 0.125 0.65625 0.125 0.65625 0.125 0.65625 0.125 0.6875 0.125 0.6875 0.125 0.6875 0.125 0.6875 0.125 0.71875 0.125 0.71875 0.125 0.71875 0.125 0.71875 0.125 0.53125 0.125 0.53125 0.125 0.53125 0.125 0.53125 0.125 0.5625 0.125 0.5625 0.125 0.5625 0.125 0.5625 0.125 0.59375 0.125 0.59375 0.125 0.59375 0.125 0.59375 0.124999993 0.625 0.124999993 0.625 0.124999993 0.625 0.124999993 0.625 0.125 0.65625 0.125 0.65625 0.125 0.65625 0.125 0.65625 0.125 0.6875 0.125 0.6875 0.125 0.6875 0.125 0.6875 0.125 0.71875 0.125 0.71875 0.125 0.71875 0.125 0.71875 0.125 0.531971931 0.125 0.531971931 0.125 0.531971931 0.125 0.531971931 0.125 0.563230395 0.125 0.563230395 0.125 0.563230395 0.125 0.563230395 0.125 0.594077587 0.125 0.594077587 0.125 0.594077587 0.125 0.594077587 0.125 0.625 0.125 0.625 0.125 0.625 0.125 0.625 0.125 0.655922413 0.125 0.655922413 0.125 0.655922413 0.125 0.655922413 0.125 0.686769545 0.125 0.686769545 0.125 0.686769545 0.125 0.686769545 0.125 0.718028069 0.125 0.718028069 0.125 0.718028069 0.125 0.718028069 0.125 0.533230603 0.125 0.533230603 0.125 0.533230603 0.125 0.533230603 0.125 0.56459558 0.125 0.56459558 0.125 0.56459558 0.125 0.56459558 0.125 0.594772339 0.125 0.594772339 0.125 0.594772339 0.125 0.594772339 0.125 0.625 0.125 0.625 0.125 0.625 0.125 0.625 0.125 0.655227661 0.125 0.655227661 0.125 0.655227661 0.125 0.655227661 0.125 0.68540448 0.125 0.68540448 0.125 0.68540448 0.125 0.68540448 0.125 0.716769457 0.125 0.716769457 0.125 0.716769457 0.125 0.716769457 0.125 0.533606052 0.125 0.533606052 0.125 0.533606052 0.125 0.533606052 0.125 0.565216064 0.125 0.565216064 0.125 0.565216064 0.125 0.565216064 0.125 0.595303535 0.125 0.595303535 0.125 0.595303535 0.125 0.595303535 0.124999993 0.625 0.124999993 0.625 0.124999993 0.625 0.124999993 0.625 0.125 0.654696465 0.125 0.654696465 0.125 0.654696465 0.125 0.654696465 0.125 0.684783936 0.125 0.684783936 0.125 0.684783936 0.125 0.684783936 0.125 0.716393948 0.125 0.716393948 0.125 0.716393948 0.125 0.716393948 0.15625 0.53125 0.1875 0.53125 0.21875 0.53125 0.25 0.53125 0.28125 0.53125 0.3125 0.53125 0.34375 0.53125 0.15625 0.5625 0.1875 0.5625 0.21875 0.5625 0.25 0.5625 0.28125 0.5625 0.3125 0.5625 0.34375 0.5625 0.15625 0.59375 0.1875 0.59375 0.21875 0.59375 0.25 0.59375 0.28125 0.59375 0.3125 0.59375 0.34375 0.59375 0.15625 0.625 0.1875 0.625 0.21875 0.625 0.25 0.625 0.28125 0.625 0.3125 0.625 0.34375 0.625 0.15625 0.65625 0.1875 0.65625 0.21875 0.65625 0.25 0.65625 0.28125 0.65625 0.3125 0.65625 0.34375 0.65625 0.15625 0.6875 0.1875 0.6875 0.21875 0.6875 0.25 0.6875 0.28125 0.6875 0.3125 0.6875 0.34375 0.6875 0.15625 0.71875 0.1875 0.71875 0.21875 0.71875 0.25 0.71875 0.28125 0.71875 0.3125 0.71875 0.34375 0.71875 0.40625 0.281344533 0.4375 0.281314433 0.46875 0.281238556 0.5 0.28119576 0.53125 0.281238556 0.5625 0.281314373 0.59375 0.281344533 0.40625 0.312706828 0.4375 0.31252712 0.46875 0.312225342 0.5 0.312065959 0.53125 0.312225342 0.5625 0.31252712 0.59375 0.312706828 0.40625 0.343830109 0.4375 0.343292236 0.46875 0.342617035 0.5 0.342285156 0.53125 0.342617035 0.5625 0.343292236 0.59375 0.343830109 0.40625 0.374457479 0.4375 0.373263896 0.46875003 0.372070312 0.50000006 0.371527791 0.53125006 0.372070312 0.56250006 0.373263896 0.59375 0.374457479 0.40625 0.405413747 0.4375 0.403018475 0.46875 0.40051651 0.5 0.399359822 0.53125 0.40051651 0.5625 0.403018475 0.59375 0.405413747 0.40625 0.43635726 0.4375 0.431939006 0.46875 0.427154541 0.5 0.424913228 0.53125 0.427154541 0.5625 0.431939065 0.59375 0.43635726 0.40625 0.465281606 0.4375 0.45788914 0.46875 0.45054245 0.5 0.447211385 0.53125 0.45054245 0.5625 0.45788914 0.59375 0.465281606 0.375 0.53125 0.375 0.53125 0.375 0.53125 0.375 0.53125 0.375000089 0.56250006 0.375000089 0.56250006 0.375000089 0.56250006 0.375000089 0.56250006 0.375 0.59375 0.375 0.59375 0.375 0.59375 0.375 0.59375 0.375 0.625 0.375 0.625 0.375 0.625 0.375 0.625 0.375 0.65625 0.375 0.65625 0.375 0.65625 0.375 0.65625 0.37500006 0.68750006 0.37500006 0.68750006 0.37500006 0.68750006 0.37500006 0.68750006 0.37499997 0.71875 0.37499997 0.71875 0.37499997 0.71875 0.37499997 0.71875 0.375000089 0.53125006 0.375000089 0.53125006 0.375000089 0.53125006 0.375000089 0.53125006 0.375 0.56249994 0.375 0.56249994 0.375 0.56249994 0.375 0.56249994 0.37500006 0.59375006 0.37500006 0.59375006 0.37500006 0.59375006 0.37500006 0.59375006 0.375000089 0.625000119 0.375000089 0.625000119 0.375000089 0.625000119 0.375000089 0.625000119 0.37500003 0.65625 0.37500003 0.65625 0.37500003 0.65625 0.37500003 0.65625 0.37499997 0.6875 0.37499997 0.6875 0.37499997 0.6875 0.37499997 0.6875 0.37500006 0.718750119 0.37500006 0.718750119 0.37500006 0.718750119 0.37500006 0.718750119 0.375 0.53125 0.375 0.53125 0.375 0.53125 0.375 0.53125 0.37500006 0.56250006 0.37500006 0.56250006 0.37500006 0.56250006 0.37500006 0.56250006 0.37500003 0.59375 0.37500003 0.59375 0.37500003 0.59375 0.37500003 0.59375 0.37500003 0.62500006 0.37500003 0.62500006 0.37500003 0.62500006 0.37500003 0.62500006 0.375 0.65625006 0.375 0.65625006 0.375 0.65625006 0.375 0.65625006 0.37500006 0.687500119 0.37500006 0.687500119 0.37500006 0.687500119 0.37500003 0.71875006 0.37500003 0.71875006 0.37500003 0.71875006 0.375 0.53125006 0.375 0.53125006 0.375 0.53125006 0.375 0.53125006 0.37500006 0.56250006 0.37500006 0.56250006 0.37500006 0.56250006 0.37500006 0.56250006 0.37500003 0.59375006 0.37500003 0.59375006 0.37500003 0.59375006 0.37500003 0.59375006 0.37500003 0.62500006 0.37500003 0.62500006 0.37500003 0.62500006 0.37500003 0.62500006 0.37500003 0.65625006 0.37500003 0.65625006 0.37500003 0.65625006 0.37500003 0.65625006 0.37500006 0.687500119 0.37500006 0.687500119 0.37500006 0.687500119 0.37500006 0.687500119 0.375 0.718750119 0.375 0.718750119 0.375 0.718750119 0.375 0.718750119 0.375 0.53125 0.375 0.53125 0.375 0.53125 0.375 0.53125 0.37500003 0.56250006 0.37500003 0.56250006 0.37500003 0.56250006 0.37500003 0.56250006 0.375 0.59375 0.375 0.59375 0.375 0.59375 0.375 0.59375 0.37500003 0.62500006 0.37500003 0.62500006 0.37500003 0.62500006 0.37500003 0.62500006 0.375 0.65625 0.375 0.65625 0.375 0.65625 0.375 0.65625 0.37500003 0.68750006 0.37500003 0.68750006 0.37500003 0.68750006 0.37500003 0.68750006 0.375 0.71875 0.375 0.71875 0.375 0.71875 0.375 0.71875 0.37500006 0.53125006 0.37500006 0.53125006 0.37500006 0.53125006 0.37500006 0.53125006 0.37500003 0.5625 0.37500003 0.5625 0.37500003 0.5625 0.37500003 0.5625 0.37500006 0.59375006 0.37500006 0.59375006 0.37500006 0.59375006 0.37500006 0.59375006 0.37500006 0.62500006 0.37500006 0.62500006 0.37500006 0.62500006 0.37500006 0.62500006 0.37500006 0.65625006 0.37500006 0.65625006 0.37500006 0.65625006 0.37500006 0.65625006 0.37500006 0.6875 0.37500006 0.6875 0.37500006 0.6875 0.37500006 0.6875 0.37500003 0.71875006 0.37500003 0.71875006 0.37500003 0.71875006 0.37500003 0.71875006 0.37500003 0.53125 0.37500003 0.53125 0.37500003 0.53125 0.37500003 0.53125 0.37500003 0.56250006 0.37500003 0.56250006 0.37500003 0.56250006 0.37500003 0.56250006 0.37500003 0.59375 0.37500003 0.59375 0.37500003 0.59375 0.37500003 0.59375 0.37500006 0.625000119 0.37500006 0.625000119 0.37500006 0.625000119 0.37500006 0.625000119 0.375 0.65625006 0.375 0.65625006 0.375 0.65625006 0.375 0.65625006 0.37500003 0.68750006 0.37500003 0.68750006 0.37500003 0.68750006 0.37500003 0.68750006 0.375 0.71875 0.375 0.71875 0.375 0.71875 0.375 0.71875 0.15625 0.5 0.15625 0.5 0.15625 0.5 0.15625 0.5 0.15625 0.5 0.15625 0.5 0.15625 0.5 0.1875 0.5 0.1875 0.5 0.1875 0.5 0.1875 0.5 0.1875 0.5 0.1875 0.5 0.1875 0.5 0.21875 0.5 0.21875 0.5 0.21875 0.5 0.21875 0.5 0.21875 0.5 0.21875 0.5 0.21875 0.5 0.25 0.5 0.25 0.5 0.25 0.5 0.25000003 0.5 0.25000003 0.50000006 0.25000003 0.50000006 0.25000006 0.50000006 0.28125 0.5 0.28125 0.5 0.28125 0.5 0.28125 0.5 0.28125003 0.5 0.28125 0.50000006 0.28125 0.5 0.3125 0.5 0.3125 0.5 0.3125 0.5 0.31250003 0.50000006 0.31250003 0.50000006 0.3125 0.50000006 0.31250003 0.5 0.34375 0.5 0.34375 0.5 0.34375 0.5 0.34375006 0.50000006 0.34375 0.5 0.34375003 0.50000006 0.34375 0.5 0.375 0.96875 0.375 0.96875 0.375 0.96875 0.375 0.96875 0.375 0.9375 0.375 0.9375 0.375 0.9375 0.375 0.9375 0.375 0.90625 0.375 0.90625 0.375 0.90625 0.375 0.90625 0.375 0.875 0.375 0.875 0.375 0.875 0.375 0.875 0.375 0.84375 0.375 0.84375 0.375 0.84375 0.375 0.84375 0.375 0.8125 0.375 0.8125 0.375 0.8125 0.375 0.8125 0.375 0.78125 0.375 0.78125 0.375 0.78125 0.375 0.78125 0.375 0.96875 0.375 0.96875 0.375 0.96875 0.375 0.96875 0.375 0.9375 0.375 0.9375 0.375 0.9375 0.375 0.9375 0.375 0.90625 0.375 0.90625 0.375 0.90625 0.375 0.90625 0.375 0.875 0.375 0.875 0.375 0.875 0.375 0.875 0.375 0.84375 0.375 0.84375 0.375 0.84375 0.375 0.84375 0.375 0.8125 0.375 0.8125 0.375 0.8125 0.375 0.8125 0.375 0.78125 0.375 0.78125 0.375 0.78125 0.375 0.78125 0.375 0.96875 0.375 0.96875 0.375 0.96875 0.375 0.96875 0.375 0.9375 0.375 0.9375 0.375 0.9375 0.375 0.9375 0.375 0.90625 0.375 0.90625 0.375 0.90625 0.375 0.90625 0.375 0.875 0.375 0.875 0.375 0.875 0.375 0.875 0.375 0.84375 0.375 0.84375 0.375 0.84375 0.375 0.84375 0.375 0.8125 0.375 0.8125 0.375 0.8125 0.375 0.8125 0.375 0.78125 0.375 0.78125 0.375 0.78125 0.375 0.78125 0.375 0.96875 0.375 0.96875 0.375 0.96875 0.375 0.96875 0.375 0.9375 0.375 0.9375 0.375 0.9375 0.375 0.9375 0.375 0.90625 0.375 0.90625 0.375 0.90625 0.375 0.90625 0.37500003 0.87500006 0.37500003 0.87500006 0.37500003 0.87500006 0.37500003 0.87500006 0.37500003 0.84375006 0.37500003 0.84375006 0.37500003 0.84375006 0.37500003 0.84375006 0.37500006 0.81250006 0.37500006 0.81250006 0.37500006 0.81250006 0.37500006 0.81250006 0.375 0.781250119 0.375 0.781250119 0.375 0.781250119 0.375 0.781250119 0.375 0.96875 0.375 0.96875 0.375 0.96875 0.375 0.96875 0.375 0.9375 0.375 0.9375 0.375 0.9375 0.375 0.9375 0.375 0.90625 0.375 0.90625 0.375 0.90625 0.375 0.90625 0.37500003 0.875 0.37500003 0.875 0.37500003 0.875 0.37500003 0.875 0.375 0.84375 0.375 0.84375 0.375 0.84375 0.375 0.84375 0.37500003 0.81250006 0.37500003 0.81250006 0.37500003 0.81250006 0.37500003 0.81250006 0.375 0.78125 0.375 0.78125 0.375 0.78125 0.375 0.78125 0.375 0.96875 0.375 0.96875 0.375 0.96875 0.375 0.96875 0.375 0.9375 0.375 0.9375 0.375 0.9375 0.375 0.9375 0.375 0.90625 0.375 0.90625 0.375 0.90625 0.375 0.90625 0.37500006 0.875000119 0.37500006 0.875000119 0.37500006 0.875000119 0.37500006 0.875000119 0.37500006 0.843750119 0.37500006 0.843750119 0.37500006 0.843750119 0.37500006 0.843750119 0.37500006 0.8125 0.37500006 0.8125 0.37500006 0.8125 0.37500006 0.8125 0.37500003 0.78125006 0.37500003 0.78125006 0.37500003 0.78125006 0.37500003 0.78125006 0.375 0.96875 0.375 0.96875 0.375 0.96875 0.375 0.96875 0.375 0.9375 0.375 0.9375 0.375 0.9375 0.375 0.9375 0.375 0.90625 0.375 0.90625 0.375 0.90625 0.375 0.90625 0.37500006 0.875000119 0.37500006 0.875000119 0.37500006 0.875000119 0.37500006 0.875000119 0.375 0.84375 0.375 0.84375 0.375 0.84375 0.375 0.84375 0.37500003 0.81250006 0.37500003 0.81250006 0.37500003 0.81250006 0.37500003 0.81250006 0.375 0.78125 0.375 0.78125 0.375 0.78125 0.375 0.78125 0.59375 0.25 0.59375 0.25 0.59375 0.25 0.59375 0.25 0.5625 0.25 0.5625 0.25 0.5625 0.25 0.5625 0.25 0.53125 0.25 0.53125 0.25 0.53125 0.25 0.53125 0.25 0.5 0.25 0.5 0.25 0.5 0.25 0.5 0.25 0.46875 0.25 0.46875 0.25 0.46875 0.25 0.46875 0.25 0.4375 0.25 0.4375 0.25 0.4375 0.25 0.4375 0.25 0.40625 0.25 0.40625 0.25 0.40625 0.25 0.40625 0.25 0.59375 0.25 0.59375 0.25 0.59375 0.25 0.59375 0.25 0.5625 0.25 0.5625 0.25 0.5625 0.25 0.5625 0.25 0.53125 0.25 0.53125 0.25 0.53125 0.25 0.53125 0.25 0.5 0.25 0.5 0.25 0.5 0.25 0.5 0.25 0.46875 0.25 0.46875 0.25 0.46875 0.25 0.46875 0.25 0.4375 0.25 0.4375 0.25 0.4375 0.25 0.4375 0.25 0.40625 0.25 0.40625 0.25 0.40625 0.25 0.40625 0.25 0.59375 0.25 0.59375 0.25 0.59375 0.25 0.59375 0.25 0.5625 0.25 0.5625 0.25 0.5625 0.25 0.5625 0.25 0.53125 0.25 0.53125 0.25 0.53125 0.25 0.53125 0.25 0.5 0.25 0.5 0.25 0.5 0.25 0.5 0.25 0.46875 0.25 0.46875 0.25 0.46875 0.25 0.46875 0.25 0.4375 0.25 0.4375 0.25 0.4375 0.25 0.4375 0.25 0.40625 0.25 0.40625 0.25 0.40625 0.25 0.40625 0.25 0.59375 0.25 0.59375 0.25 0.59375 0.25 0.59375 0.25 0.5625 0.25 0.5625 0.25 0.5625 0.25 0.5625 0.25 0.53125 0.25 0.53125 0.25 0.53125 0.25 0.53125 0.25 0.5 0.25 0.5 0.25 0.5 0.25 0.5 0.25 0.46875 0.25 0.46875 0.25 0.46875 0.25 0.46875 0.25 0.4375 0.25 0.4375 0.25 0.4375 0.25 0.4375 0.25 0.40625 0.25 0.40625 0.25 0.40625 0.25 0.40625 0.25 0.59375 0.25 0.59375 0.25 0.59375 0.25 0.59375 0.25 0.5625 0.25 0.5625 0.25 0.5625 0.25 0.5625 0.25 0.53125 0.25 0.53125 0.25 0.53125 0.25 0.53125 0.25 0.5 0.25 0.5 0.25 0.5 0.25 0.5 0.25 0.46875 0.25 0.46875 0.25 0.46875 0.25 0.46875 0.25 0.4375 0.25 0.4375 0.25 0.4375 0.25 0.4375 0.25 0.40625 0.25 0.40625 0.25 0.40625 0.25 0.40625 0.25 0.59375 0.25 0.59375 0.25 0.59375 0.25 0.59375 0.25 0.5625 0.25 0.5625 0.25 0.5625 0.25 0.5625 0.25 0.53125 0.25 0.53125 0.25 0.53125 0.25 0.53125 0.25 0.5 0.25 0.5 0.25 0.5 0.25 0.5 0.25 0.46875 0.25 0.46875 0.25 0.46875 0.25 0.46875 0.25 0.4375 0.25 0.4375 0.25 0.4375 0.25 0.4375 0.25 0.40625 0.25 0.40625 0.25 0.40625 0.25 0.40625 0.25 0.59375 0.25 0.59375 0.25 0.59375 0.25 0.59375 0.25 0.5625 0.25 0.5625 0.25 0.5625 0.25 0.5625 0.25 0.53125 0.25 0.53125 0.25 0.53125 0.25 0.53125 0.25 0.5 0.25 0.5 0.25 0.5 0.25 0.5 0.25 0.46875 0.25 0.46875 0.25 0.46875 0.25 0.46875 0.25 0.4375 0.25 0.4375 0.25 0.4375 0.25 0.4375 0.25 0.40625 0.25 0.40625 0.25 0.40625 0.25 0.40625 0.25 0.40625 0.496417165 0.40625 0.496417165 0.40625 0.496417165 0.40625 0.496417165 0.4375 0.489037395 0.4375 0.489037395 0.4375 0.489037395 0.4375 0.489037395 0.46875 0.481754303 0.46875 0.481754303 0.46875 0.481754303 0.46875 0.481754303 0.5 0.478461385 0.5 0.478461385 0.5 0.478461385 0.5 0.478461385 0.53125 0.481754303 0.53125 0.481754303 0.53125 0.481754303 0.53125 0.481754303 0.5625 0.489037395 0.5625 0.489037395 0.5625 0.489037395 0.5625 0.489037395 0.59375 0.496417165 0.59375 0.496417165 0.59375 0.496417165 0.59375 0.496417165 0.40625 0.498491049 0.40625 0.498491049 0.40625 0.498491049 0.40625 0.498491049 0.4375 0.494113505 0.4375 0.494113505 0.4375 0.494113505 0.4375 0.494113505 0.46875 0.489532471 0.46875 0.489532471 0.46875 0.489532471 0.46875 0.489532471 0.5 0.487413168 0.5 0.487413168 0.5 0.487413168 0.5 0.487413168 0.53125 0.489532471 0.53125 0.489532471 0.53125 0.489532471 0.53125 0.489532471 0.5625 0.494113505 0.5625 0.494113505 0.5625 0.494113505 0.5625 0.494113505 0.59375 0.498491049 0.59375 0.498491049 0.59375 0.498491049 0.59375 0.498491049 0.40625 0.498545766 0.40625 0.498545766 0.40625 0.498545766 0.40625 0.498545766 0.4375 0.496219218 0.4375 0.496219218 0.4375 0.496219218 0.4375 0.496219218 0.46875 0.494060516 0.46875 0.494060516 0.46875 0.494060516 0.46875 0.494060516 0.5 0.493109763 0.5 0.493109763 0.5 0.493109763 0.5 0.493109763 0.53125 0.494060516 0.53125 0.494060516 0.53125 0.494060516 0.53125 0.494060516 0.5625 0.496219218 0.5625 0.496219218 0.5625 0.496219218 0.5625 0.496219218 0.59375 0.498545766 0.59375 0.498545766 0.59375 0.498545766 0.59375 0.498545766 0.40625003 0.498725057 0.40625003 0.498725057 0.40625003 0.498725057 0.40625003 0.498725057 0.43750003 0.497612894 0.43750003 0.497612894 0.43750003 0.497612894 0.43750003 0.497612894 0.46875003 0.496826172 0.46875003 0.496826172 0.46875003 0.496826172 0.46875003 0.496826172 0.5 0.496527791 0.5 0.496527791 0.5 0.496527791 0.5 0.496527791 0.53125006 0.496826231 0.53125006 0.496826231 0.53125006 0.496826231 0.53125006 0.496826231 0.56250006 0.497612953 0.56250006 0.497612953 0.56250006 0.497612953 0.56250006 0.497612953 0.59375006 0.498725057 0.59375006 0.498725057 0.59375006 0.498725057 0.59375006 0.498725057 0.40625 0.499462128 0.40625 0.499462128 0.40625 0.499462128 0.40625 0.499462128 0.43750006 0.49899298 0.43750006 0.49899298 0.43750006 0.49899298 0.43750006 0.49899298 0.46875 0.498661041 0.46875 0.498661041 0.46875 0.498661041 0.46875 0.498661041 0.5 0.498535156 0.5 0.498535156 0.5 0.498535156 0.5 0.498535156 0.53125 0.498661041 0.53125 0.498661041 0.53125 0.498661041 0.53125 0.498661041 0.5625 0.49899298 0.5625 0.49899298 0.5625 0.49899298 0.5625 0.49899298 0.59375 0.499462128 0.59375 0.499462128 0.59375 0.499462128 0.59375 0.499462128 0.40625 0.499840677 0.40625 0.499840677 0.40625 0.499840677 0.40625 0.499840677 0.43750006 0.499701619 0.43750006 0.499701619 0.43750006 0.499701619 0.43750006 0.499701619 0.46875006 0.499603331 0.46875006 0.499603331 0.46875006 0.499603331 0.46875006 0.499603331 0.50000006 0.499566078 0.50000006 0.499566078 0.50000006 0.499566078 0.50000006 0.499566078 0.53125006 0.499603331 0.53125006 0.499603331 0.53125006 0.499603331 0.53125006 0.499603331 0.5625 0.499701619 0.5625 0.499701619 0.5625 0.499701619 0.5625 0.499701619 0.59375 0.499840677 0.59375 0.499840677 0.59375 0.499840677 0.59375 0.499840677 0.40625006 0.499980152 0.40625006 0.499980152 0.40625006 0.499980152 0.40625006 0.499980152 0.43750003 0.499962687 0.43750003 0.499962687 0.43750003 0.499962687 0.43750003 0.499962687 0.46875003 0.499950409 0.46875003 0.499950409 0.46875003 0.499950409 0.46875003 0.499950409 0.50000006 0.499945819 0.50000006 0.499945819 0.50000006 0.499945819 0.50000006 0.499945819 0.53125006 0.499950409 0.53125006 0.499950409 0.53125006 0.499950409 0.53125006 0.499950409 0.5625 0.499962747 0.5625 0.499962747 0.5625 0.499962747 0.5625 0.499962747 0.59375 0.499980092 0.59375 0.499980092 0.59375 0.499980092 0.59375 0.499980092 0.875 0.53125 0.875 0.5625 0.875 0.59375 0.875 0.625 0.875 0.65625 0.875 0.6875 0.875 0.71875 0.875 0.53125 0.875 0.5625 0.87500006 0.59375 0.87500006 0.625 0.875 0.65625 0.875 0.6875 0.875 0.71875 0.875 0.53125 0.875 0.5625 0.875 0.59375 0.87500006 0.625 0.875 0.65625 0.875 0.6875 0.875 0.71875 0.875 0.53125 0.875 0.5625 0.875 0.59375 0.875 0.625 0.87500006 0.65625 0.875000119 0.6875 0.875 0.71875 0.875 0.53125 0.875 0.5625 0.875 0.59375 0.875 0.625 0.875 0.65625 0.875 0.6875 0.875 0.71875 0.875 0.53125 0.875 0.5625 0.875 0.59375 0.875 0.625 0.87500006 0.65625 0.875 0.6875 0.875 0.71875 0.875 0.53125 0.875 0.5625 0.875 0.59375 0.875 0.625 0.875 0.65625 0.875 0.6875 0.875 0.71875 0.84375 0.75 0.84375 0.75 0.84375 0.75 0.84375 0.75 0.8125 0.75 0.8125 0.75 0.8125 0.75 0.8125 0.75 0.78125 0.75 0.78125 0.75 0.78125 0.75 0.78125 0.75 0.75 0.75 0.75 0.75 0.75 0.75 0.75 0.75 0.71875 0.75 0.71875 0.75 0.71875 0.75 0.71875 0.75 0.6875 0.75 0.6875 0.75 0.6875 0.75 0.6875 0.75 0.65625 0.75 0.65625 0.75 0.65625 0.75 0.65625 0.75 0.84375 0.75 0.84375 0.75 0.84375 0.75 0.84375 0.75 0.8125 0.75 0.8125 0.75 0.8125 0.75 0.8125 0.75 0.78125 0.75 0.78125 0.75 0.78125 0.75 0.78125 0.75 0.75 0.75 0.75 0.75 0.75 0.75 0.75 0.75 0.71875 0.75 0.71875 0.75 0.71875 0.75 0.71875 0.75 0.6875 0.75 0.6875 0.75 0.6875 0.75 0.6875 0.75 0.65625 0.75 0.65625 0.75 0.65625 0.75 0.65625 0.75 0.84375 0.75 0.84375 0.75 0.84375 0.75 0.84375 0.75 0.8125 0.75 0.8125 0.75 0.8125 0.75 0.8125 0.75 0.78125 0.75 0.78125 0.75 0.78125 0.75 0.78125 0.75 0.75 0.75 0.75 0.75 0.75 0.75 0.75 0.75 0.71875 0.75 0.71875 0.75 0.71875 0.75 0.71875 0.75 0.6875 0.75 0.6875 0.75 0.6875 0.75 0.6875 0.75 0.65625 0.75 0.65625 0.75 0.65625 0.75 0.65625 0.75 0.84375 0.75 0.84375 0.75 0.84375 0.75 0.84375 0.75 0.8125 0.75 0.8125 0.75 0.8125 0.75 0.8125 0.75 0.78125 0.75 0.78125 0.75 0.78125 0.75 0.78125 0.75 0.75000006 0.75000006 0.75000006 0.75000006 0.75000006 0.75000006 0.75000006 0.75000006 0.71875006 0.75000006 0.71875006 0.75000006 0.71875006 0.75000006 0.71875006 0.75000006 0.68750006 0.750000119 0.68750006 0.750000119 0.68750006 0.750000119 0.68750006 0.750000119 0.65625006 0.75 0.65625006 0.75 0.65625006 0.75 0.65625006 0.75 0.84375 0.75 0.84375 0.75 0.84375 0.75 0.84375 0.75 0.8125 0.75 0.8125 0.75 0.8125 0.75 0.8125 0.75 0.78125 0.75 0.78125 0.75 0.78125 0.75 0.78125 0.75 0.75000006 0.75000006 0.75000006 0.75000006 0.75000006 0.75000006 0.75000006 0.75000006 0.71875 0.75 0.71875 0.75 0.71875 0.75 0.71875 0.75 0.687500119 0.75000006 0.687500119 0.75000006 0.687500119 0.75000006 0.687500119 0.75000006 0.65625006 0.75 0.65625006 0.75 0.65625006 0.75 0.65625006 0.75 0.84375 0.75 0.84375 0.75 0.84375 0.75 0.84375 0.75 0.8125 0.75 0.8125 0.75 0.8125 0.75 0.8125 0.75 0.78125 0.75 0.78125 0.75 0.78125 0.75 0.78125 0.75 0.75000006 0.750000119 0.75000006 0.750000119 0.75000006 0.750000119 0.75000006 0.750000119 0.718750119 0.750000119 0.718750119 0.750000119 0.718750119 0.750000119 0.718750119 0.750000119 0.68750006 0.750000119 0.68750006 0.750000119 0.68750006 0.750000119 0.68750006 0.750000119 0.65625 0.75000006 0.65625 0.75000006 0.65625 0.75000006 0.65625 0.75000006 0.84375 0.75 0.84375 0.75 0.84375 0.75 0.84375 0.75 0.8125 0.75 0.8125 0.75 0.8125 0.75 0.8125 0.75 0.78125 0.75 0.78125 0.75 0.78125 0.75 0.78125 0.75 0.75000006 0.750000119 0.75000006 0.750000119 0.75000006 0.750000119 0.75000006 0.750000119 0.71875006 0.75 0.71875006 0.75 0.71875006 0.75 0.71875006 0.75 0.68750006 0.75000006 0.68750006 0.75000006 0.68750006 0.75000006 0.68750006 0.75000006 0.65625 0.75 0.65625 0.75 0.65625 0.75 0.65625 0.75 0.59375 1 0.59375 1 0.59375 1 0.59375 1 0.5625 1 0.5625 1 0.5625 1 0.5625 1 0.53125 1 0.53125 1 0.53125 1 0.53125 1 0.5 1 0.5 1 0.5 1 0.5 1 0.46875 1 0.46875 1 0.46875 1 0.46875 1 0.4375 1 0.4375 1 0.4375 1 0.4375 1 0.40625 1 0.40625 1 0.40625 1 0.40625 1 0.59375 1 0.59375 1 0.59375 1 0.59375 1 0.5625 1 0.5625 1 0.5625 1 0.5625 1 0.53125 1 0.53125 1 0.53125 1 0.53125 1 0.5 1 0.5 1 0.5 1 0.5 1 0.46875 1 0.46875 1 0.46875 1 0.46875 1 0.4375 1 0.4375 1 0.4375 1 0.4375 1 0.40625 1 0.40625 1 0.40625 1 0.40625 1 0.59375 1 0.59375 1 0.59375 1 0.59375 1 0.5625 1 0.5625 1 0.5625 1 0.5625 1 0.53125 1 0.53125 1 0.53125 1 0.53125 1 0.5 1 0.5 1 0.5 1 0.5 1 0.46875 1 0.46875 1 0.46875 1 0.46875 1 0.4375 1 0.4375 1 0.4375 1 0.4375 1 0.40625 1 0.40625 1 0.40625 1 0.40625 1 0.59375 1 0.59375 1 0.59375 1 0.59375 1 0.5625 1 0.5625 1 0.5625 1 0.5625 1 0.53125 1 0.53125 1 0.53125 1 0.53125 1 0.5 1 0.5 1 0.5 1 0.5 1 0.46875 1 0.46875 1 0.46875 1 0.46875 1 0.4375 1 0.4375 1 0.4375 1 0.4375 1 0.40625 1 0.40625 1 0.40625 1 0.40625 1 0.59375 1 0.59375 1 0.59375 1 0.59375 1 0.5625 1 0.5625 1 0.5625 1 0.5625 1 0.53125 1 0.53125 1 0.53125 1 0.53125 1 0.5 1 0.5 1 0.5 1 0.5 1 0.46875 1 0.46875 1 0.46875 1 0.46875 1 0.4375 1 0.4375 1 0.4375 1 0.4375 1 0.40625 1 0.40625 1 0.40625 1 0.40625 1 0.59375 1 0.59375 1 0.59375 1 0.59375 1 0.5625 1 0.5625 1 0.5625 1 0.5625 1 0.53125 1 0.53125 1 0.53125 1 0.53125 1 0.5 1 0.5 1 0.5 1 0.5 1 0.46875 1 0.46875 1 0.46875 1 0.46875 1 0.4375 1 0.4375 1 0.4375 1 0.4375 1 0.40625 1 0.40625 1 0.40625 1 0.40625 1 0.59375 1 0.59375 1 0.59375 1 0.59375 1 0.5625 1 0.5625 1 0.5625 1 0.5625 1 0.53125 1 0.53125 1 0.53125 1 0.53125 1 0.5 1 0.5 1 0.5 1 0.5 1 0.46875 1 0.46875 1 0.46875 1 0.46875 1 0.4375 1 0.4375 1 0.4375 1 0.4375 1 0.40625 1 0.40625 1 0.40625 1 0.40625 1 0.65625 0.5 0.65625 0.5 0.65625 0.5 0.65625006 0.50000006 0.65625 0.50000006 0.65625 0.5 0.656250119 0.5 0.6875 0.5 0.68750006 0.5 0.68750006 0.5 0.68750006 0.50000006 0.68750006 0.50000006 0.68750006 0.50000006 0.6875 0.50000006 0.71875 0.5 0.71875 0.5 0.71875 0.5 0.71875006 0.50000006 0.71875 0.5 0.718750119 0.50000006 0.71875006 0.5 0.75 0.5 0.75 0.5 0.75 0.5 0.75 0.5 0.75 0.5 0.75 0.5 0.75 0.5 0.78125 0.5 0.78125 0.5 0.78125 0.5 0.78125 0.5 0.78125 0.5 0.78125 0.5 0.78125 0.5 0.8125 0.5 0.8125 0.5 0.8125 0.5 0.8125 0.5 0.8125 0.5 0.8125 0.5 0.8125 0.5 0.84375 0.5 0.84375 0.5 0.84375 0.5 0.84375 0.5 0.84375 0.5 0.84375 0.5 0.84375 0.5 0.375 0.21875 0.375 0.1875 0.375 0.15625 0.375 0.125 0.375 0.09375 0.375 0.0625 0.375 0.03125 0.375 0.21875 0.375 0.1875 0.375 0.15625 0.375 0.125 0.375 0.09375 0.375 0.0625 0.375 0.03125 0.375 0.21875 0.375 0.1875 0.375 0.15625 0.375 0.125 0.375 0.09375 0.375 0.0625 0.375 0.03125 0.375 0.21875 0.375 0.1875 0.375 0.15625 0.375 0.125 0.375 0.09375 0.375 0.0625 0.375 0.03125 0.375 0.21875 0.375 0.1875 0.375 0.15625 0.375 0.125 0.375 0.09375 0.375 0.0625 0.375 0.03125 0.375 0.21875 0.375 0.1875 0.375 0.15625 0.375 0.125 0.375 0.09375 0.375 0.0625 0.375 0.03125 0.375 0.21875 0.375 0.1875 0.375 0.15625 0.375 0.125 0.375 0.09375 0.375 0.0625 0.375 0.03125 0.625 0.71875 0.625 0.71875 0.625 0.71875 0.625 0.71875 0.62500006 0.6875 0.62500006 0.6875 0.62500006 0.6875 0.62500006 0.6875 0.62500006 0.65625 0.62500006 0.65625 0.62500006 0.65625 0.62500006 0.65625 0.625 0.62500006 0.625 0.62500006 0.625 0.62500006 0.625 0.62500006 0.62500006 0.59375 0.62500006 0.59375 0.62500006 0.59375 0.62500006 0.59375 0.62500006 0.56250006 0.62500006 0.56250006 0.62500006 0.56250006 0.62500006 0.56250006 0.625 0.53125 0.625 0.53125 0.625 0.53125 0.625 0.53125 0.625000119 0.71875006 0.625000119 0.71875006 0.625000119 0.71875006 0.625000119 0.71875006 0.625 0.6875 0.625 0.6875 0.625 0.6875 0.625 0.6875 0.62500006 0.65625 0.62500006 0.65625 0.62500006 0.65625 0.62500006 0.65625 0.625000119 0.625000119 0.625000119 0.625000119 0.625000119 0.625000119 0.625000119 0.625000119 0.62500006 0.59375006 0.62500006 0.59375006 0.62500006 0.59375006 0.62500006 0.59375006 0.625 0.56249994 0.625 0.56249994 0.625 0.56249994 0.625 0.56249994 0.625000119 0.53125006 0.625000119 0.53125006 0.625000119 0.53125006 0.625000119 0.53125006 0.62500006 0.71875 0.62500006 0.71875 0.62500006 0.71875 0.62500006 0.71875 0.62500006 0.68750006 0.62500006 0.68750006 0.62500006 0.68750006 0.62500006 0.68750006 0.625 0.65625006 0.625 0.65625006 0.625 0.65625006 0.625 0.65625006 0.62500006 0.62500006 0.62500006 0.62500006 0.62500006 0.62500006 0.62500006 0.62500006 0.62500006 0.59375006 0.62500006 0.59375006 0.62500006 0.59375006 0.62500006 0.59375006 0.62500006 0.56250006 0.62500006 0.56250006 0.62500006 0.56250006 0.62500006 0.56250006 0.62500006 0.53125006 0.62500006 0.53125006 0.62500006 0.53125006 0.62500006 0.53125006 0.62500006 0.71875006 0.62500006 0.71875006 0.62500006 0.71875006 0.62500006 0.71875006 0.625000119 0.68750006 0.625000119 0.68750006 0.625000119 0.68750006 0.625000119 0.68750006 0.62500006 0.65625006 0.62500006 0.65625006 0.62500006 0.65625006 0.62500006 0.65625006 0.62500006 0.62500006 0.62500006 0.62500006 0.62500006 0.62500006 0.62500006 0.62500006 0.62500006 0.59375006 0.62500006 0.59375006 0.62500006 0.59375006 0.62500006 0.59375006 0.62500006 0.56250006 0.62500006 0.56250006 0.62500006 0.56250006 0.62500006 0.56250006 0.62500006 0.53125006 0.62500006 0.53125006 0.62500006 0.53125006 0.62500006 0.53125006 0.62500006 0.71875 0.62500006 0.71875 0.62500006 0.71875 0.62500006 0.71875 0.62500006 0.687500119 0.62500006 0.687500119 0.62500006 0.687500119 0.62500006 0.687500119 0.625 0.65625006 0.625 0.65625006 0.625 0.65625006 0.625 0.65625006 0.62500006 0.62500006 0.62500006 0.62500006 0.62500006 0.62500006 0.62500006 0.62500006 0.625 0.59375 0.625 0.59375 0.625 0.59375 0.625 0.59375 0.625000119 0.56250006 0.625000119 0.56250006 0.625000119 0.56250006 0.625000119 0.56250006 0.625 0.53125 0.625 0.53125 0.625 0.53125 0.625 0.53125 0.62500006 0.71875006 0.62500006 0.71875006 0.62500006 0.71875006 0.62500006 0.71875006 0.625 0.6875 0.625 0.6875 0.625 0.6875 0.625 0.6875 0.62500006 0.65625006 0.62500006 0.65625006 0.62500006 0.65625006 0.62500006 0.65625006 0.62500006 0.625000119 0.62500006 0.625000119 0.62500006 0.625000119 0.62500006 0.625000119 0.62500006 0.59375006 0.62500006 0.59375006 0.62500006 0.59375006 0.62500006 0.59375006 0.62500006 0.56250006 0.62500006 0.56250006 0.62500006 0.56250006 0.62500006 0.56250006 0.625 0.53125 0.625 0.53125 0.625 0.53125 0.625 0.53125 0.62500006 0.71875006 0.62500006 0.71875006 0.62500006 0.71875006 0.62500006 0.71875006 0.62500006 0.68750006 0.62500006 0.68750006 0.62500006 0.68750006 0.62500006 0.68750006 0.62500006 0.65625006 0.62500006 0.65625006 0.62500006 0.65625006 0.62500006 0.65625006 0.62500006 0.62500006 0.62500006 0.62500006 0.62500006 0.62500006 0.62500006 0.62500006 0.62500006 0.59375 0.62500006 0.59375 0.62500006 0.59375 0.62500006 0.59375 0.62500006 0.56250006 0.62500006 0.56250006 0.62500006 0.56250006 0.62500006 0.56250006 0.625 0.53125 0.625 0.53125 0.625 0.53125 0.625 0.53125 0.40625 0.75 0.40625 0.75 0.40625 0.75 0.40625 0.75 0.43750006 0.750000179 0.43750006 0.750000179 0.43750006 0.750000179 0.43750006 0.750000179 0.46875 0.75 0.46875 0.75 0.46875 0.75 0.46875 0.75 0.50000006 0.75 0.50000006 0.75 0.50000006 0.75 0.50000006 0.75 0.53125006 0.75 0.53125006 0.75 0.53125006 0.75 0.53125006 0.75 0.56249994 0.750000119 0.56249994 0.750000119 0.56249994 0.750000119 0.56249994 0.750000119 0.59375006 0.74999994 0.59375006 0.74999994 0.59375006 0.74999994 0.59375006 0.74999994 0.40625006 0.750000179 0.40625006 0.750000179 0.40625006 0.750000179 0.40625006 0.750000179 0.43749997 0.75 0.43749997 0.75 0.43749997 0.75 0.43749997 0.75 0.46875006 0.750000119 0.46875006 0.750000119 0.46875006 0.750000119 0.46875006 0.750000119 0.50000006 0.750000179 0.50000006 0.750000179 0.50000006 0.750000179 0.50000006 0.750000179 0.53125006 0.75000006 0.53125006 0.75000006 0.53125006 0.75000006 0.53125006 0.75000006 0.56250006 0.74999994 0.56250006 0.74999994 0.56250006 0.74999994 0.56250006 0.74999994 0.59375 0.750000119 0.59375 0.750000119 0.59375 0.750000119 0.59375 0.750000119 0.40625 0.75 0.40625 0.75 0.40625 0.75 0.40625 0.75 0.43750006 0.750000119 0.43750006 0.750000119 0.43750006 0.750000119 0.43750006 0.750000119 0.46875003 0.75000006 0.46875003 0.75000006 0.46875003 0.75000006 0.46875003 0.75000006 0.5 0.75000006 0.5 0.75000006 0.5 0.75000006 0.5 0.75000006 0.53125 0.75 0.53125 0.75 0.53125 0.75 0.53125 0.75 0.56250006 0.750000119 0.56250006 0.750000119 0.56250006 0.750000119 0.59375006 0.75000006 0.59375006 0.75000006 0.59375006 0.75000006 0.40625003 0.75 0.40625003 0.75 0.40625003 0.75 0.40625003 0.75 0.43750003 0.750000119 0.43750003 0.750000119 0.43750003 0.750000119 0.43750003 0.750000119 0.46875003 0.75000006 0.46875003 0.75000006 0.46875003 0.75000006 0.46875003 0.75000006 0.5 0.75000006 0.5 0.75000006 0.5 0.75000006 0.5 0.75000006 0.53125006 0.75000006 0.53125006 0.75000006 0.53125006 0.75000006 0.53125006 0.75000006 0.56250006 0.750000119 0.56250006 0.750000119 0.56250006 0.750000119 0.56250006 0.750000119 0.59375006 0.75 0.59375006 0.75 0.59375006 0.75 0.59375006 0.75 0.40625 0.75 0.40625 0.75 0.40625 0.75 0.40625 0.75 0.43750006 0.75000006 0.43750006 0.75000006 0.43750006 0.75000006 0.43750006 0.75000006 0.46875 0.75 0.46875 0.75 0.46875 0.75 0.46875 0.75 0.5 0.75000006 0.5 0.75000006 0.5 0.75000006 0.5 0.75000006 0.53125 0.75 0.53125 0.75 0.53125 0.75 0.53125 0.75 0.5625 0.75000006 0.5625 0.75000006 0.5625 0.75000006 0.5625 0.75000006 0.59375 0.75 0.59375 0.75 0.59375 0.75 0.59375 0.75 0.40625 0.750000119 0.40625 0.750000119 0.40625 0.750000119 0.40625 0.750000119 0.43750006 0.75000006 0.43750006 0.75000006 0.43750006 0.75000006 0.43750006 0.75000006 0.46875006 0.750000119 0.46875006 0.750000119 0.46875006 0.750000119 0.46875006 0.750000119 0.50000006 0.750000119 0.50000006 0.750000119 0.50000006 0.750000119 0.50000006 0.750000119 0.53125006 0.750000119 0.53125006 0.750000119 0.53125006 0.750000119 0.53125006 0.750000119 0.5625 0.750000119 0.5625 0.750000119 0.5625 0.750000119 0.5625 0.750000119 0.59375 0.75000006 0.59375 0.75000006 0.59375 0.75000006 0.59375 0.75000006 0.40625006 0.75000006 0.40625006 0.75000006 0.40625006 0.75000006 0.40625006 0.75000006 0.43750003 0.75000006 0.43750003 0.75000006 0.43750003 0.75000006 0.43750003 0.75000006 0.46875003 0.75000006 0.46875003 0.75000006 0.46875003 0.75000006 0.46875003 0.75000006 0.50000006 0.750000119 0.50000006 0.750000119 0.50000006 0.750000119 0.50000006 0.750000119 0.53125006 0.75 0.53125006 0.75 0.53125006 0.75 0.53125006 0.75 0.5625 0.75000006 0.5625 0.75000006 0.5625 0.75000006 0.5625 0.75000006 0.59375 0.75 0.59375 0.75 0.59375 0.75 0.59375 0.75 0.40625 1 0.4375 1 0.46875 1 0.5 1 0.53125 1 0.5625 1 0.59375 1 0.40625 1 0.4375 1 0.46875 1 0.5 1 0.53125 1 0.5625 1 0.59375 1 0.40625 1 0.4375 1 0.46875 1 0.5 1 0.53125 1 0.5625 1 0.59375 1 0.40625 1 0.43750003 0.999999881 0.46875003 0.999999881 0.50000006 0.99999994 0.53125006 0.999999881 0.56250006 0.999999881 0.59375 1 0.40625 1 0.4375 1 0.46875 1 0.5 1 0.53125 1 0.5625 1 0.59375 1 0.40625 1 0.4375 1 0.46875 1 0.5 1 0.53125 1 0.5625 1 0.59375 1 0.40625 1 0.4375 1 0.46875 1 0.5 1 0.53125 1 0.5625 1 0.59375 1 0.87500006 0.71875 0.87500006 0.6875 0.87500006 0.65625 0.875000119 0.62500006 0.87500006 0.59375 0.87500006 0.56250006 0.875000119 0.53125 0.87500006 0.71875006 0.87500006 0.6875 0.87500006 0.65625 0.875 0.625000119 0.875000119 0.59375006 0.87500006 0.56249994 0.875000119 0.53125006 0.875 0.71875 0.875000119 0.68750006 0.87500006 0.65625006 0.87500006 0.62500006 0.875 0.59375006 0.875000119 0.56250006 0.87500006 0.53125006 0.875 0.71875 0.875 0.6875 0.875 0.65625 0.875 0.625 0.875 0.59375 0.875 0.5625 0.875 0.53125 0.875 0.718028069 0.875 0.686769545 0.875 0.655922413 0.875 0.625 0.875 0.594077587 0.87500006 0.563230455 0.875 0.531971931 0.875 0.716769397 0.875 0.68540442 0.875 0.655227661 0.875 0.625 0.875 0.594772339 0.875 0.56459558 0.875 0.533230543 0.875 0.716393948 0.875 0.684783995 0.875 0.654696465 0.875 0.625 0.875 0.595303535 0.87500006 0.565216124 0.875 0.533606052 0.59375006 0.25 0.5625 0.25 0.53125006 0.25 0.50000006 0.25 0.46875 0.25 0.43750006 0.25 0.40625 0.25 0.59375006 0.25 0.562500119 0.25 0.53125006 0.25 0.50000006 0.25 0.46875 0.25 0.4375 0.25 0.40625006 0.25 0.59375006 0.25 0.56250006 0.25 0.53125006 0.25 0.50000006 0.25 0.46875 0.25 0.43750006 0.25 0.40625003 0.25 0.59375 0.25 0.5625 0.25 0.53125 0.25 0.5 0.25 0.46875 0.25 0.4375 0.25 0.40625 0.25 0.59375 0.25 0.5625 0.25 0.53125 0.25 0.5 0.25 0.46875 0.25 0.4375 0.25 0.40625 0.25 0.59375 0.25 0.5625 0.25 0.53125 0.25 0.5 0.25 0.46875 0.25 0.4375 0.25 0.40625 0.25 0.59375 0.25 0.56250006 0.25 0.53125 0.25 0.5 0.25 0.46875 0.25 0.4375 0.25 0.40625 0.25 0.40625 1.00000012 0.43750006 1.00000012 0.46875 1 0.50000006 1.00000012 0.53125006 1.00000012 0.56249994 1 0.59375006 1 0.40625006 1.00000012 0.43749997 1 0.46875006 1 0.50000006 1.00000012 0.53125006 1.00000012 0.56250006 1.00000012 0.59375 1.00000012 0.40625 1 0.43750006 1.00000012 0.46875003 1 0.5 1.00000012 0.53125 1 0.56250006 1.00000012 0.59375006 1 0.40625 1 0.4375 1 0.46875003 1 0.50000006 0.99999994 0.53125006 1 0.5625 1 0.59375 1 0.40625 1 0.4375 1 0.46875 1 0.5 1 0.53125 1 0.5625 1 0.59375 1 0.40625 1 0.4375 1 0.46875 1 0.5 1 0.53125 1 0.5625 1 0.59375 1 0.40625 1 0.4375 1 0.46875 1 0.5 1 0.53125 1 0.5625 1 0.59375 1 0.40625 0.0348129272 0.40625 0.0348129272 0.40625 0.0348129272 0.40625 0.0348129272 0.4375 0.042175293 0.4375 0.042175293 0.4375 0.042175293 0.4375 0.042175293 0.46875 0.049446106 0.46875 0.049446106 0.46875 0.049446106 0.46875 0.049446106 0.5 0.052734375 0.5 0.052734375 0.5 0.052734375 0.5 0.052734375 0.53125 0.049446106 0.53125 0.049446106 0.53125 0.049446106 0.53125 0.049446106 0.5625 0.042175293 0.5625 0.042175293 0.5625 0.042175293 0.5625 0.042175293 0.59375 0.0348129272 0.59375 0.0348129272 0.59375 0.0348129272 0.59375 0.0348129272 0.40625 0.0638495684 0.40625 0.0638495684 0.40625 0.0638495684 0.40625 0.0638495684 0.4375 0.0680881143 0.4375 0.0680881143 0.4375 0.0680881143 0.4375 0.0680881143 0.46875 0.0725708008 0.46875 0.0725708008 0.46875 0.0725708008 0.46875 0.0725708008 0.5 0.074652791 0.5 0.074652791 0.5 0.074652791 0.5 0.074652791 0.53125 0.0725708008 0.53125 0.0725708008 0.53125 0.0725708008 0.53125 0.0725708008 0.5625 0.0680881143 0.5625 0.0680881143 0.5625 0.0680881143 0.5625 0.0680881143 0.59375 0.0638495684 0.59375 0.0638495684 0.59375 0.0638495684 0.59375 0.0638495684 0.40625 0.0946663618 0.40625 0.0946663618 0.40625 0.0946663618 0.40625 0.0946663618 0.4375 0.0965237021 0.4375 0.0965237021 0.4375 0.0965237021 0.4375 0.0965237021 0.46875 0.0983505249 0.46875 0.0983505249 0.46875 0.0983505249 0.46875 0.0983505249 0.5 0.099175334 0.5 0.099175334 0.5 0.099175334 0.5 0.099175334 0.53125 0.0983505249 0.53125 0.0983505249 0.53125 0.0983505249 0.53125 0.0983505249 0.5625 0.0965237021 0.5625 0.0965237021 0.5625 0.0965237021 0.5625 0.0965237021 0.59375 0.0946663618 0.59375 0.0946663618 0.59375 0.0946663618 0.59375 0.0946663618 0.40625 0.125 0.40625 0.125 0.40625 0.125 0.40625 0.125 0.43750003 0.125 0.43750003 0.125 0.43750003 0.125 0.43750003 0.125 0.46875003 0.125 0.46875003 0.125 0.46875003 0.125 0.46875003 0.125 0.50000006 0.125 0.50000006 0.125 0.50000006 0.125 0.50000006 0.125 0.53125006 0.125 0.53125006 0.125 0.53125006 0.125 0.53125006 0.125 0.56250006 0.125 0.56250006 0.125 0.56250006 0.125 0.56250006 0.125 0.59375 0.125 0.59375 0.125 0.59375 0.125 0.59375 0.125 0.40625 0.155333638 0.40625 0.155333638 0.40625 0.155333638 0.40625 0.155333638 0.4375 0.153476298 0.4375 0.153476298 0.4375 0.153476298 0.4375 0.153476298 0.46875 0.151649475 0.46875 0.151649475 0.46875 0.151649475 0.46875 0.151649475 0.5 0.150824666 0.5 0.150824666 0.5 0.150824666 0.5 0.150824666 0.53125 0.151649475 0.53125 0.151649475 0.53125 0.151649475 0.53125 0.151649475 0.5625 0.153476298 0.5625 0.153476298 0.5625 0.153476298 0.5625 0.153476298 0.59375 0.155333638 0.59375 0.155333638 0.59375 0.155333638 0.59375 0.155333638 0.40625 0.186150432 0.40625 0.186150432 0.40625 0.186150432 0.40625 0.186150432 0.4375 0.181911886 0.4375 0.181911886 0.4375 0.181911886 0.4375 0.181911886 0.46875 0.177429199 0.46875 0.177429199 0.46875 0.177429199 0.46875 0.177429199 0.5 0.175347209 0.5 0.175347209 0.5 0.175347209 0.5 0.175347209 0.53125 0.177429199 0.53125 0.177429199 0.53125 0.177429199 0.53125 0.177429199 0.5625 0.181911886 0.5625 0.181911886 0.5625 0.181911886 0.5625 0.181911886 0.59375 0.186150432 0.59375 0.186150432 0.59375 0.186150432 0.59375 0.186150432 0.40625 0.215187073 0.40625 0.215187073 0.40625 0.215187073 0.40625 0.215187073 0.4375 0.207824707 0.4375 0.207824707 0.4375 0.207824707 0.4375 0.207824707 0.46875 0.200553894 0.46875 0.200553894 0.46875 0.200553894 0.46875 0.200553894 0.5 0.197265625 0.5 0.197265625 0.5 0.197265625 0.5 0.197265625 0.53125 0.200553894 0.53125 0.200553894 0.53125 0.200553894 0.53125 0.200553894 0.5625 0.207824707 0.5625 0.207824707 0.5625 0.207824707 0.5625 0.207824707 0.59375 0.215187073 0.59375 0.215187073 0.59375 0.215187073 0.59375 0.215187073 0.125 0.505024791 0.125 0.505024791 0.125 0.505024791 0.125 0.505024791 0.125 0.512244344 0.125 0.512244344 0.125 0.512244344 0.125 0.512244344 0.125 0.518726349 0.125 0.518726349 0.125 0.518726349 0.125 0.518726349 0.125 0.521538615 0.125 0.521538615 0.125 0.521538615 0.125 0.521538615 0.125 0.518245697 0.125 0.518245697 0.125 0.518245697 0.125 0.518245697 0.125 0.510962605 0.125 0.510962605 0.125 0.510962605 0.125 0.510962605 0.125 0.503582835 0.125 0.503582835 0.125 0.503582835 0.125 0.503582835 0.125 0.502790689 0.125 0.502790689 0.125 0.502790689 0.125 0.502790689 0.125 0.507025838 0.125 0.507025838 0.125 0.507025838 0.125 0.507025838 0.125 0.510894775 0.125 0.510894775 0.125 0.510894775 0.125 0.510894775 0.125 0.512586832 0.125 0.512586832 0.125 0.512586832 0.125 0.512586832 0.125 0.510467529 0.125 0.510467529 0.125 0.510467529 0.125 0.510467529 0.125 0.505886495 0.125 0.505886495 0.125 0.505886495 0.125 0.505886495 0.125 0.501508951 0.125 0.501508951 0.125 0.501508951 0.125 0.501508951 0.125 0.501934886 0.125 0.501934886 0.125 0.501934886 0.125 0.501934886 0.125 0.504208028 0.125 0.504208028 0.125 0.504208028 0.125 0.504208028 0.125 0.506099701 0.125 0.506099701 0.125 0.506099701 0.125 0.506099701 0.125 0.506890178 0.125 0.506890178 0.125 0.506890178 0.125 0.506890178 0.125 0.505939484 0.125 0.505939484 0.125 0.505939484 0.125 0.505939484 0.125 0.503780782 0.125 0.503780782 0.125 0.503780782 0.125 0.503780782 0.125 0.501454234 0.125 0.501454234 0.125 0.501454234 0.125 0.501454234 0.125 0.501274943 0.125 0.501274943 0.125 0.501274943 0.125 0.501274943 0.124999985 0.502387166 0.124999985 0.502387166 0.124999985 0.502387166 0.124999985 0.502387166 0.124999985 0.503173828 0.124999985 0.503173828 0.124999985 0.503173828 0.124999985 0.503173828 0.124999993 0.503472269 0.124999993 0.503472269 0.124999993 0.503472269 0.124999993 0.503472269 0.124999985 0.503173828 0.124999985 0.503173828 0.124999985 0.503173828 0.124999985 0.503173828 0.124999985 0.502387166 0.124999985 0.502387166 0.124999985 0.502387166 0.124999985 0.502387166 0.125 0.501274943 0.125 0.501274943 0.125 0.501274943 0.125 0.501274943 0.125 0.500537872 0.125 0.500537872 0.125 0.500537872 0.125 0.500537872 0.125 0.50100708 0.125 0.50100708 0.125 0.50100708 0.125 0.50100708 0.125 0.501338959 0.125 0.501338959 0.125 0.501338959 0.125 0.501338959 0.125 0.501464844 0.125 0.501464844 0.125 0.501464844 0.125 0.501464844 0.125 0.501338959 0.125 0.501338959 0.125 0.501338959 0.125 0.501338959 0.125 0.50100708 0.125 0.50100708 0.125 0.50100708 0.125 0.50100708 0.125 0.500537872 0.125 0.500537872 0.125 0.500537872 0.125 0.500537872 0.125 0.500159383 0.125 0.500159383 0.125 0.500159383 0.125 0.500159383 0.125 0.500298381 0.125 0.500298381 0.125 0.500298381 0.125 0.500298381 0.125 0.500396729 0.125 0.500396729 0.125 0.500396729 0.125 0.500396729 0.125 0.500434041 0.125 0.500434041 0.125 0.500434041 0.125 0.500434041 0.125 0.500396729 0.125 0.500396729 0.125 0.500396729 0.125 0.500396729 0.125 0.500298381 0.125 0.500298381 0.125 0.500298381 0.125 0.500298381 0.125 0.500159323 0.125 0.500159323 0.125 0.500159323 0.125 0.500159323 0.125 0.500019908 0.125 0.500019908 0.125 0.500019908 0.125 0.500019908 0.125 0.500037313 0.125 0.500037313 0.125 0.500037313 0.125 0.500037313 0.125 0.500049591 0.125 0.500049591 0.125 0.500049591 0.125 0.500049591 0.125 0.50005424 0.125 0.50005424 0.125 0.50005424 0.125 0.50005424 0.125 0.500049591 0.125 0.500049591 0.125 0.500049591 0.125 0.500049591 0.125 0.500037253 0.125 0.500037253 0.125 0.500037253 0.125 0.500037253 0.125 0.500019908 0.125 0.500019908 0.125 0.500019908 0.125 0.500019908 0.125 0.53845644 0.125 0.53845644 0.125 0.53845644 0.125 0.53845644 0.125 0.56824404 0.125 0.56824404 0.125 0.56824404 0.125 0.56824404 0.125 0.596949518 0.125 0.596949518 0.125 0.596949518 0.125 0.596949518 0.124999993 0.62500006 0.124999993 0.62500006 0.124999993 0.62500006 0.124999993 0.62500006 0.125 0.653050601 0.125 0.653050601 0.125 0.653050601 0.125 0.653050601 0.125 0.68175596 0.125 0.68175596 0.125 0.68175596 0.125 0.68175596 0.125 0.71154356 0.125 0.71154356 0.125 0.71154356 0.125 0.71154356 0.125 0.544766247 0.125 0.544766247 0.125 0.544766247 0.125 0.544766247 0.125 0.571200848 0.125 0.571200848 0.125 0.571200848 0.125 0.571200848 0.125 0.598034322 0.125 0.598034322 0.125 0.598034322 0.125 0.598034322 0.125 0.625 0.125 0.625 0.125 0.625 0.125 0.625 0.125 0.651965678 0.125 0.651965678 0.125 0.651965678 0.125 0.651965678 0.125 0.678799212 0.125 0.678799212 0.125 0.678799212 0.125 0.678799212 0.125 0.705233812 0.125 0.705233812 0.125 0.705233812 0.125 0.705233812 0.125 0.550296783 0.125 0.550296783 0.125 0.550296783 0.125 0.550296783 0.125 0.573575854 0.125 0.573575854 0.125 0.573575854 0.125 0.573575854 0.125 0.598821163 0.125 0.598821163 0.125 0.598821163 0.125 0.598821163 0.124999985 0.625 0.124999985 0.625 0.124999985 0.625 0.124999985 0.625 0.125 0.651178837 0.125 0.651178837 0.125 0.651178837 0.125 0.651178837 0.125 0.676424146 0.125 0.676424146 0.125 0.676424146 0.125 0.676424146 0.125 0.699703217 0.125 0.699703217 0.125 0.699703217 0.125 0.699703217 0.125 0.552734375 0.125 0.552734375 0.125 0.552734375 0.125 0.552734375 0.125 0.574652791 0.125 0.574652791 0.125 0.574652791 0.125 0.574652791 0.124999993 0.599175334 0.124999993 0.599175334 0.124999993 0.599175334 0.124999993 0.599175334 0.124999985 0.62499994 0.124999985 0.62499994 0.124999985 0.62499994 0.124999985 0.62499994 0.124999993 0.650824666 0.124999993 0.650824666 0.124999993 0.650824666 0.124999993 0.650824666 0.125 0.675347209 0.125 0.675347209 0.125 0.675347209 0.125 0.675347209 0.125 0.697265625 0.125 0.697265625 0.125 0.697265625 0.125 0.697265625 0.125 0.549446106 0.125 0.549446106 0.125 0.549446106 0.125 0.549446106 0.125 0.572570801 0.125 0.572570801 0.125 0.572570801 0.125 0.572570801 0.125 0.598350525 0.125 0.598350525 0.125 0.598350525 0.125 0.598350525 0.124999985 0.625 0.124999985 0.625 0.124999985 0.625 0.124999985 0.625 0.125 0.651649475 0.125 0.651649475 0.125 0.651649475 0.125 0.651649475 0.125 0.677429199 0.125 0.677429199 0.125 0.677429199 0.125 0.677429199 0.125 0.700553894 0.125 0.700553894 0.125 0.700553894 0.125 0.700553894 0.125 0.542175293 0.125 0.542175293 0.125 0.542175293 0.125 0.542175293 0.125 0.568088055 0.125 0.568088055 0.125 0.568088055 0.125 0.568088055 0.125 0.596523702 0.125 0.596523702 0.125 0.596523702 0.125 0.596523702 0.124999985 0.625 0.124999985 0.625 0.124999985 0.625 0.124999985 0.625 0.125 0.653476298 0.125 0.653476298 0.125 0.653476298 0.125 0.653476298 0.125 0.681911945 0.125 0.681911945 0.125 0.681911945 0.125 0.681911945 0.125 0.707824767 0.125 0.707824767 0.125 0.707824767 0.125 0.707824767 0.125 0.534812927 0.125 0.534812927 0.125 0.534812927 0.125 0.534812927 0.125 0.563849568 0.125 0.563849568 0.125 0.563849568 0.125 0.563849568 0.125 0.594666421 0.125 0.594666421 0.125 0.594666421 0.125 0.594666421 0.125 0.625 0.125 0.625 0.125 0.625 0.125 0.625 0.125 0.655333638 0.125 0.655333638 0.125 0.655333638 0.125 0.655333638 0.125 0.686150432 0.125 0.686150432 0.125 0.686150432 0.125 0.686150432 0.125 0.715187073 0.125 0.715187073 0.125 0.715187073 0.125 0.715187073 0.875 0.71154356 0.875000119 0.6817559 0.875 0.653050601 0.875 0.62500006 0.875 0.596949458 0.875 0.5682441 0.875 0.53845644 0.87500006 0.705233812 0.875 0.678799093 0.875 0.651965737 0.875 0.625 0.875 0.598034322 0.875 0.571200848 0.875 0.544766188 0.87500006 0.699703217 0.87500006 0.676424146 0.875 0.651178837 0.875 0.62499994 0.875 0.598821163 0.875 0.573575854 0.87500006 0.550296783 0.875 0.697265625 0.875 0.675347209 0.875 0.650824666 0.87500006 0.62499994 0.87500006 0.599175274 0.87500006 0.574652791 0.87500006 0.552734375 0.875 0.700553894 0.875 0.677429199 0.875 0.651649475 0.87500006 0.62499994 0.87500006 0.598350525 0.875 0.572570801 0.87500006 0.549446106 0.87500006 0.707824767 0.875 0.681911945 0.87500006 0.653476238 0.87499994 0.625 0.87500006 0.596523702 0.875 0.568088114 0.875 0.542175293 0.875 0.715187073 0.875 0.686150432 0.875 0.655333638 0.87499994 0.625 0.875 0.594666362 0.875 0.563849509 0.875 0.534812927 0.875 0.75 0.875000119 0.75 0.875 0.75 0.875 0.75 0.875 0.75 0.875 0.75 0.875 0.75 0.87500006 0.75000006 0.875 0.75 0.875 0.75 0.875 0.75000006 0.875 0.75 0.875 0.75 0.875 0.75 0.87500006 0.75 0.87500006 0.75 0.875 0.75 0.875 0.74999994 0.875 0.75 0.875 0.75 0.87500006 0.75 0.875 0.75 0.875 0.75 0.875 0.74999994 0.87500006 0.749999881 0.87500006 0.74999994 0.87500006 0.75 0.87500006 0.75 0.875 0.75 0.875 0.75 0.875 0.75 0.87500006 0.749999881 0.87500006 0.75 0.875 0.75 0.87500006 0.75 0.87500006 0.75000006 0.87500006 0.75 0.87500006 0.75 0.875 0.74999994 0.87500006 0.75 0.875 0.75 0.875 0.75 0.87500006 0.75 0.875 0.75 0.875 0.75 0.875 0.75 0.87500006 0.75 0.875 0.75 0.875 0.75 0.875 0.744975209 0.87500006 0.737755656 0.87500006 0.731273651 0.87500006 0.728461385 0.87500006 0.731754363 0.87500006 0.739037454 0.875 0.746417165 0.875 0.747209311 0.875 0.742974162 0.87500006 0.739105225 0.875 0.737413168 0.87500006 0.739532471 0.875 0.744113505 0.875 0.748491049 0.875 0.748065114 0.875 0.745791912 0.875 0.743900239 0.875 0.743109703 0.875 0.744060516 0.875 0.746219218 0.875 0.748545766 0.87499994 0.748725057 0.875 0.747612834 0.875 0.746826112 0.875 0.746527731 0.875 0.746826112 0.87499994 0.747612834 0.87499994 0.748725057 0.875 0.749462128 0.875 0.74899292 0.875 0.748661041 0.875 0.748535156 0.875 0.748661041 0.87500006 0.74899292 0.875 0.749462128 0.875 0.749840617 0.875 0.749701619 0.875 0.749603271 0.875 0.749565959 0.875 0.749603271 0.875 0.749701619 0.875 0.749840617 0.875 0.749980092 0.875 0.749962687 0.875 0.749950409 0.875 0.749945641 0.875 0.749950409 0.87500006 0.749962687 0.875 0.749980092 0.125 0.746417165 0.125 0.739037395 0.125 0.731754363 0.125 0.728461385 0.125 0.731273651 0.125000015 0.737755656 0.125 0.744975209 0.125 0.748491049 0.125 0.744113505 0.125 0.739532471 0.125 0.737413168 0.125 0.739105225 0.125 0.742974162 0.125 0.747209311 0.125 0.748545766 0.125 0.746219158 0.125 0.744060457 0.125 0.743109703 0.125 0.743900299 0.125 0.745791972 0.125 0.748065114 0.125 0.748725057 0.124999985 0.747612834 0.124999985 0.746826112 0.124999993 0.746527731 0.124999985 0.746826112 0.124999985 0.747612834 0.125 0.748725057 0.125 0.749462128 0.125 0.74899292 0.125 0.748661041 0.125 0.748535156 0.125 0.748661041 0.125 0.74899292 0.125 0.749462128 0.125 0.749840617 0.125 0.749701619 0.125 0.749603271 0.125 0.749565959 0.125 0.749603271 0.125 0.749701619 0.125 0.749840617 0.125 0.749980092 0.125 0.749962687 0.125 0.749950409 0.124999993 0.749945641 0.125 0.749950409 0.125 0.749962687 0.125 0.749980092 0.59375 0.0035828352 0.5625 0.0109626055 0.53125 0.018245697 0.5 0.0215386152 0.46875 0.018245697 0.4375 0.0109626055 0.40625 0.0035828352 0.59375 0.00150895119 0.5625 0.00588649511 0.53125 0.0104675293 0.5 0.012586832 0.46875 0.0104675293 0.4375 0.00588649511 0.40625 0.00150895119 0.59375 0.00145423412 0.56250006 0.00378078222 0.53125 0.00593948364 0.5 0.00689017773 0.46875 0.00593948364 0.4375 0.00378078222 0.40625 0.00145423412 0.59375 0.00127494335 0.5625 0.00238716602 0.53125 0.00317382812 0.5 0.00347220898 0.46875 0.00317382812 0.4375 0.00238716602 0.40625 0.00127494335 0.59375 0.000537872314 0.5625 0.00100708008 0.53125 0.00133895874 0.5 0.00146484375 0.46875 0.00133895874 0.4375 0.00100708008 0.40625 0.000537872314 0.59375 0.00015938282 0.5625 0.000298380852 0.53125 0.000396728516 0.5 0.000434041023 0.46875 0.000396728516 0.4375 0.000298380852 0.40625 0.00015938282 0.59375 1.99079514e-05 0.56250006 3.73125076e-05 0.53125 4.95910645e-05 0.5 5.42402267e-05 0.46875 4.95910645e-05 0.4375 3.73125076e-05 0.40625 1.99079514e-05 0.40625 0.25 0.40625 0.25 0.40625 0.25 0.40625 0.25 0.4375 0.25 0.4375 0.25 0.4375 0.25 0.4375 0.25 0.46875 0.25 0.46875 0.25 0.46875 0.25 0.46875 0.25 0.5 0.25 0.5 0.25 0.5 0.25 0.5 0.25 0.53125 0.25 0.53125 0.25 0.53125 0.25 0.53125 0.25 0.5625 0.25 0.5625 0.25 0.5625 0.25 0.5625 0.25 0.59375 0.25 0.59375 0.25 0.59375 0.25 0.59375 0.25 0.40625 0.25 0.40625 0.25 0.40625 0.25 0.40625 0.25 0.4375 0.25 0.4375 0.25 0.4375 0.25 0.4375 0.25 0.46875 0.25 0.46875 0.25 0.46875 0.25 0.46875 0.25 0.5 0.25 0.5 0.25 0.5 0.25 0.5 0.25 0.53125 0.25 0.53125 0.25 0.53125 0.25 0.53125 0.25 0.5625 0.25 0.5625 0.25 0.5625 0.25 0.5625 0.25 0.59375 0.25 0.59375 0.25 0.59375 0.25 0.59375 0.25 0.40625 0.25 0.40625 0.25 0.40625 0.25 0.40625 0.25 0.4375 0.25 0.4375 0.25 0.4375 0.25 0.4375 0.25 0.46875 0.25 0.46875 0.25 0.46875 0.25 0.46875 0.25 0.5 0.25 0.5 0.25 0.5 0.25 0.5 0.25 0.53125 0.25 0.53125 0.25 0.53125 0.25 0.53125 0.25 0.5625 0.25 0.5625 0.25 0.5625 0.25 0.5625 0.25 0.59375 0.25 0.59375 0.25 0.59375 0.25 0.59375 0.25 0.40625003 0.25 0.40625003 0.25 0.40625003 0.25 0.40625003 0.25 0.43750003 0.25 0.43750003 0.25 0.43750003 0.25 0.43750003 0.25 0.46875003 0.25 0.46875003 0.25 0.46875003 0.25 0.46875003 0.25 0.5 0.25 0.5 0.25 0.5 0.25 0.5 0.25 0.53125006 0.25 0.53125006 0.25 0.53125006 0.25 0.53125006 0.25 0.56250006 0.25 0.56250006 0.25 0.56250006 0.25 0.56250006 0.25 0.59375006 0.25 0.59375006 0.25 0.59375006 0.25 0.59375006 0.25 0.40625 0.25 0.40625 0.25 0.40625 0.25 0.40625 0.25 0.43750006 0.25 0.43750006 0.25 0.43750006 0.25 0.43750006 0.25 0.46875 0.25 0.46875 0.25 0.46875 0.25 0.46875 0.25 0.5 0.25 0.5 0.25 0.5 0.25 0.5 0.25 0.53125 0.25 0.53125 0.25 0.53125 0.25 0.53125 0.25 0.5625 0.25 0.5625 0.25 0.5625 0.25 0.5625 0.25 0.59375 0.25 0.59375 0.25 0.59375 0.25 0.59375 0.25 0.40625 0.25 0.40625 0.25 0.40625 0.25 0.40625 0.25 0.43750006 0.25 0.43750006 0.25 0.43750006 0.25 0.43750006 0.25 0.46875006 0.25 0.46875006 0.25 0.46875006 0.25 0.46875006 0.25 0.50000006 0.25 0.50000006 0.25 0.50000006 0.25 0.50000006 0.25 0.53125006 0.25 0.53125006 0.25 0.53125006 0.25 0.53125006 0.25 0.5625 0.25 0.5625 0.25 0.5625 0.25 0.5625 0.25 0.59375 0.25 0.59375 0.25 0.59375 0.25 0.59375 0.25 0.40625006 0.25 0.40625006 0.25 0.40625006 0.25 0.40625006 0.25 0.43750003 0.25 0.43750003 0.25 0.43750003 0.25 0.43750003 0.25 0.46875003 0.25 0.46875003 0.25 0.46875003 0.25 0.46875003 0.25 0.50000006 0.25 0.50000006 0.25 0.50000006 0.25 0.50000006 0.25 0.53125006 0.25 0.53125006 0.25 0.53125006 0.25 0.53125006 0.25 0.5625 0.25 0.5625 0.25 0.5625 0.25 0.5625 0.25 0.59375 0.25 0.59375 0.25 0.59375 0.25 0.59375 0.25 0.40625 0.246417165 0.40625 0.246417165 0.40625 0.246417165 0.40625 0.246417165 0.4375 0.239037395 0.4375 0.239037395 0.4375 0.239037395 0.4375 0.239037395 0.46875 0.231754303 0.46875 0.231754303 0.46875 0.231754303 0.46875 0.231754303 0.5 0.228461385 0.5 0.228461385 0.5 0.228461385 0.5 0.228461385 0.53125 0.231754303 0.53125 0.231754303 0.53125 0.231754303 0.53125 0.231754303 0.5625 0.239037395 0.5625 0.239037395 0.5625 0.239037395 0.5625 0.239037395 0.59375 0.246417165 0.59375 0.246417165 0.59375 0.246417165 0.59375 0.246417165 0.40625 0.248491049 0.40625 0.248491049 0.40625 0.248491049 0.40625 0.248491049 0.4375 0.244113505 0.4375 0.244113505 0.4375 0.244113505 0.4375 0.244113505 0.46875 0.239532471 0.46875 0.239532471 0.46875 0.239532471 0.46875 0.239532471 0.5 0.237413168 0.5 0.237413168 0.5 0.237413168 0.5 0.237413168 0.53125 0.239532471 0.53125 0.239532471 0.53125 0.239532471 0.53125 0.239532471 0.5625 0.244113505 0.5625 0.244113505 0.5625 0.244113505 0.5625 0.244113505 0.59375 0.248491049 0.59375 0.248491049 0.59375 0.248491049 0.59375 0.248491049 0.40625 0.248545766 0.40625 0.248545766 0.40625 0.248545766 0.40625 0.248545766 0.4375 0.246219218 0.4375 0.246219218 0.4375 0.246219218 0.4375 0.246219218 0.46875 0.244060516 0.46875 0.244060516 0.46875 0.244060516 0.46875 0.244060516 0.5 0.243109822 0.5 0.243109822 0.5 0.243109822 0.5 0.243109822 0.53125 0.244060516 0.53125 0.244060516 0.53125 0.244060516 0.53125 0.244060516 0.5625 0.246219218 0.5625 0.246219218 0.5625 0.246219218 0.5625 0.246219218 0.59375 0.248545766 0.59375 0.248545766 0.59375 0.248545766 0.59375 0.248545766 0.40625 0.248725057 0.40625 0.248725057 0.40625 0.248725057 0.40625 0.248725057 0.43750003 0.247612834 0.43750003 0.247612834 0.43750003 0.247612834 0.43750003 0.247612834 0.46875003 0.246826172 0.46875003 0.246826172 0.46875003 0.246826172 0.46875003 0.246826172 0.50000006 0.246527791 0.50000006 0.246527791 0.50000006 0.246527791 0.50000006 0.246527791 0.53125006 0.246826172 0.53125006 0.246826172 0.53125006 0.246826172 0.53125006 0.246826172 0.56250006 0.247612834 0.56250006 0.247612834 0.56250006 0.247612834 0.56250006 0.247612834 0.59375 0.248725057 0.59375 0.248725057 0.59375 0.248725057 0.59375 0.248725057 0.40625 0.249462128 0.40625 0.249462128 0.40625 0.249462128 0.40625 0.249462128 0.4375 0.24899292 0.4375 0.24899292 0.4375 0.24899292 0.4375 0.24899292 0.46875 0.248661041 0.46875 0.248661041 0.46875 0.248661041 0.46875 0.248661041 0.5 0.248535156 0.5 0.248535156 0.5 0.248535156 0.5 0.248535156 0.53125 0.248661041 0.53125 0.248661041 0.53125 0.248661041 0.53125 0.248661041 0.5625 0.24899292 0.5625 0.24899292 0.5625 0.24899292 0.5625 0.24899292 0.59375 0.249462128 0.59375 0.249462128 0.59375 0.249462128 0.59375 0.249462128 0.40625 0.249840617 0.40625 0.249840617 0.40625 0.249840617 0.40625 0.249840617 0.4375 0.249701619 0.4375 0.249701619 0.4375 0.249701619 0.4375 0.249701619 0.46875 0.249603271 0.46875 0.249603271 0.46875 0.249603271 0.46875 0.249603271 0.5 0.249565959 0.5 0.249565959 0.5 0.249565959 0.5 0.249565959 0.53125 0.249603271 0.53125 0.249603271 0.53125 0.249603271 0.53125 0.249603271 0.5625 0.249701619 0.5625 0.249701619 0.5625 0.249701619 0.5625 0.249701619 0.59375 0.249840617 0.59375 0.249840617 0.59375 0.249840617 0.59375 0.249840617 0.40625 0.249980092 0.40625 0.249980092 0.40625 0.249980092 0.40625 0.249980092 0.4375 0.249962687 0.4375 0.249962687 0.4375 0.249962687 0.4375 0.249962687 0.46875 0.249950409 0.46875 0.249950409 0.46875 0.249950409 0.46875 0.249950409 0.5 0.24994576 0.5 0.24994576 0.5 0.24994576 0.5 0.24994576 0.53125 0.249950409 0.53125 0.249950409 0.53125 0.249950409 0.53125 0.249950409 0.5625 0.249962687 0.5625 0.249962687 0.5625 0.249962687 0.5625 0.249962687 0.59375 0.249980092 0.59375 0.249980092 0.59375 0.249980092 0.59375 0.249980092 0.875 0.503582835 0.875 0.510962605 0.87500006 0.518245697 0.87500006 0.521538615 0.87500006 0.518726349 0.875 0.512244344 0.875 0.505024791 0.875 0.501508951 0.875 0.505886555 0.875 0.510467529 0.875 0.512586832 0.87500006 0.510894775 0.875 0.507025838 0.875 0.502790689 0.875 0.501454234 0.875 0.503780782 0.875 0.505939484 0.875 0.506890178 0.875 0.506099701 0.875 0.504208028 0.875 0.501934886 0.87499994 0.501274943 0.875 0.502387166 0.875 0.503173828 0.875 0.503472269 0.875 0.503173828 0.87499994 0.502387166 0.87499994 0.501274943 0.875 0.500537872 0.875 0.50100708 0.875 0.501338959 0.875 0.501464844 0.875 0.501338959 0.875 0.50100708 0.875 0.500537872 0.875 0.500159383 0.875 0.500298381 0.875 0.500396729 0.875 0.500434041 0.875 0.500396729 0.875 0.500298381 0.875 0.500159323 0.875 0.500019908 0.875 0.500037313 0.875 0.500049591 0.875000119 0.50005424 0.875 0.500049591 0.875 0.500037253 0.875 0.500019908 0.59375 0.25 0.5625 0.25 0.53125 0.25 0.5 0.25 0.46875 0.25 0.4375 0.25 0.40625 0.25 0.59375 0.25 0.5625 0.25 0.53125 0.25 0.5 0.25 0.46875 0.25 0.4375 0.25 0.40625 0.25 0.59375 0.25 0.56250006 0.25 0.53125 0.25 0.5 0.25 0.46875 0.25 0.4375 0.25 0.40625 0.25 0.59375 0.25 0.5625 0.25 0.53125 0.25 0.5 0.25 0.46875 0.25 0.4375 0.25 0.40625 0.25 0.59375 0.25 0.5625 0.25 0.53125 0.25 0.5 0.25 0.46875 0.25 0.4375 0.25 0.40625 0.25 0.59375 0.25 0.5625 0.25 0.53125 0.25 0.5 0.25 0.46875 0.25 0.4375 0.25 0.40625 0.25 0.59375 0.25 0.56250006 0.25 0.53125 0.25 0.5 0.25 0.46875 0.25 0.4375 0.25 0.40625 0.25 0.87500006 0.50000006 0.87500006 0.50000006 0.87500006 0.5 0.875 0.5 0.875 0.5 0.875 0.5 0.875 0.5 0.87500006 0.50000006 0.87500006 0.5 0.87500006 0.5 0.87500006 0.5 0.875 0.5 0.875 0.5 0.875 0.5 0.875 0.5 0.875000119 0.50000006 0.87500006 0.5 0.87500006 0.5 0.875 0.5 0.875 0.5 0.875 0.5 0.875 0.5 0.875 0.5 0.875 0.5 0.875 0.5 0.87500006 0.5 0.875000119 0.5 0.875 0.5 0.875 0.5 0.875 0.5 0.875 0.5 0.875 0.5 0.875 0.5 0.875 0.5 0.875 0.5 0.875 0.5 0.875 0.5 0.875 0.5 0.875 0.5 0.87500006 0.5 0.875 0.5 0.875 0.5 0.875 0.5 0.875 0.5 0.875 0.5 0.875 0.5 0.875 0.5 0.875 0.5 0.875 0.5 0.125 0.5 0.125 0.5 0.125 0.5 0.125 0.5 0.125 0.5 0.125 0.5 0.125 0.5 0.125 0.5 0.125 0.5 0.125 0.5 0.125 0.5 0.125 0.5 0.125 0.5 0.125 0.5 0.125 0.5 0.125 0.5 0.125 0.5 0.125 0.5 0.125 0.5 0.125 0.5 0.125 0.5 0.125 0.5 0.125 0.5 0.125 0.5 0.125 0.5 0.125 0.5 0.125 0.5 0.125 0.5 0.125 0.5 0.125 0.5 0.125 0.5 0.125 0.5 0.125 0.5 0.125 0.5 0.125 0.5 0.125 0.5 0.125 0.5 0.125 0.5 0.125 0.5 0.125 0.5 0.125 0.5 0.125 0.5 0.125 0.5 0.125 0.5 0.125 0.5 0.125 0.5 0.125 0.5 0.125 0.5 0.125 0.5 0.125 0.5 0.125 0.5 0.125 0.5 0.125 0.5 0.125 0.5 0.125 0.5 0.125 0.5 0.125 0.5 0.125 0.5 0.125 0.5 0.125 0.5 0.125 0.5 0.125 0.5 0.125 0.5 0.125 0.5 0.125 0.5 0.125 0.5 0.125 0.5 0.125 0.5 0.124999993 0.5 0.124999993 0.5 0.124999993 0.5 0.124999993 0.5 0.125 0.5 0.125 0.5 0.125 0.5 0.125 0.5 0.125 0.5 0.125 0.5 0.125 0.5 0.125 0.5 0.125 0.5 0.125 0.5 0.125 0.5 0.125 0.5 0.125000015 0.50000006 0.125000015 0.50000006 0.125000015 0.50000006 0.125000015 0.50000006 0.125000015 0.50000006 0.125000015 0.50000006 0.125000015 0.50000006 0.125000015 0.50000006 0.125 0.5 0.125 0.5 0.125 0.5 0.125 0.5 0.125 0.5 0.125 0.5 0.125 0.5 0.125 0.5 0.125000015 0.50000006 0.125000015 0.50000006 0.125000015 0.50000006 0.125000015 0.50000006 0.125000015 0.50000006 0.125000015 0.50000006 0.125000015 0.50000006 0.125000015 0.50000006 0.125000015 0.50000006 0.125000015 0.50000006 0.125000015 0.50000006 0.125000015 0.50000006 0.125 0.5 0.125 0.5 0.125 0.5 0.125 0.5 0.125000015 0.50000006 0.125000015 0.50000006 0.125000015 0.50000006 0.125000015 0.50000006 0.125 0.5 0.125 0.5 0.125 0.5 0.125 0.5 0.125 0.5 0.125 0.5 0.125 0.5 0.125 0.5 0.125 0.5 0.125 0.5 0.125 0.5 0.125 0.5 0.125000015 0.50000006 0.125000015 0.50000006 0.125000015 0.50000006 0.125000015 0.50000006 0.125 0.5 0.125 0.5 0.125 0.5 0.125 0.5 0.125000015 0.50000006 0.125000015 0.50000006 0.125000015 0.50000006 0.125000015 0.50000006 0.125 0.5 0.125 0.5 0.125 0.5 0.125 0.5 0.125000015 0.50000006 0.125000015 0.50000006 0.125000015 0.50000006 0.125000015 0.50000006 0.125000015 0.50000006 0.125000015 0.50000006 0.125000015 0.50000006 0.125000015 0.50000006 0.125000015 0.50000006 0.125000015 0.50000006 0.125000015 0.50000006 0.125000015 0.50000006 0.125000015 0.50000006 0.125000015 0.50000006 0.125000015 0.50000006 0.125000015 0.50000006 0.125 0.5 0.125 0.5 0.125 0.5 0.125 0.5 0.125000015 0.50000006 0.125000015 0.50000006 0.125000015 0.50000006 0.125000015 0.50000006 0.125000015 0.50000006 0.125000015 0.50000006 0.125000015 0.50000006 0.125000015 0.50000006 0.125 0.5 0.125 0.5 0.125 0.5 0.125 0.5 0.125000015 0.50000006 0.125000015 0.50000006 0.125000015 0.50000006 0.125000015 0.50000006 0.125 0.5 0.125 0.5 0.125 0.5 0.125 0.5 0.125000015 0.50000006 0.125000015 0.50000006 0.125000015 0.50000006 0.125000015 0.50000006 0.125 0.5 0.125 0.5 0.125 0.5 0.125 0.5 0.59375 0.25 0.5625 0.25 0.53125 0.25 0.5 0.25 0.46875 0.25 0.4375 0.25 0.40625 0.25 0.59375 0.25 0.5625 0.25 0.53125 0.25 0.5 0.25 0.46875 0.25 0.4375 0.25 0.40625 0.25 0.59375 0.25 0.56250006 0.25 0.53125 0.25 0.5 0.25 0.46875 0.25 0.4375 0.25 0.40625 0.25 0.59375 0.25 0.5625 0.25 0.53125 0.25 0.5 0.25 0.46875 0.25 0.4375 0.25 0.40625 0.25 0.59375 0.25 0.5625 0.25 0.53125 0.25 0.5 0.25 0.46875 0.25 0.4375 0.25 0.40625 0.25 0.59375 0.25 0.5625 0.25 0.53125 0.25 0.5 0.25 0.46875 0.25 0.4375 0.25 0.40625 0.25 0.59375 0.25 0.56250006 0.25 0.53125 0.25 0.5 0.25 0.46875 0.25 0.4375 0.25 0.40625 0.25 0.875 0.5 0.875 0.5 0.87500006 0.5 0.875000119 0.5 0.87500006 0.5 0.87500006 0.5 0.875 0.5 0.875 0.5 0.875 0.5 0.87500006 0.5 0.87500006 0.5 0.87500006 0.5 0.875 0.5 0.875 0.5 0.875 0.5 0.875 0.5 0.875 0.5 0.875 0.5 0.875 0.5 0.875 0.5 0.875 0.5 0.87500006 0.50000006 0.87500006 0.50000006 0.87500006 0.5 0.875000119 0.5 0.87500006 0.50000006 0.87500006 0.50000006 0.875000119 0.50000006 0.87500006 0.5 0.875000119 0.50000006 0.875 0.5 0.87499994 0.5 0.875 0.5 0.875000119 0.50000006 0.875 0.5 0.875000119 0.50000006 0.87500006 0.5 0.875000119 0.50000006 0.87500006 0.50000006 0.87500006 0.50000006 0.875000119 0.50000006 0.875000119 0.5 0.875000119 0.50000006 0.87500006 0.50000006 0.87500006 0.5 0.875000119 0.50000006 0.875000119 0.5 0.875000119 0.50000006 0.87500006 0.5 0.40625 1 0.40625 1 0.40625 1 0.40625 1 0.40625 1 0.40625 1 0.40625 1 0.4375 1 0.4375 1 0.4375 1 0.4375 1 0.4375 1 0.4375 1 0.4375 1 0.46875 1 0.46875 1 0.46875 1 0.46875 1 0.46875 1 0.46875 1 0.46875 1 0.5 1 0.5 1 0.5 1 0.5 1 0.5 1 0.5 1 0.5 1 0.53125 1 0.53125 1 0.53125 1 0.53125 1 0.53125 1 0.53125 1 0.53125 1 0.5625 1 0.5625 1 0.5625 1 0.5625 1 0.5625 1 0.5625 1 0.5625 1 0.59375 1 0.59375 1 0.59375 1 0.59375 1 0.59375 1 0.59375 1 0.59375 1 0.59375006 1.00000012 0.59375006 1.00000012 0.59375006 1.00000012 0.59375006 1.00000012 0.5625 1.00000012 0.5625 1.00000012 0.5625 1.00000012 0.5625 1.00000012 0.53125006 1 0.53125006 1 0.53125006 1 0.53125006 1 0.50000006 1.00000012 0.50000006 1.00000012 0.50000006 1.00000012 0.50000006 1.00000012 0.46875 1.00000012 0.46875 1.00000012 0.46875 1.00000012 0.46875 1.00000012 0.43750006 1 0.43750006 1 0.43750006 1 0.43750006 1 0.40625 1 0.40625 1 0.40625 1 0.40625 1 0.59375006 1.00000012 0.59375006 1.00000012 0.59375006 1.00000012 0.59375006 1.00000012 0.562500119 1 0.562500119 1 0.562500119 1 0.562500119 1 0.53125006 1 0.53125006 1 0.53125006 1 0.53125006 1 0.50000006 1.00000012 0.50000006 1.00000012 0.50000006 1.00000012 0.50000006 1.00000012 0.46875 1.00000012 0.46875 1.00000012 0.46875 1.00000012 0.46875 1.00000012 0.4375 1.00000012 0.4375 1.00000012 0.4375 1.00000012 0.4375 1.00000012 0.40625006 1.00000012 0.40625006 1.00000012 0.40625006 1.00000012 0.40625006 1.00000012 0.59375006 1 0.59375006 1 0.59375006 1 0.59375006 1 0.56250006 1.00000012 0.56250006 1.00000012 0.56250006 1.00000012 0.56250006 1.00000012 0.53125006 1 0.53125006 1 0.53125006 1 0.53125006 1 0.50000006 1.00000012 0.50000006 1.00000012 0.50000006 1.00000012 0.50000006 1.00000012 0.46875 1 0.46875 1 0.46875 1 0.46875 1 0.43750006 1.00000012 0.43750006 1.00000012 0.43750006 1.00000012 0.43750006 1.00000012 0.40625003 1 0.40625003 1 0.40625003 1 0.40625003 1 0.59375 1 0.59375 1 0.59375 1 0.59375 1 0.5625 1 0.5625 1 0.5625 1 0.5625 1 0.53125 1 0.53125 1 0.53125 1 0.53125 1 0.5 0.99999994 0.5 0.99999994 0.5 0.99999994 0.5 0.99999994 0.46875 1 0.46875 1 0.46875 1 0.46875 1 0.4375 1 0.4375 1 0.4375 1 0.4375 1 0.40625 1 0.40625 1 0.40625 1 0.40625 1 0.59375 1 0.59375 1 0.59375 1 0.59375 1 0.5625 1 0.5625 1 0.5625 1 0.5625 1 0.53125 1 0.53125 1 0.53125 1 0.53125 1 0.5 1 0.5 1 0.5 1 0.5 1 0.46875 1 0.46875 1 0.46875 1 0.46875 1 0.4375 1 0.4375 1 0.4375 1 0.4375 1 0.40625 1 0.40625 1 0.40625 1 0.40625 1 0.59375 1 0.59375 1 0.59375 1 0.59375 1 0.5625 1 0.5625 1 0.5625 1 0.5625 1 0.53125 1 0.53125 1 0.53125 1 0.53125 1 0.5 1 0.5 1 0.5 1 0.5 1 0.46875 1 0.46875 1 0.46875 1 0.46875 1 0.4375 1 0.4375 1 0.4375 1 0.4375 1 0.40625 1 0.40625 1 0.40625 1 0.40625 1 0.59375 1 0.59375 1 0.59375 1 0.59375 1 0.56250006 1 0.56250006 1 0.56250006 1 0.56250006 1 0.53125 1 0.53125 1 0.53125 1 0.53125 1 0.5 1 0.5 1 0.5 1 0.5 1 0.46875 1 0.46875 1 0.46875 1 0.46875 1 0.4375 1 0.4375 1 0.4375 1 0.4375 1 0.40625 1 0.40625 1 0.40625 1 0.40625 1 0.125 0.75 0.125 0.75 0.125 0.75 0.125 0.75 0.125 0.75 0.125 0.75 0.125 0.75 0.125 0.75 0.125 0.75 0.125 0.75 0.125 0.75 0.125 0.75 0.124999993 0.75 0.124999993 0.75 0.124999993 0.75 0.124999993 0.75 0.125 0.75 0.125 0.75 0.125 0.75 0.125 0.75 0.125 0.75 0.125 0.75 0.125 0.75 0.125 0.75 0.125 0.75 0.125 0.75 0.125 0.75 0.125 0.75 0.125 0.75000006 0.125 0.75000006 0.125 0.75000006 0.125 0.75000006 0.125 0.75 0.125 0.75 0.125 0.75 0.125 0.75 0.125 0.75 0.125 0.75 0.125 0.75 0.125 0.75 0.125 0.75000006 0.125 0.75000006 0.125 0.75000006 0.125 0.75000006 0.125 0.75 0.125 0.75 0.125 0.75 0.125 0.75 0.125 0.75 0.125 0.75 0.125 0.75 0.125 0.75 0.125 0.75 0.125 0.75 0.125 0.75 0.125 0.75 0.125 0.75 0.125 0.75 0.125 0.75 0.125 0.75 0.125 0.75 0.125 0.75 0.125 0.75 0.125 0.75 0.125 0.75 0.125 0.75 0.125 0.75 0.125 0.75 0.124999985 0.74999994 0.124999985 0.74999994 0.124999985 0.74999994 0.124999985 0.74999994 0.125 0.75 0.125 0.75 0.125 0.75 0.125 0.75 0.125 0.75 0.125 0.75 0.125 0.75 0.125 0.75 0.125 0.75 0.125 0.75 0.125 0.75 0.125 0.75 0.125 0.75 0.125 0.75 0.125 0.75 0.125 0.75 0.125 0.75 0.125 0.75 0.125 0.75 0.125 0.75 0.124999993 0.74999994 0.124999993 0.74999994 0.124999993 0.74999994 0.124999993 0.74999994 0.124999985 0.749999881 0.124999985 0.749999881 0.124999985 0.749999881 0.124999985 0.749999881 0.124999993 0.74999994 0.124999993 0.74999994 0.124999993 0.74999994 0.124999993 0.74999994 0.125 0.75 0.125 0.75 0.125 0.75 0.125 0.75 0.125 0.75 0.125 0.75 0.125 0.75 0.125 0.75 0.125 0.75 0.125 0.75 0.125 0.75 0.125 0.75 0.125 0.75 0.125 0.75 0.125 0.75 0.125 0.75 0.125 0.75 0.125 0.75 0.125 0.75 0.125 0.75 0.124999985 0.749999881 0.124999985 0.749999881 0.124999985 0.749999881 0.124999985 0.749999881 0.125 0.75 0.125 0.75 0.125 0.75 0.125 0.75 0.125 0.75 0.125 0.75 0.125 0.75 0.125 0.75 0.125 0.75 0.125 0.75 0.125 0.75 0.125 0.75 0.125 0.75000006 0.125 0.75000006 0.125 0.75000006 0.125 0.75000006 0.125 0.75 0.125 0.75 0.125 0.75 0.125 0.75 0.125 0.75 0.125 0.75 0.125 0.75 0.125 0.75 0.124999993 0.74999994 0.124999993 0.74999994 0.124999993 0.74999994 0.124999993 0.74999994 0.125 0.75 0.125 0.75 0.125 0.75 0.125 0.75 0.125 0.75 0.125 0.75 0.125 0.75 0.125 0.75 0.125 0.75 0.125 0.75 0.125 0.75 0.125 0.75 0.125 0.75 0.125 0.75 0.125 0.75 0.125 0.75 0.125 0.75 0.125 0.75 0.125 0.75 0.125 0.75 0.125 0.75 0.125 0.75 0.125 0.75 0.125 0.75 0.125 0.75 0.125 0.75 0.125 0.75 0.125 0.75 0.125 0.75 0.125 0.75 0.125 0.75 0.125 0.75 0.125 0.75 0.125 0.75 0.125 0.75 0.125 0.75 0.125 0.75 0.125 0.75 0.125 0.75 0.125 0.75 0.125 0.75 0.125 0.75 0.125 0.75 0.125 0.75 0.125 0.75 0.125 0.75 0.125 0.75 0.125 0.75 0.125 0.75 0.125 0.75 0.125 0.75 0.125 0.75 0.125 0.75 0.125 0.75 0.125 0.75 0.125 0.75 0.125 0.75 0.125 0.75 0.125 0.75 0.125 0.75 0.125 0.75 0.125 0.75 0.125 0.75 0.125 0.75 0.125 0.75 0.125 0.75 0.125 0.75 0.125 0.75 0.125 0.75 0.125 0.75 0.125 0.75 0.125 0.75 0.125 0.75 0.125 0.75 0.125 0.75 0.125 0.75 0.125 0.75 0.125 0.75 0.125 0.75 0.125 0.75 0.125 0.75 0.125 0.75 0.125 0.75 0.125 0.75 0.125 0.75 0.125 0.75 0.125 0.75 0.125 0.75 0.125 0.75 0.125 0.75 0.125 0.75 0.125 0.75 0.125 0.75 0.125 0.75 0.125 0.75 0.125 0.75 0.125 0.75 0.125 0.75 0.125 0.75 0.125 0.75 0.125 0.75 0.125 0.75 0.125 0.75 0.125 0.75 0.125 0.75 0.125 0.75 0.125 0.75 0.125 0.75 0.124999993 0.75 0.124999993 0.75 0.124999993 0.75 0.124999993 0.75 0.125 0.75 0.125 0.75 0.125 0.75 0.125 0.75 0.125 0.75 0.125 0.75 0.125 0.75 0.125 0.75 0.125 0.75 0.125 0.75 0.125 0.75 0.125 0.75 0.125000015 0.75 0.125000015 0.75 0.125000015 0.75 0.125000015 0.75 0.125000015 0.750000119 0.125000015 0.750000119 0.125000015 0.750000119 0.125000015 0.750000119 0.125 0.75000006 0.125 0.75000006 0.125 0.75000006 0.125 0.75000006 0.125 0.75000006 0.125 0.75000006 0.125 0.75000006 0.125 0.75000006 0.125000015 0.75000006 0.125000015 0.75000006 0.125000015 0.75000006 0.125000015 0.75000006 0.125000015 0.750000119 0.125000015 0.750000119 0.125000015 0.750000119 0.125000015 0.750000119 0.125000015 0.75 0.125000015 0.75 0.125000015 0.75 0.125000015 0.75 0.125 0.75 0.125 0.75 0.125 0.75 0.125 0.75 0.125000015 0.75000006 0.125000015 0.75000006 0.125000015 0.75000006 0.125000015 0.75000006 0.125 0.75 0.125 0.75 0.125 0.75 0.125 0.75 0.125 0.75000006 0.125 0.75000006 0.125 0.75000006 0.125 0.75000006 0.125 0.75 0.125 0.75 0.125 0.75 0.125 0.75 0.125000015 0.75000006 0.125000015 0.75000006 0.125000015 0.75000006 0.125000015 0.75000006 0.125 0.75 0.125 0.75 0.125 0.75 0.125 0.75 0.125000015 0.750000119 0.125000015 0.750000119 0.125000015 0.750000119 0.125000015 0.750000119 0.125 0.75000006 0.125 0.75000006 0.125 0.75000006 0.125 0.75000006 0.125000015 0.750000119 0.125000015 0.750000119 0.125000015 0.750000119 0.125000015 0.750000119 0.125000015 0.750000119 0.125000015 0.750000119 0.125000015 0.750000119 0.125000015 0.750000119 0.125000015 0.750000119 0.125000015 0.750000119 0.125000015 0.750000119 0.125000015 0.750000119 0.125000015 0.750000119 0.125000015 0.750000119 0.125000015 0.750000119 0.125000015 0.750000119 0.125 0.75000006 0.125 0.75000006 0.125 0.75000006 0.125 0.75000006 0.125000015 0.75000006 0.125000015 0.75000006 0.125000015 0.75000006 0.125000015 0.75000006 0.125000015 0.75000006 0.125000015 0.75000006 0.125000015 0.75000006 0.125000015 0.75000006 0.125 0.75000006 0.125 0.75000006 0.125 0.75000006 0.125 0.75000006 0.125000015 0.750000119 0.125000015 0.750000119 0.125000015 0.750000119 0.125000015 0.750000119 0.125 0.75 0.125 0.75 0.125 0.75 0.125 0.75 0.125000015 0.75000006 0.125000015 0.75000006 0.125000015 0.75000006 0.125000015 0.75000006 0.125 0.75 0.125 0.75 0.125 0.75 0.125 0.75 0.40625 1 0.4375 1 0.46875 1 0.5 1 0.53125 1 0.5625 1 0.59375 1 0.40625 1 0.4375 1 0.46875 1 0.5 1 0.53125 1 0.5625 1 0.59375 1 0.40625 1 0.4375 1 0.46875 1 0.5 1 0.53125 1 0.5625 1 0.59375 1 0.40625 1 0.43750003 0.999999881 0.46875003 0.999999881 0.50000006 0.99999994 0.53125006 0.999999881 0.56250006 0.999999881 0.59375 1 0.40625 1 0.4375 1 0.46875 1 0.5 1 0.53125 1 0.5625 1 0.59375 1 0.40625 1 0.4375 1 0.46875 1 0.5 1 0.53125 1 0.5625 1 0.59375 1 0.40625 1 0.4375 1 0.46875 1 0.5 1 0.53125 1 0.5625 1 0.59375 1 0.40625 1 0.4375 1 0.46875 1 0.5 1 0.53125 1 0.5625 1 0.59375 1 0.40625 1 0.4375 1 0.46875 1 0.5 1 0.53125 1 0.5625 1 0.59375 1 0.40625 1 0.4375 1 0.46875 1 0.5 1 0.53125 1 0.5625 1 0.59375 1 0.40625 1 0.43750003 0.999999881 0.46875003 0.999999881 0.50000006 0.99999994 0.53125006 0.999999881 0.56250006 0.999999881 0.59375 1 0.40625 1 0.4375 1 0.46875 1 0.5 1 0.53125 1 0.5625 1 0.59375 1 0.40625 1 0.4375 1 0.46875 1 0.5 1 0.53125 1 0.5625 1 0.59375 1 0.40625 1 0.4375 1 0.46875 1 0.5 1 0.53125 1 0.5625 1 0.59375 1 0.875 0.75 0.87500006 0.75 0.87500006 0.75 0.87500006 0.75 0.87500006 0.75 0.87500006 0.75 0.875 0.75 0.875 0.75 0.875 0.75 0.87500006 0.75 0.875 0.75 0.87500006 0.75 0.875 0.75 0.875 0.75 0.875 0.75 0.875 0.75 0.875 0.75 0.875 0.75 0.875 0.75 0.875 0.75 0.875 0.75 0.87500006 0.75 0.87500006 0.750000119 0.87500006 0.75000006 0.875000119 0.75000006 0.87500006 0.75000006 0.87500006 0.750000119 0.875000119 0.75 0.87500006 0.75 0.875000119 0.75000006 0.875 0.75 0.87499994 0.75000006 0.875 0.75 0.875000119 0.75000006 0.875 0.75 0.875000119 0.750000119 0.87500006 0.75000006 0.875000119 0.750000119 0.87500006 0.750000119 0.87500006 0.750000119 0.875000119 0.750000119 0.875000119 0.75000006 0.875000119 0.75000006 0.87500006 0.75000006 0.87500006 0.75000006 0.875000119 0.750000119 0.875000119 0.75 0.875000119 0.75000006 0.87500006 0.75 0.125 0.75 0.125 0.75 0.125 0.75 0.125 0.75 0.125 0.75 0.125000015 0.75 0.125 0.75 0.125 0.75 0.125 0.75 0.125 0.75 0.125 0.75 0.125 0.75 0.125 0.75 0.125 0.75 0.125 0.75 0.125 0.75 0.125 0.75 0.124999993 0.75 0.125 0.75 0.125 0.75 0.125 0.75 0.125000015 0.75 0.125000015 0.750000119 0.125 0.75000006 0.125 0.75000006 0.125000015 0.75000006 0.125000015 0.750000119 0.125000015 0.75 0.125 0.75 0.125000015 0.75000006 0.125 0.75 0.125 0.75000006 0.125 0.75 0.125000015 0.75000006 0.125 0.75 0.125000015 0.750000119 0.125 0.75000006 0.125000015 0.750000119 0.125000015 0.750000119 0.125000015 0.750000119 0.125000015 0.750000119 0.125 0.75000006 0.125000015 0.75000006 0.125000015 0.75000006 0.125 0.75000006 0.125000015 0.750000119 0.125 0.75 0.125000015 0.75000006 0.125 0.75 0.40625 1.00000012 0.43750006 1.00000012 0.46875 1 0.50000006 1.00000012 0.53125006 1.00000012 0.56249994 1 0.59375006 1 0.40625006 1.00000012 0.43749997 1 0.46875006 1 0.50000006 1.00000012 0.53125006 1.00000012 0.56250006 1.00000012 0.59375 1.00000012 0.40625 1 0.43750006 1.00000012 0.46875003 1 0.5 1.00000012 0.53125 1 0.56250006 1.00000012 0.59375006 1 0.40625003 1.00000012 0.43750003 1.00000012 0.46875003 1 0.5 1 0.53125006 1.00000012 0.56250006 1.00000012 0.59375006 1.00000012 0.40625 1 0.43750006 1.00000012 0.46875 1 0.5 1 0.53125 1 0.5625 1.00000012 0.59375 1 0.40625 1.00000012 0.43750006 1 0.46875006 1.00000012 0.50000006 1.00000012 0.53125006 1.00000012 0.5625 1.00000012 0.59375 1 0.40625006 1.00000012 0.43750003 1.00000012 0.46875003 1 0.50000006 1.00000012 0.53125006 1 0.5625 1.00000012 0.59375 1 0.59375 0 0.59375 0 0.59375 0 0.59375 0 0.5625 0 0.5625 0 0.5625 0 0.5625 0 0.53125 0 0.53125 0 0.53125 0 0.53125 0 0.5 0 0.5 0 0.5 0 0.5 0 0.46875 0 0.46875 0 0.46875 0 0.46875 0 0.4375 0 0.4375 0 0.4375 0 0.4375 0 0.40625 0 0.40625 0 0.40625 0 0.40625 0 0.59375 0 0.59375 0 0.59375 0 0.59375 0 0.5625 0 0.5625 0 0.5625 0 0.5625 0 0.53125 0 0.53125 0 0.53125 0 0.53125 0 0.5 0 0.5 0 0.5 0 0.5 0 0.46875 0 0.46875 0 0.46875 0 0.46875 0 0.4375 0 0.4375 0 0.4375 0 0.4375 0 0.40625 0 0.40625 0 0.40625 0 0.40625 0 0.59375 0 0.59375 0 0.59375 0 0.59375 0 0.5625 0 0.5625 0 0.5625 0 0.5625 0 0.53125 0 0.53125 0 0.53125 0 0.53125 0 0.5 0 0.5 0 0.5 0 0.5 0 0.46875 0 0.46875 0 0.46875 0 0.46875 0 0.4375 0 0.4375 0 0.4375 0 0.4375 0 0.40625 0 0.40625 0 0.40625 0 0.40625 0 0.593750119 0 0.593750119 0 0.593750119 0 0.593750119 0 0.56250006 0 0.56250006 0 0.56250006 0 0.56250006 0 0.53125006 0 0.53125006 0 0.53125006 0 0.53125006 0 0.5 0 0.5 0 0.5 0 0.5 0 0.46875003 0 0.46875003 0 0.46875003 0 0.46875003 0 0.43750006 0 0.43750006 0 0.43750006 0 0.43750006 0 0.40625006 0 0.40625006 0 0.40625006 0 0.40625006 0 0.59375 0 0.59375 0 0.59375 0 0.59375 0 0.56250006 0 0.56250006 0 0.56250006 0 0.56250006 0 0.53125 0 0.53125 0 0.53125 0 0.53125 0 0.50000006 0 0.50000006 0 0.50000006 0 0.50000006 0 0.46875 0 0.46875 0 0.46875 0 0.46875 0 0.43750006 0 0.43750006 0 0.43750006 0 0.43750006 0 0.40625 0 0.40625 0 0.40625 0 0.40625 0 0.59375 0 0.59375 0 0.59375 0 0.59375 0 0.56250006 0 0.56250006 0 0.56250006 0 0.56250006 0 0.53125006 0 0.53125006 0 0.53125006 0 0.53125006 0 0.50000006 0 0.50000006 0 0.50000006 0 0.50000006 0 0.46875006 0 0.46875006 0 0.46875006 0 0.46875006 0 0.4375 0 0.4375 0 0.4375 0 0.4375 0 0.40625003 0 0.40625003 0 0.40625003 0 0.40625003 0 0.59375006 0 0.59375006 0 0.59375006 0 0.59375006 0 0.56250006 0 0.56250006 0 0.56250006 0 0.56250006 0 0.53125006 0 0.53125006 0 0.53125006 0 0.53125006 0 0.50000006 0 0.50000006 0 0.50000006 0 0.50000006 0 0.46875 0 0.46875 0 0.46875 0 0.46875 0 0.43750003 0 0.43750003 0 0.43750003 0 0.43750003 0 0.40625003 0 0.40625003 0 0.40625003 0 0.40625003 0 0.875 0.75 0.875 0.75 0.87500006 0.75 0.87500006 0.75 0.87500006 0.75 0.875 0.75 0.875 0.75 0.875 0.75 0.875 0.75 0.875 0.75 0.875 0.75 0.87500006 0.75 0.875 0.75 0.875 0.75 0.875 0.75 0.875 0.75 0.875 0.75 0.875 0.75 0.875 0.75 0.875 0.75 0.875 0.75 0.87500006 0.75 0.87500006 0.750000119 0.87500006 0.75000006 0.875000119 0.75000006 0.87500006 0.75000006 0.87500006 0.750000119 0.875000119 0.75 0.87500006 0.75 0.875000119 0.75000006 0.875 0.75 0.87499994 0.75000006 0.875 0.75 0.875000119 0.75000006 0.875 0.75 0.875000119 0.750000119 0.87500006 0.75000006 0.875000119 0.750000119 0.87500006 0.750000119 0.87500006 0.750000119 0.875000119 0.750000119 0.875000119 0.75000006 0.875000119 0.75000006 0.87500006 0.75000006 0.87500006 0.75000006 0.875000119 0.750000119 0.875000119 0.75 0.875000119 0.75000006 0.87500006 0.75 0.59375 0.25 0.5625 0.25 0.53125 0.25 0.5 0.25 0.46875 0.25 0.4375 0.25 0.40625 0.25 0.59375 0.25 0.5625 0.25 0.53125 0.25 0.5 0.25 0.46875 0.25 0.4375 0.25 0.40625 0.25 0.59375 0.25 0.5625 0.25 0.53125 0.25 0.5 0.25 0.46875 0.25 0.4375 0.25 0.40625 0.25 0.59375 0.25 0.5625 0.25 0.53125006 0.25 0.50000006 0.25 0.46875006 0.25 0.43750003 0.25 0.40625 0.25 0.59375 0.25 0.5625 0.25 0.53125 0.25 0.5 0.25 0.46875 0.25 0.4375 0.25 0.40625 0.25 0.59375 0.25 0.5625 0.25 0.53125 0.25 0.5 0.25 0.46875 0.25 0.4375 0.25 0.40625 0.25 0.59375 0.25 0.5625 0.25 0.53125 0.25 0.5 0.25 0.46875 0.25 0.4375 0.25 0.40625 0.25 0.40625003 0.25 0.40625006 0.25 0.40625003 0.25 0.40625003 0.25 0.40625 0.25 0.40625003 0.25 0.40625003 0.25 0.43750006 0.25 0.4375 0.25 0.43750003 0.25 0.43750006 0.25 0.43750003 0.25 0.43750003 0.25 0.43750003 0.25 0.46875 0.25 0.46875006 0.25 0.46875003 0.25 0.46875003 0.25 0.46875 0.25 0.46875006 0.25 0.46875003 0.25 0.50000006 0.25 0.50000006 0.25 0.50000006 0.25 0.5 0.25 0.50000006 0.25 0.50000006 0.25 0.50000006 0.25 0.53125006 0.25 0.53125006 0.25 0.53125 0.25 0.53125006 0.25 0.53125 0.25 0.53125006 0.25 0.53125 0.25 0.5625 0.25 0.56250006 0.25 0.56250006 0.25 0.56250006 0.25 0.56250006 0.25 0.56250006 0.25 0.5625 0.25 0.59375 0.25 0.59375006 0.25 0.59375006 0.25 0.59375006 0.25 0.59375006 0.25 0.59375006 0.25 0.59375 0.25 0.125 0.5 0.125 0.5 0.125 0.5 0.125 0.5 0.125 0.5 0.125 0.5 0.125 0.5 0.125 0.5 0.125 0.5 0.125 0.5 0.125 0.5 0.125 0.5 0.125 0.5 0.125 0.5 0.125 0.5 0.125 0.5 0.125 0.5 0.125 0.5 0.125 0.5 0.125 0.5 0.125 0.5 0.125 0.5 0.125 0.5 0.125 0.5 0.125 0.5 0.125 0.5 0.125 0.5 0.125 0.5 0.125 0.5 0.125 0.5 0.125 0.5 0.125 0.5 0.125 0.5 0.125 0.5 0.125 0.5 0.125 0.5 0.125 0.5 0.125 0.5 0.125 0.5 0.125 0.5 0.125 0.5 0.125 0.5 0.125 0.5 0.125 0.5 0.125 0.5 0.125 0.5 0.125 0.5 0.125 0.5 0.125 0.5 0.125 0.5 0.125 0.5 0.125 0.5 0.125 0.5 0.125 0.5 0.125 0.5 0.125 0.5 0.125 0.5 0.125 0.5 0.125 0.5 0.125 0.5 0.125 0.5 0.125 0.5 0.125 0.5 0.125 0.5 0.125 0.5 0.125 0.5 0.125 0.5 0.125 0.5 0.125 0.5 0.125 0.5 0.125 0.5 0.125 0.5 0.125 0.5 0.125 0.5 0.125 0.5 0.125 0.5 0.125 0.5 0.125 0.5 0.125 0.5 0.125 0.5 0.125 0.5 0.125 0.5 0.125 0.5 0.125 0.5 0.125000015 0.50000006 0.125000015 0.50000006 0.125000015 0.50000006 0.125000015 0.50000006 0.125000015 0.50000006 0.125000015 0.50000006 0.125000015 0.50000006 0.125000015 0.50000006 0.125 0.5 0.125 0.5 0.125 0.5 0.125 0.5 0.125 0.5 0.125 0.5 0.125 0.5 0.125 0.5 0.125 0.5 0.125 0.5 0.125 0.5 0.125 0.5 0.125 0.5 0.125 0.5 0.125 0.5 0.125 0.5 0.125 0.5 0.125 0.5 0.125 0.5 0.125 0.5 0.125 0.5 0.125 0.5 0.125 0.5 0.125 0.5 0.125000015 0.50000006 0.125000015 0.50000006 0.125000015 0.50000006 0.125000015 0.50000006 0.125 0.5 0.125 0.5 0.125 0.5 0.125 0.5 0.125 0.5 0.125 0.5 0.125 0.5 0.125 0.5 0.125 0.5 0.125 0.5 0.125 0.5 0.125 0.5 0.125 0.5 0.125 0.5 0.125 0.5 0.125 0.5 0.125 0.5 0.125 0.5 0.125 0.5 0.125 0.5 0.125000015 0.50000006 0.125000015 0.50000006 0.125000015 0.50000006 0.125000015 0.50000006 0.125 0.5 0.125 0.5 0.125 0.5 0.125 0.5 0.125000015 0.50000006 0.125000015 0.50000006 0.125000015 0.50000006 0.125000015 0.50000006 0.125 0.5 0.125 0.5 0.125 0.5 0.125 0.5 0.125 0.5 0.125 0.5 0.125 0.5 0.125 0.5 0.125 0.5 0.125 0.5 0.125 0.5 0.125 0.5 0.125 0.5 0.125 0.5 0.125 0.5 0.125 0.5 0.125000015 0.50000006 0.125000015 0.50000006 0.125000015 0.50000006 0.125000015 0.50000006 0.125000015 0.50000006 0.125000015 0.50000006 0.125000015 0.50000006 0.125000015 0.50000006 0.125 0.5 0.125 0.5 0.125 0.5 0.125 0.5 0.125 0.5 0.125 0.5 0.125 0.5 0.125 0.5 0.125 0.5 0.125 0.5 0.125 0.5 0.125 0.5 0.125 0.5 0.125 0.5 0.125 0.5 0.125 0.5 0.125 0.5 0.125 0.5 0.125 0.5 0.125 0.5 0.59375 0.25 0.5625 0.25 0.53125 0.25 0.5 0.25 0.46875 0.25 0.4375 0.25 0.40625 0.25 0.59375 0.25 0.5625 0.25 0.53125 0.25 0.5 0.25 0.46875 0.25 0.4375 0.25 0.40625 0.25 0.59375 0.25 0.5625 0.25 0.53125 0.25 0.5 0.25 0.46875 0.25 0.4375 0.25 0.40625 0.25 0.59375 0.25 0.5625 0.25 0.53125 0.25 0.5 0.25 0.46875 0.25 0.4375 0.25 0.40625 0.25 0.59375 0.25 0.5625 0.25 0.53125 0.25 0.5 0.25 0.46875 0.25 0.4375 0.25 0.40625 0.25 0.59375 0.25 0.5625 0.25 0.53125 0.25 0.5 0.25 0.46875 0.25 0.4375 0.25 0.40625 0.25 0.59375 0.25 0.5625 0.25 0.53125 0.25 0.5 0.25 0.46875 0.25 0.4375 0.25 0.40625 0.25 </float_array>
          <technique_common>
            <accessor count="7601" offset="0" source="#Cube_1-tex0-array" stride="2">
              <param name="S" type="float" />
              <param name="T" type="float" />
            </accessor>
          </technique_common>
        </source>
        <vertices id="Cube_1-vertices">
          <input semantic="POSITION" source="#Cube_1-positions" />
        </vertices>
        <polylist count="6656" material="defaultMaterial">
          <input offset="0" semantic="VERTEX" source="#Cube_1-vertices" />
          <input offset="0" semantic="NORMAL" source="#Cube_1-normals" />
          <input offset="0" semantic="TEXCOORD" source="#Cube_1-tex0" set="0" />
          <vcount>3 3 3 3 3 3 3 3 3 3 3 3 3 3 3 3 3 3 3 3 3 3 3 3 3 3 3 3 3 3 3 3 3 3 3 3 3 3 3 3 3 3 3 3 3 3 3 3 3 3 3 3 3 3 3 3 3 3 3 3 3 3 3 3 3 3 3 3 3 3 3 3 3 3 3 3 3 3 3 3 3 3 3 3 3 3 3 3 3 3 3 3 3 3 3 3 3 3 3 3 3 3 3 3 3 3 3 3 3 3 3 3 3 3 3 3 3 3 3 3 3 3 3 3 3 3 3 3 3 3 3 3 3 3 3 3 3 3 3 3 3 3 3 3 3 3 3 3 3 3 3 3 3 3 3 3 3 3 3 3 3 3 3 3 3 3 3 3 3 3 3 3 3 3 3 3 3 3 3 3 3 3 3 3 3 3 3 3 3 3 3 3 3 3 3 3 3 3 3 3 3 3 3 3 3 3 3 3 3 3 3 3 3 3 3 3 3 3 3 3 3 3 3 3 3 3 3 3 3 3 3 3 3 3 3 3 3 3 3 3 3 3 3 3 3 3 3 3 3 3 3 3 3 3 3 3 3 3 3 3 3 3 3 3 3 3 3 3 3 3 3 3 3 3 3 3 3 3 3 3 3 3 3 3 3 3 3 3 3 3 3 3 3 3 3 3 3 3 3 3 3 3 3 3 3 3 3 3 3 3 3 3 3 3 3 3 3 3 3 3 3 3 3 3 3 3 3 3 3 3 3 3 3 3 3 3 3 3 3 3 3 3 3 3 3 3 3 3 3 3 3 3 3 3 3 3 3 3 3 3 3 3 3 3 3 3 3 3 3 3 3 3 3 3 3 3 3 3 3 3 3 3 3 3 3 3 3 3 3 3 3 3 3 3 3 3 3 3 3 3 3 3 3 3 3 3 3 3 3 3 3 3 3 3 3 3 3 3 3 3 3 3 3 3 3 3 3 3 3 3 3 3 3 3 3 3 3 3 3 3 3 3 3 3 3 3 3 3 3 3 3 3 3 3 3 3 3 3 3 3 3 3 3 3 3 3 3 3 3 3 3 3 3 3 3 3 3 3 3 3 3 3 3 3 3 3 3 3 3 3 3 3 3 3 3 3 3 3 3 3 3 3 3 3 3 3 3 3 3 3 3 3 3 3 3 3 3 3 3 3 3 3 3 3 3 3 3 3 3 3 3 3 3 3 3 3 3 3 3 3 3 3 3 3 3 3 3 3 3 3 3 3 3 3 3 3 3 3 3 3 3 3 3 3 3 3 3 3 3 3 3 3 3 3 3 3 3 3 3 3 3 3 3 3 3 3 3 3 3 3 3 3 3 3 3 3 3 3 3 3 3 3 3 3 3 3 3 3 3 3 3 3 3 3 3 3 3 3 3 3 3 3 3 3 3 3 3 3 3 3 3 3 3 3 3 3 3 3 3 3 3 3 3 3 3 3 3 3 3 3 3 3 3 3 3 3 3 3 3 3 3 3 3 3 3 3 3 3 3 3 3 3 3 3 3 3 3 3 3 3 3 3 3 3 3 3 3 3 3 3 3 3 3 3 3 3 3 3 3 3 3 3 3 3 3 3 3 3 3 3 3 3 3 3 3 3 3 3 3 3 3 3 3 3 3 3 3 3 3 3 3 3 3 3 3 3 3 3 3 3 3 3 3 3 3 3 3 3 3 3 3 3 3 3 3 3 3 3 3 3 3 3 3 3 3 3 3 3 3 3 3 3 3 3 3 3 3 3 3 3 3 3 3 3 3 3 3 3 3 3 3 3 3 3 3 3 3 3 3 3 3 3 3 3 3 3 3 3 3 3 3 3 3 3 3 3 3 3 3 3 3 3 3 3 3 3 3 3 3 3 3 3 3 3 3 3 3 3 3 3 3 3 3 3 3 3 3 3 3 3 3 3 3 3 3 3 3 3 3 3 3 3 3 3 3 3 3 3 3 3 3 3 3 3 3 3 3 3 3 3 3 3 3 3 3 3 3 3 3 3 3 3 3 3 3 3 3 3 3 3 3 3 3 3 3 3 3 3 3 3 3 3 3 3 3 3 3 3 3 3 3 3 3 3 3 3 3 3 3 3 3 3 3 3 3 3 3 3 3 3 3 3 3 3 3 3 3 3 3 3 3 3 3 3 3 3 3 3 3 3 3 3 3 3 3 3 3 3 3 3 3 3 3 3 3 3 3 3 3 3 3 3 3 3 3 3 3 3 3 3 3 3 3 3 3 3 3 3 3 3 3 3 3 3 3 3 3 3 3 3 3 3 3 3 3 3 3 3 3 3 3 3 3 3 3 3 3 3 3 3 3 3 3 3 3 3 3 3 3 3 3 3 3 3 3 3 3 3 3 3 3 3 3 3 3 3 3 3 3 3 3 3 3 3 3 3 3 3 3 3 3 3 3 3 3 3 3 3 3 3 3 3 3 3 3 3 3 3 3 3 3 3 3 3 3 3 3 3 3 3 3 3 3 3 3 3 3 3 3 3 3 3 3 3 3 3 3 3 3 3 3 3 3 3 3 3 3 3 3 3 3 3 3 3 3 3 3 3 3 3 3 3 3 3 3 3 3 3 3 3 3 3 3 3 3 3 3 3 3 3 3 3 3 3 3 3 3 3 3 3 3 3 3 3 3 3 3 3 3 3 3 3 3 3 3 3 3 3 3 3 3 3 3 3 3 3 3 3 3 3 3 3 3 3 3 3 3 3 3 3 3 3 3 3 3 3 3 3 3 3 3 3 3 3 3 3 3 3 3 3 3 3 3 3 3 3 3 3 3 3 3 3 3 3 3 3 3 3 3 3 3 3 3 3 3 3 3 3 3 3 3 3 3 3 3 3 3 3 3 3 3 3 3 3 3 3 3 3 3 3 3 3 3 3 3 3 3 3 3 3 3 3 3 3 3 3 3 3 3 3 3 3 3 3 3 3 3 3 3 3 3 3 3 3 3 3 3 3 3 3 3 3 3 3 3 3 3 3 3 3 3 3 3 3 3 3 3 3 3 3 3 3 3 3 3 3 3 3 3 3 3 3 3 3 3 3 3 3 3 3 3 3 3 3 3 3 3 3 3 3 3 3 3 3 3 3 3 3 3 3 3 3 3 3 3 3 3 3 3 3 3 3 3 3 3 3 3 3 3 3 3 3 3 3 3 3 3 3 3 3 3 3 3 3 3 3 3 3 3 3 3 3 3 3 3 3 3 3 3 3 3 3 3 3 3 3 3 3 3 3 3 3 3 3 3 3 3 3 3 3 3 3 3 3 3 3 3 3 3 3 3 3 3 3 3 3 3 3 3 3 3 3 3 3 3 3 3 3 3 3 3 3 3 3 3 3 3 3 3 3 3 3 3 3 3 3 3 3 3 3 3 3 3 3 3 3 3 3 3 3 3 3 3 3 3 3 3 3 3 3 3 3 3 3 3 3 3 3 3 3 3 3 3 3 3 3 3 3 3 3 3 3 3 3 3 3 3 3 3 3 3 3 3 3 3 3 3 3 3 3 3 3 3 3 3 3 3 3 3 3 3 3 3 3 3 3 3 3 3 3 3 3 3 3 3 3 3 3 3 3 3 3 3 3 3 3 3 3 3 3 3 3 3 3 3 3 3 3 3 3 3 3 3 3 3 3 3 3 3 3 3 3 3 3 3 3 3 3 3 3 3 3 3 3 3 3 3 3 3 3 3 3 3 3 3 3 3 3 3 3 3 3 3 3 3 3 3 3 3 3 3 3 3 3 3 3 3 3 3 3 3 3 3 3 3 3 3 3 3 3 3 3 3 3 3 3 3 3 3 3 3 3 3 3 3 3 3 3 3 3 3 3 3 3 3 3 3 3 3 3 3 3 3 3 3 3 3 3 3 3 3 3 3 3 3 3 3 3 3 3 3 3 3 3 3 3 3 3 3 3 3 3 3 3 3 3 3 3 3 3 3 3 3 3 3 3 3 3 3 3 3 3 3 3 3 3 3 3 3 3 3 3 3 3 3 3 3 3 3 3 3 3 3 3 3 3 3 3 3 3 3 3 3 3 3 3 3 3 3 3 3 3 3 3 3 3 3 3 3 3 3 3 3 3 3 3 3 3 3 3 3 3 3 3 3 3 3 3 3 3 3 3 3 3 3 3 3 3 3 3 3 3 3 3 3 3 3 3 3 3 3 3 3 3 3 3 3 3 3 3 3 3 3 3 3 3 3 3 3 3 3 3 3 3 3 3 3 3 3 3 3 3 3 3 3 3 3 3 3 3 3 3 3 3 3 3 3 3 3 3 3 3 3 3 3 3 3 3 3 3 3 3 3 3 3 3 3 3 3 3 3 3 3 3 3 3 3 3 3 3 3 3 3 3 3 3 3 3 3 3 3 3 3 3 3 3 3 3 3 3 3 3 3 3 3 3 3 3 3 3 3 3 3 3 3 3 3 3 3 3 3 3 3 3 3 3 3 3 3 3 3 3 3 3 3 3 3 3 3 3 3 3 3 3 3 3 3 3 3 3 3 3 3 3 3 3 3 3 3 3 3 3 3 3 3 3 3 3 3 3 3 3 3 3 3 3 3 3 3 3 3 3 3 3 3 3 3 3 3 3 3 3 3 3 3 3 3 3 3 3 3 3 3 3 3 3 3 3 3 3 3 3 3 3 3 3 3 3 3 3 3 3 3 3 3 3 3 3 3 3 3 3 3 3 3 3 3 3 3 3 3 3 3 3 3 3 3 3 3 3 3 3 3 3 3 3 3 3 3 3 3 3 3 3 3 3 3 3 3 3 3 3 3 3 3 3 3 3 3 3 3 3 3 3 3 3 3 3 3 3 3 3 3 3 3 3 3 3 3 3 3 3 3 3 3 3 3 3 3 3 3 3 3 3 3 3 3 3 3 3 3 3 3 3 3 3 3 3 3 3 3 3 3 3 3 3 3 3 3 3 3 3 3 3 3 3 3 3 3 3 3 3 3 3 3 3 3 3 3 3 3 3 3 3 3 3 3 3 3 3 3 3 3 3 3 3 3 3 3 3 3 3 3 3 3 3 3 3 3 3 3 3 3 3 3 3 3 3 3 3 3 3 3 3 3 3 3 3 3 3 3 3 3 3 3 3 3 3 3 3 3 3 3 3 3 3 3 3 3 3 3 3 3 3 3 3 3 3 3 3 3 3 3 3 3 3 3 3 3 3 3 3 3 3 3 3 3 3 3 3 3 3 3 3 3 3 3 3 3 3 3 3 3 3 3 3 3 3 3 3 3 3 3 3 3 3 3 3 3 3 3 3 3 3 3 3 3 3 3 3 3 3 3 3 3 3 3 3 3 3 3 3 3 3 3 3 3 3 3 3 3 3 3 3 3 3 3 3 3 3 3 3 3 3 3 3 3 3 3 3 3 3 3 3 3 3 3 3 3 3 3 3 3 3 3 3 3 3 3 3 3 3 3 3 3 3 3 3 3 3 3 3 3 3 3 3 3 3 3 3 3 3 3 3 3 3 3 3 3 3 3 3 3 3 3 3 3 3 3 3 3 3 3 3 3 3 3 3 3 3 3 3 3 3 3 3 3 3 3 3 3 3 3 3 3 3 3 3 3 3 3 3 3 3 3 3 3 3 3 3 3 3 3 3 3 3 3 3 3 3 3 3 3 3 3 3 3 3 3 3 3 3 3 3 3 3 3 3 3 3 3 3 3 3 3 3 3 3 3 3 3 3 3 3 3 3 3 3 3 3 3 3 3 3 3 3 3 3 3 3 3 3 3 3 3 3 3 3 3 3 3 3 3 3 3 3 3 3 3 3 3 3 3 3 3 3 3 3 3 3 3 3 3 3 3 3 3 3 3 3 3 3 3 3 3 3 3 3 3 3 3 3 3 3 3 3 3 3 3 3 3 3 3 3 3 3 3 3 3 3 3 3 3 3 3 3 3 3 3 3 3 3 3 3 3 3 3 3 3 3 3 3 3 3 3 3 3 3 3 3 3 3 3 3 3 3 3 3 3 3 3 3 3 3 3 3 3 3 3 3 3 3 3 3 3 3 3 3 3 3 3 3 3 3 3 3 3 3 3 3 3 3 3 3 3 3 3 3 3 3 3 3 3 3 3 3 3 3 3 3 3 3 3 3 3 3 3 3 3 3 3 3 3 3 3 3 3 3 3 3 3 3 3 3 3 3 3 3 3 3 3 3 3 3 3 3 3 3 3 3 3 3 3 3 3 3 3 3 3 3 3 3 3 3 3 3 3 3 3 3 3 3 3 3 3 3 3 3 3 3 3 3 3 3 3 3 3 3 3 3 3 3 3 3 3 3 3 3 3 3 3 3 3 3 3 3 3 3 3 3 3 3 3 3 3 3 3 3 3 3 3 3 3 3 3 3 3 3 3 3 3 3 3 3 3 3 3 3 3 3 3 3 3 3 3 3 3 3 3 3 3 3 3 3 3 3 3 3 3 3 3 3 3 3 3 3 3 3 3 3 3 3 3 3 3 3 3 3 3 3 3 3 3 3 3 3 3 3 3 3 3 3 3 3 3 3 3 3 3 3 3 3 3 3 3 3 3 3 3 3 3 3 3 3 3 3 3 3 3 3 3 3 3 3 3 3 3 3 3 3 3 3 3 3 3 3 3 3 3 3 3 3 3 3 3 3 3 3 3 3 3 3 3 3 3 3 3 3 3 3 3 3 3 3 3 3 3 3 3 3 3 3 3 3 3 3 3 3 3 3 3 3 3 3 3 3 3 3 3 3 3 3 3 3 3 3 3 3 3 3 3 3 3 3 3 3 3 3 3 3 3 3 3 3 3 3 3 3 3 3 3 3 3 3 3 3 3 3 3 3 3 3 3 3 3 3 3 3 3 3 3 3 3 3 3 3 3 3 3 3 3 3 3 3 3 3 3 3 3 3 3 3 3 3 3 3 3 3 3 3 3 3 3 3 3 3 3 3 3 3 3 3 3 3 3 3 3 3 3 3 3 3 3 3 3 3 3 3 3 3 3 3 3 3 3 3 3 3 3 3 3 3 3 3 3 3 3 3 3 3 3 3 3 3 3 3 3 3 3 3 3 3 3 3 3 3 3 3 3 3 3 3 3 3 3 3 3 3 3 3 3 3 3 3 3 3 3 3 3 3 3 3 3 3 3 3 3 3 3 3 3 3 3 3 3 3 3 3 3 3 3 3 3 3 3 3 3 3 3 3 3 3 3 3 3 3 3 3 3 3 3 3 3 3 3 3 3 3 3 3 3 3 3 3 3 3 3 3 3 3 3 3 3 3 3 3 3 3 3 3 3 3 3 3 3 3 3 3 3 3 3 3 3 3 3 3 3 3 3 3 3 3 3 3 3 3 3 3 3 3 3 3 3 3 3 3 3 3 3 3 3 3 3 3 3 3 3 3 3 3 3 3 3 3 3 3 3 3 3 3 3 3 3 3 3 3 3 3 3 3 3 3 3 3 3 3 3 3 3 3 3 3 3 3 3 3 3 3 3 3 3 3 3 3 3 3 3 3 3 3 3 3 3 3 3 3 3 3 3 3 3 3 3 3 3 3 3 3 3 3 3 3 3 3 3 3 3 3 3 3 3 3 3 3 3 3 3 3 3 3 3 3 3 3 3 3 3 3 3 3 3 3 3 3 3 3 3 3 3 3 3 3 3 3 3 3 3 3 3 3 3 3 3 3 3 3 3 3 3 3 3 3 3 3 3 3 3 3 3 3 3 3 3 3 3 3 3 3 3 3 3 3 3 3 3 3 3 3 3 3 3 3 3 3 3 3 3 3 3 3 3 3 3 3 3 3 3 3 3 3 3 3 3 3 3 3 3 3 3 3 3 3 3 3 3 3 3 3 3 3 3 3 3 3 3 3 3 3 3 3 3 3 3 3 3 3 3 3 3 3 3 3 3 3 3 3 3 3 3 3 3 3 3 3 3 3 3 3 3 3 3 3 3 3 3 3 3 3 3 3 3 3 3 3 3 3 3 3 3 3 3 3 3 3 3 3 3 3 3 3 3 3 3 3 3 3 3 3 3 3 3 3 3 3 3 3 3 3 3 3 3 3 3 3 3 3 3 3 3 3 3 3 3 3 3 3 3 3 3 3 3 3 3 3 3 3 3 3 3 3 3 3 3 3 3 3 3 3 3 3 3 3 3 3 3 3 3 3 3 3 3 3 3 3 3 3 3 3 3 3 3 3 3 3 3 3 3 3 3 3 3 3 3 3 3 3 3 3 3 3 3 3 3 3 3 3 3 3 3 3 3 3 3 3 3 3 3 3 3 3 3 3 3 3 3 3 3 3 3 3 3 3 3 3 3 3 3 3 3 3 3 3 3 3 3 3 3 3 3 3 3 3 3 3 3 3 3 3 3 3 3 3 3 3 3 3 3 3 3 3 3 3 3 3 3 3 3 3 3 3 3 3 3 3 3 3 3 3 3 3 3 3 3 3 3 3 3 3 3 3 3 3 3 3 3 3 3 3 3 3 3 3 3 3 3 3 3 3 3 3 3 3 3 3 3 3 3 3 3 3 3 3 3 3 3 3 3 3 3 3 3 3 3 3 3 3 3 3 3 3 3 3 3 3 3 3 3 3 3 3 3 3 3 3 3 3 3 3 3 3 3 3 3 3 3 3 3 3 3 3 3 3 3 3 3 3 3 3 3 3 3 3 3 3 3 3 3 3 3 3 3 3 3 3 3 3 3 3 3 3 3 3 3 3 3 3 3 3 3 3 3 3 3 3 3 3 3 3 3 3 3 3 3 3 3 3 3 3 3 3 3 3 3 3 3 3 3 3 3 3 3 3 3 3 3 3 3 3 3 3 3 3 3 3 3 3 3 3 3 3 3 3 3 3 3 3 3 3 3 3 3 3 3 3 3 3 3 3 3 3 3 3 3 3 3 3 3 3 3 3 3 3 3 3 3 3 3 3 3 3 3 3 3 3 3 3 3 3 3 3 3 3 3 3 3 3 3 3 3 3 3 3 3 3 3 3 3 3 3 3 3 3 3 3 3 3 3 3 3 3 3 3 3 3 3 3 3 3 3 3 3 3 3 3 3 3 3 3 3 3 3 3 3 3 3 3 3 3 3 3 3 3 3 3 3 3 3 3 3 3 3 3 3 3 3 3 3 3 3 3 3 3 3 3 3 3 3 3 3 3 3 3 3 3 3 3 3 3 3 3 3 3 3 3 3 3 3 3 3 3 3 3 3 3 3 3 3 3 3 3 3 3 3 3 3 3 3 3 3 3 3 3 3 3 3 3 3 3 3 3 3 3 3 3 3 3 3 3 3 3 3 3 3 3 3 3 3 3 3 3 3 3 3 3 3 3 3 3 3 3 3 3 3 3 3 3 3 3 3 3 3 3 3 3 3 3 3 3 3 3 3 3 3 3 3 3 3 3 3 3 3 3 3 3 3 3 3 3 3 3 3 3 3 3 3 3 3 3 3 3 3 3 3 3 3 3 3 3 3 3 3 3 3 3 3 3 3 3 3 3 3 3 3 3 3 3 3 3 3 3 3 3 3 3 3 3 3 3 3 3 3 3 3 3 3 3 3 3 3 3 3 3 3 3 3 3 3 3 3 3 3 3 3 3 3 3 3 3 3 3 3 3 3 3 3 3 3 3 3 3 3 3 3 3 3 3 3 3 3 3 3 3 3 3 3 3 3 3 3 3 3 3 3 3 3 3 3 3 3 3 3 3 3 3 3 3 3 3 3 3 3 3 3 3 3 3 3 3 3 3 3 3 3 3 3 3 3 3 3 3 3 3 3 3 3 3 3 3 3 3 3 3 3 3 3 3 3 3 3 3 3 3 3 3 3 3 3 3 3 3 3 3 3 3 3 3 3 3 3 3 3 3 3 3 3 3 3 3 3 3 3 3 3 3 3 3 3 3 3 3 3 3 3 3 3 3 3 3 3 3 3 3 3 3 3 3 3 3 3 3 3 3 3 3 3 3 3 3 3 3 3 3 3 3 3 3 3 3 3 3 3 3 3 3 3 3 3 3 3 3 3 3 3 3 3 3 3 3 3 3 3 3 3 3 3 3 3 3 3 3 3 3 3 3 3 3 3 3 3 3 3 3 3 3 3 3 3 3 3 3 3 3 3 3 3 3 3 3 3 3 3 3 3 3 3 3 3 3 3 3 3 3 3 3 3 3 3 3 3 3 3 3 3 3 3 3 3 3 3 3 3 3 3 3 3 3 3 3 3 3 3 3 3 3 3 3 3 3 3 3 3 3 3 3 3 3 3 3 3 3 3 3 3 3 3 3 3 3 3 3 3 3 3 3 3 3 3 3 3 3 3 3 3 3 3 3 3 3 3 3 3 3 3 3 3 3 3 3 3 3 3 3 3 3 3 3 3 3 3 3 3 3 3 3 3 3 3 3 3 3 3 3 3 3 3 3 3 3 3 3 3 3 3 3 3 3 3 3 3 3 3 3 3 3 3 3 3 3 3 3 3 3 3 3 3 3 3 3 3 3 3 3 3 3 3 3 3 3 3 3 3 3 3 3 3 3 3 3 3 3 3 3 3 3 3 3 3 3 3 3 3 3 3 3 3 3 3 3 3 3 3 3 3 3 3 3 3 3 3 3 3 3 3 3 3 3 3 3 3 3 3 3 3 3 3 3 3 3 3 3 3 3 3 3 3 3 3 3 3 3 3 3 3 3 3 3 3 3 3 3 3 3 3 3 3 3 3 3 3 3 3 3 3 3 3 3 3 3 3 3 3 3 3 3 3 3 3 3 3 3 3 3 3 3 3 3 3 3 3 3 3 3 3 3 3 3 3 3 3 3 3 3 3 3 3 3 3 3 3 3 3 3 3 3 3 3 3 3 3 3 3 3 3 3 3 3 3 3 3 3 3 3 3 3 3 3 3 3 3 3 3 3 3 3 3 3 3 3 3 3 3 3 3 3 3 3 3 3 3 3 3 3 3 3 3 3 3 3 3 3 3 3 3 3 3 3 3 3 3 3 3 3 3 3 3 3 3 3 3 3 3 3 3 3 3 3 3 3 3 3 3 3 3 3 3 3 3 3 3 3 3 3 3 3 3 3 3 3 3 3 3 3 3 3 3 3 3 3 3 3 3 3 3 3 3 3 3 3 3 3 3 3 3 3 3 3 3 3 3 3 3 3 3 3 3 3 3 3 3 3 3 3 3 3 3 3 3 3 3 3 3 3 3 3 3 3 3 3 3 3 3 3 3 3 3 3 3 3 3 3 3 3 3 3 3 3 3 3 3 3 3 3 3 3 3 3 3 3 3 3 3 3 3 3 3 3 3 3 3 3 3 3 3 3 3 3 3 3 3 3 3 3 3 3 3 3 3 3 3 3 3 3 3 3 3 3 3 3 3 3 3 3 3 3 3 3 3 3 3 3 3 3 3 3 3 3 3 3 3 3 3 3 3 3 3 3 3 3 3 3 3 3 3 3 3 3 3 3 3 3 3 3 3 3 3 3 3 3 3 3 3 3 3 3 3 3 3 3 3 3 3 3 3 3 3 3 3 3 3 3 3 3 3 3 3 3 3 3 3 3 3 3 3 3 3 3 3 3 3 3 3 3 3 3 3 3 3 3 3 3 3 3 3 3 3 3 3 3 3 3 3 3 3 3 3 3 3 3 3 3 3 3 3 3 3 3 3 3 3 3 3 3 3 3 3 3 3 3 3 3 3 3 3 3 3 3 3 3 3 3 3 3 3 3 3 3 3 3 3 3 3 3 3 3 3 3 3 3 3 3 3 3 3 3 3 3 3 3 3 3 3 3 3 3 3 3 3 3 3 3 3 3 3 3 3 3 3 3 3 3 3 3 3 3 3 3 3 3 3 3 3 3 3 3 3 3 3 3 3 3 3 3 3 3 3 3 3 3 3 3 3 3 3 3 3 3 3 3 3 3 3 3 3 3 3 3 3 3 3 3 3 3 3 3 3 3 3 3 3 3 3 3 3 3 3 3 3 3 3 3 3 3 3 3 3 3 3 3 3 3 3 3 3 3 3 3 3 3 3 3 3 3 3 3 3 3 3 3 3 3 3 3 3 3 3 3 3 3 3 3 3 3 3 3 3 3 3 3 3 3 3 3 3 3 3 3 3 3 3 3 3 3 3 3 3 3 3 3 3 3 3 3 3 3 3 3 3 3 3 3 3 3 3 3 3 3 3 3 3 3 3 3 3 3 3 3 3 3 3 3 3 3 3 3 3 3 3 3 3 3 3 3 3 3 3 3 3 3 3 3 3 3 3 3 3 3 3 3 3 3 3 3 3 3 3 3 3 3 3 3 3 3 3 3 3 3 3 3 3 3 3 3 3 3 3 3 3 3 3 3 3 3 3 3 3 3 3 3 3 3 3 3 3 3 3 3 3 3 3 3 3 3 3 3 3 3 3 3 3 3 3 3 3 3 3 3 3 3 3 3 3 3 3 3 3 3 3 3 3 3 3 3 3 3 3 3 3 3 3 3 3 3 3 3 3 3 3 3 3 3 3 3 3 3 3 3 3 3 3 3 3 3 3 3 3 3 3 3 3 3 3 3 3 3 3 3 3 3 3 3 3 3 3 3 3 3 3 3 3 3 3 3 3 3 3 3 3 3 3 3 3 3 3 3 3 3 3 3 3 3 3 3 3 3 3 3 3 3 3 3 3 3 3 3 3 3 3 3 3 3 3 3 3 3 3 3 3 3 3 3 3 3 3 3 3 3 3 3 3 3 3 3 3 3 3 3 3 3 3 3 3 3 3 3 3 3 3 3 3 3 3 3 3 3 3 3 3 3 3 3 3 3 3 3 3 3 3 3 3 3 3 3 3 3 3 3 3 3 3 3 3 3 3 3 3 3 3 3 3 3 3 3 3 3 3 3 3 3 3 3 3 3 3 3 3 3 3 3 3 3 3 3 3 3 3 3 3 3 3 3 3 3 3 3 3 3 3 3 3 3 3 3 3 3 3 3 3 3 3 3 3 3 3 3 3 3 3 3 3 3 3 3 3 3 3 3 3 3 3 3 3 3 3 3 3 3 3 3 3 3 3 3 3 3 3 3 3 3 3 3 3 3 3 3 3 3 3 3 3 3 3 3 3 3 3 3 3 3 3 3 3 3 3 3 3 3 3 3 3 3 3 3 3 3 3 3 3 3 3 3 3 3 3 3 3 3 3 3 3 3 3 3 3 3 3 3 3 3 3 3 3 3 3 3 3 3 3 3 3 3 3 3 3 3 3 3 3 3 3 3 3 3 3 3 3 3 3 3 3 3 3 3 3 3 3 3 3 3 3 3 3 3 3 3 3 3 3 3 3 3 3 3 3 3 3 3 3 3 3 3 3 3 3 3 3 3 3 3 3 3 3 3 3 3 3 3 3 3 3 3 3 3 3 3 3 3 3 3 3 3 3 3 3 3 3 3 3 3 3 3 3 3 3 3 3 3 3 3 3 3 3 3 3 3 3 3 3 3 3 3 3 3 3 3 3 3 3 3 3 3 3 3 3 3 3 3 3 3 3 3 3 3 3 3 3 3 3 3 3 3 3 3 3 3 3 3 3 3 3 3 3 3 3 3 3 3 3 3 3 3 3 3 3 3 3 3 3 3 3 3 3 3 3 3 3 3 3 3 3 3 3 3 3 3 3 3 3 3 3 3 3 3 3 3 3 3 3 3 3 3 3 3 3 3 3 3 3 3 3 3 3 3 3 3 3 3 3 3 3 3 3 3 3 3 3 3 3 3 3 3 3 3 3 3 3 3 3 3 3 3 3 3 3 3 3 3 3 3 3 3 3 3 3 3 3 3 3 3 3 3 3 3 3 3 3 3 3 3 3 3 3 3 3 3 3 3 3 3 3 3 3 3 3 3 3 3 3 3 3 3 3 3 3 3 3 3 3 3 3 3 3 3 3 3 3 3 3 3 3 3 3 3 3 3 3 3 3 3 3 3 3 3 3 3 3 3 3 3 3 3 3 3 3 3 3 3 3 3 3 3 3 3 3 3 3 3 3 3 3 3 3 3 3 3 3 3 3 3 3 3 3 3 3 3 3 3 3 3 3 3 3 3 3 3 3 3 3 3 3 3 3 3 3 3 3 3 3 3 3 3 3 3 3 3 3 3 3 3 3 3 3 3 3 3 3 3 3 3 3 3 3 3 3 3 3 3 3 3 3 3 3 3 3 3 3 3 3 3 3 3 3 3 3 3 3 3 3 3 3 3 3 3 3 3 3 3 3 3 3 3 3 3 3 3 3 3 3 3 3 3 3 3 3 3 3 3 3 3 3 3 3 3 3 3 3 3 3 3 3 3 3 3 3 3 3 3 3 3 3 3 3 3 3 3 3 3 3 3 3 3 3 3 3 3 3 3 3 3 3 3 3 3 3 3 3 3 3 3 3 3 3 3 3 3 3 3 3 3 3 3 3 3 3 3 3 3 3 3 3 3 3 3 3 3 3 3 3 3 3 3 3 3 3 3 3 3 3 3 3 3 3 3 3 3 3 3 3 3 3 3 3 3 3 3 3 3 3 3 3 3 3 3 3 3 3 3 3 3 3 3 3 3 3 3 3 3 3 3 3 3 3 3 3 3 3 3 3 3 3 3 3 3 3 3 3 3 3 3 3 3 3 3 3 3 3 3 3 3 3 3 3 3 3 3 3 3 3 3 3 3 3 3 3 3 3 3 3 3 3 3 3 3 3 3 3 3 3 3 3 3 3 3 3 3 3 3 3 3 3 3 3 3 3 3 3 3 3 3 3 3 3 3 3 3 3 3 3 3 3 3 3 3 3 3 3 3 3 3 3 3 3 3 3 3 3 3 3 3 3 3 3 3 3 3 3 3 3 3 3 3 3 3 3 3 3 3 3 3 3 3 3 3 3 3 3 3 3 3 3 3 3 3 3 3 3 3 3 3 3 3 3 3 3 3 3 3 3 3 3 3 3 3 3 3 3 3 3 3 3 3 3 3 3 3 3 3 3 3 3 3 3 3 3 3 3 3 3 3 3 3 3 3 3 3 3 3 </vcount>
          <p>2117 2118 2125 2117 2125 2124 2118 2119 2126 2118 2126 2125 2119 2120 2127 2119 2127 2126 2120 2121 2128 2120 2128 2127 2121 2122 2129 2121 2129 2128 2122 2123 2130 2122 2130 2129 2124 2125 2132 2124 2132 2131 2125 2126 2133 2125 2133 2132 2126 2127 2134 2126 2134 2133 2127 2128 2135 2127 2135 2134 2128 2129 2136 2128 2136 2135 2129 2130 2137 2129 2137 2136 2131 2132 2139 2131 2139 2138 2132 2133 2140 2132 2140 2139 2133 2134 2141 2133 2141 2140 2134 2135 2142 2134 2142 2141 2135 2136 2143 2135 2143 2142 2136 2137 2144 2136 2144 2143 2138 2139 2146 2138 2146 2145 2139 2140 2147 2139 2147 2146 2140 2141 2148 2140 2148 2147 2141 2142 2149 2141 2149 2148 2142 2143 2150 2142 2150 2149 2143 2144 2151 2143 2151 2150 2145 2146 2153 2145 2153 2152 2146 2147 2154 2146 2154 2153 2147 2148 2155 2147 2155 2154 2148 2149 2156 2148 2156 2155 2149 2150 2157 2149 2157 2156 2150 2151 2158 2150 2158 2157 2152 2153 2160 2152 2160 2159 2153 2154 2161 2153 2161 2160 2154 2155 2162 2154 2162 2161 2155 2156 2163 2155 2163 2162 2156 2157 2164 2156 2164 2163 2157 2158 2165 2157 2165 2164 1 443 2117 1 2117 354 443 441 2118 443 2118 2117 441 438 2119 441 2119 2118 438 435 2120 438 2120 2119 435 430 2121 435 2121 2120 430 427 2122 430 2122 2121 427 425 2123 427 2123 2122 425 20 421 425 421 2123 2123 421 418 2123 418 2130 2130 418 415 2130 415 2137 2137 415 413 2137 413 2144 2144 413 409 2144 409 2151 2151 409 406 2151 406 2158 2158 406 403 2158 403 2165 2165 403 35 2165 35 351 2164 2165 351 2164 351 349 2163 2164 349 2163 349 345 2162 2163 345 2162 345 340 2161 2162 340 2161 340 335 2160 2161 335 2160 335 332 2159 2160 332 2159 332 327 372 2159 327 372 327 10 371 2152 2159 371 2159 372 367 2145 2152 367 2152 371 363 2138 2145 363 2145 367 361 2131 2138 361 2138 363 357 2124 2131 357 2131 361 354 2117 2124 354 2124 357 2166 2167 2174 2166 2174 2173 2167 2168 2175 2167 2175 2174 2168 2169 2176 2168 2176 2175 2169 2170 2177 2169 2177 2176 2170 2171 2178 2170 2178 2177 2171 2172 2179 2171 2179 2178 2173 2174 2181 2173 2181 2180 2174 2175 2182 2174 2182 2181 2175 2176 2183 2175 2183 2182 2176 2177 2184 2176 2184 2183 2177 2178 2185 2177 2185 2184 2178 2179 2186 2178 2186 2185 2180 2181 2188 2180 2188 2187 2181 2182 2189 2181 2189 2188 2182 2183 2190 2182 2190 2189 2183 2184 2191 2183 2191 2190 2184 2185 2192 2184 2192 2191 2185 2186 2193 2185 2193 2192 2187 2188 2195 2187 2195 2194 2188 2189 2196 2188 2196 2195 2189 2190 2197 2189 2197 2196 2190 2191 2198 2190 2198 2197 2191 2192 2199 2191 2199 2198 2192 2193 2200 2192 2200 2199 2194 2195 2202 2194 2202 2201 2195 2196 2203 2195 2203 2202 2196 2197 2204 2196 2204 2203 2197 2198 2205 2197 2205 2204 2198 2199 2206 2198 2206 2205 2199 2200 2207 2199 2207 2206 2201 2202 2209 2201 2209 2208 2202 2203 2210 2202 2210 2209 2203 2204 2211 2203 2211 2210 2204 2205 2212 2204 2212 2211 2205 2206 2213 2205 2213 2212 2206 2207 2214 2206 2214 2213 16 295 2166 16 2166 401 295 292 2167 295 2167 2166 292 289 2168 292 2168 2167 289 286 2169 289 2169 2168 286 283 2170 286 2170 2169 283 280 2171 283 2171 2170 280 277 2172 280 2172 2171 277 12 326 277 326 2172 2172 326 333 2172 333 2179 2179 333 337 2179 337 2186 2186 337 338 2186 338 2193 2193 338 342 2193 342 2200 2200 342 347 2200 347 2207 2207 347 353 2207 353 2214 2214 353 38 2214 38 274 2213 2214 274 2213 274 270 2212 2213 270 2212 270 266 2211 2212 266 2211 266 261 2210 2211 261 2210 261 258 2209 2210 258 2209 258 255 2208 2209 255 2208 255 251 375 2208 251 375 251 42 382 2201 375 2201 2208 375 383 2194 2201 383 2201 382 387 2187 2194 387 2194 383 391 2180 387 2180 2187 387 396 2173 2180 396 2180 391 401 2166 2173 401 2173 396 2217 2222 2250 2217 2250 2245 2221 2225 2253 2221 2253 2249 2226 2229 2256 2226 2256 2254 2230 2233 2260 2230 2260 2258 2234 2238 2264 2234 2264 2261 2237 2241 2268 2237 2268 2263 2244 2247 2275 2244 2275 2272 2248 2252 2280 2248 2280 2276 2251 2255 2283 2251 2283 2279 2257 2259 2287 2257 2287 2284 2262 2265 2291 2262 2291 2288 2266 2269 2297 2266 2297 2293 2274 2277 2305 2274 2305 2302 2278 2281 2309 2278 2309 2306 2282 2286 2314 2282 2314 2310 2285 2290 2318 2285 2318 2313 2289 2294 2322 2289 2322 2317 2292 2296 2326 2292 2326 2321 2300 2303 2331 2300 2331 2328 2304 2308 2336 2304 2336 2332 2307 2312 2340 2307 2340 2335 2311 2316 2344 2311 2344 2339 2315 2320 2349 2315 2349 2343 2319 2324 2354 2319 2354 2348 2330 2333 2361 2330 2361 2358 2334 2337 2365 2334 2365 2362 2338 2342 2370 2338 2370 2366 2341 2346 2374 2341 2374 2369 2345 2350 2378 2345 2378 2373 2347 2351 2379 2347 2379 2375 2355 2360 2389 2355 2389 2385 2359 2363 2391 2359 2391 2388 2364 2367 2395 2364 2395 2392 2368 2372 2400 2368 2400 2396 2371 2377 2404 2371 2404 2399 2376 2382 2408 2376 2408 2403 27 179 2215 27 2215 981 180 183 2219 180 2219 2216 184 188 2224 184 2224 2220 187 192 2228 187 2228 2223 191 196 2232 191 2232 2227 195 199 2235 195 2235 2231 201 204 2240 201 2240 2236 205 45 943 205 943 2242 2239 941 944 2239 944 2267 2270 946 949 2270 949 2298 2295 947 952 2295 952 2325 2323 950 953 2323 953 2352 2353 955 956 2353 956 2380 2381 958 960 2381 960 2407 2409 961 79 2409 79 912 2405 2410 913 2405 913 908 2401 2406 909 2401 909 904 2398 2402 905 2398 905 901 2394 2397 900 2394 900 897 2390 2393 896 2390 896 893 2383 2387 890 2383 890 886 962 2384 887 962 887 72 967 2357 2386 967 2386 964 970 2329 2356 970 2356 966 972 2299 2327 972 2327 969 976 2273 2301 976 2301 973 977 2243 2271 977 2271 975 982 2218 2246 982 2246 979 2411 2412 2419 2411 2419 2418 2412 2413 2420 2412 2420 2419 2413 2414 2421 2413 2421 2420 2414 2415 2422 2414 2422 2421 2415 2416 2423 2415 2423 2422 2416 2417 2424 2416 2424 2423 2418 2419 2426 2418 2426 2425 2419 2420 2427 2419 2427 2426 2420 2421 2428 2420 2428 2427 2421 2422 2429 2421 2429 2428 2422 2423 2430 2422 2430 2429 2423 2424 2431 2423 2431 2430 2425 2426 2433 2425 2433 2432 2426 2427 2434 2426 2434 2433 2427 2428 2435 2427 2435 2434 2428 2429 2436 2428 2436 2435 2429 2430 2437 2429 2437 2436 2430 2431 2438 2430 2438 2437 2432 2433 2440 2432 2440 2439 2433 2434 2441 2433 2441 2440 2434 2435 2442 2434 2442 2441 2435 2436 2443 2435 2443 2442 2436 2437 2444 2436 2444 2443 2437 2438 2445 2437 2445 2444 2439 2440 2447 2439 2447 2446 2440 2441 2448 2440 2448 2447 2441 2442 2449 2441 2449 2448 2442 2443 2450 2442 2450 2449 2443 2444 2451 2443 2451 2450 2444 2445 2452 2444 2452 2451 2446 2447 2454 2446 2454 2453 2447 2448 2455 2447 2455 2454 2448 2449 2456 2448 2456 2455 2449 2450 2457 2449 2457 2456 2450 2451 2458 2450 2458 2457 2451 2452 2459 2451 2459 2458 29 227 2411 29 2411 181 227 224 2412 227 2412 2411 224 221 2413 224 2413 2412 221 218 2414 221 2414 2413 218 214 2415 218 2415 2414 214 211 2416 214 2416 2415 211 207 2417 211 2417 2416 207 6 463 207 463 2417 2417 463 460 2417 460 2424 2424 460 458 2424 458 2431 2431 458 456 2431 456 2438 2438 456 452 2438 452 2445 2445 452 448 2445 448 2452 2452 448 445 2452 445 2459 2459 445 17 2459 17 402 2458 2459 402 2458 402 397 2457 2458 397 2457 397 392 2456 2457 392 2456 392 388 2455 2456 388 2455 388 384 2454 2455 384 2454 384 380 2453 2454 380 2453 380 377 203 2453 377 203 377 44 200 2446 2453 200 2453 203 197 2439 2446 197 2446 200 193 2432 2439 193 2439 197 189 2425 2432 189 2432 193 185 2418 2425 185 2425 189 181 2411 2418 181 2418 185 2460 2461 2468 2460 2468 2467 2461 2462 2469 2461 2469 2468 2462 2463 2470 2462 2470 2469 2463 2464 2471 2463 2471 2470 2464 2465 2472 2464 2472 2471 2465 2466 2473 2465 2473 2472 2467 2468 2475 2467 2475 2474 2468 2469 2476 2468 2476 2475 2469 2470 2477 2469 2477 2476 2470 2471 2478 2470 2478 2477 2471 2472 2479 2471 2479 2478 2472 2473 2480 2472 2480 2479 2474 2475 2482 2474 2482 2481 2475 2476 2483 2475 2483 2482 2476 2477 2484 2476 2484 2483 2477 2478 2485 2477 2485 2484 2478 2479 2486 2478 2486 2485 2479 2480 2487 2479 2487 2486 2481 2482 2489 2481 2489 2488 2482 2483 2490 2482 2490 2489 2483 2484 2491 2483 2491 2490 2484 2485 2492 2484 2492 2491 2485 2486 2493 2485 2493 2492 2486 2487 2494 2486 2494 2493 2488 2489 2496 2488 2496 2495 2489 2490 2497 2489 2497 2496 2490 2491 2498 2490 2498 2497 2491 2492 2499 2491 2499 2498 2492 2493 2500 2492 2500 2499 2493 2494 2501 2493 2501 2500 2495 2496 2503 2495 2503 2502 2496 2497 2504 2496 2504 2503 2497 2498 2505 2497 2505 2504 2498 2499 2506 2498 2506 2505 2499 2500 2507 2499 2507 2506 2500 2501 2508 2500 2508 2507 33 325 2460 33 2460 226 325 321 2461 325 2461 2460 321 317 2462 321 2462 2461 317 312 2463 317 2463 2462 312 307 2464 312 2464 2463 307 303 2465 307 2465 2464 303 299 2466 303 2466 2465 299 24 424 299 424 2466 2466 424 428 2466 428 2473 2473 428 431 2473 431 2480 2480 431 433 2480 433 2487 2487 433 436 2487 436 2494 2494 436 439 2494 439 2501 2501 439 442 2501 442 2508 2508 442 0 2508 0 228 2507 2508 228 2507 228 231 2506 2507 231 2506 231 236 2505 2506 236 2505 236 239 2504 2505 239 2504 239 241 2503 2504 241 2503 241 243 2502 2503 243 2502 243 247 208 2502 247 208 247 7 210 2495 2502 210 2502 208 213 2488 2495 213 2495 210 217 2481 2488 217 2488 213 220 2474 2481 220 2481 217 223 2467 2474 223 2474 220 226 2460 2467 226 2467 223 2509 2513 2537 2513 2541 2537 2514 2517 2542 2517 2545 2542 2518 2521 2546 2521 2549 2546 2524 2526 2550 2526 2554 2550 2527 2529 2559 2527 2559 2555 2530 2534 2564 2530 2564 2560 2540 2543 2571 2540 2571 2568 2544 2547 2574 2544 2574 2572 2548 2552 2578 2548 2578 2575 2551 2556 2577 2556 2583 2577 2553 2557 2582 2557 2586 2582 2558 2561 2589 2558 2589 2587 2565 2569 2596 2565 2596 2591 2570 2573 2601 2570 2601 2597 2576 2579 2605 2576 2605 2602 2580 2584 2606 2584 2610 2606 2581 2585 2611 2581 2611 2607 2587 2589 2616 2587 2616 2612 2593 2598 2626 2593 2626 2621 2595 2599 2629 2595 2629 2624 2600 2603 2632 2600 2632 2630 2604 2608 2635 2604 2635 2633 2609 2613 2637 2613 2640 2637 2614 2618 2646 2614 2646 2642 2619 2625 2653 2619 2653 2649 2623 2627 2655 2623 2655 2651 2628 2631 2659 2628 2659 2656 2634 2636 2660 2636 2663 2660 2638 2641 2670 2638 2670 2665 2639 2645 2674 2639 2674 2669 2647 2652 2679 2647 2679 2675 2654 2658 2682 2658 2686 2682 2657 2662 2690 2657 2690 2685 2661 2666 2694 2661 2694 2689 2664 2668 2697 2664 2697 2693 2667 2671 2695 2671 2699 2695 9 464 2511 9 2511 640 465 462 2516 465 2516 2512 461 459 2515 459 2520 2515 457 454 2522 457 2522 2519 455 451 2523 451 2525 2523 453 450 2532 453 2532 2528 449 447 2536 449 2536 2531 446 18 645 446 645 2535 2533 644 651 2533 651 2563 2562 650 656 2562 656 2590 2588 655 660 2588 660 2615 2617 663 669 2617 669 2644 2643 667 674 2643 674 2673 2672 672 2700 672 678 2700 2701 681 58 2701 58 592 2698 2702 595 2702 593 595 2692 2696 594 2692 594 597 2688 2691 599 2691 596 599 2683 2687 598 2683 598 600 2680 2684 601 2680 601 602 2677 2681 603 2677 603 604 609 2678 605 609 605 53 611 2648 2676 611 2676 607 618 2620 2650 618 2650 615 625 2594 620 2594 2622 620 627 2566 622 2566 2592 622 633 2539 2567 633 2567 629 637 2510 2538 637 2538 632 2703 2704 2711 2703 2711 2710 2704 2705 2712 2704 2712 2711 2705 2706 2713 2705 2713 2712 2706 2707 2714 2706 2714 2713 2707 2708 2715 2707 2715 2714 2708 2709 2716 2708 2716 2715 2710 2711 2718 2710 2718 2717 2711 2712 2719 2711 2719 2718 2712 2713 2720 2712 2720 2719 2713 2714 2721 2713 2721 2720 2714 2715 2722 2714 2722 2721 2715 2716 2723 2715 2723 2722 2717 2718 2725 2717 2725 2724 2718 2719 2725 2719 2726 2725 2719 2720 2727 2719 2727 2726 2720 2721 2728 2720 2728 2727 2721 2722 2729 2721 2729 2728 2722 2723 2730 2722 2730 2729 2724 2725 2731 2725 2732 2731 2725 2726 2732 2726 2733 2732 2726 2727 2733 2727 2734 2733 2727 2728 2734 2728 2735 2734 2728 2729 2735 2729 2736 2735 2729 2730 2736 2730 2737 2736 2731 2732 2739 2731 2739 2738 2732 2733 2740 2732 2740 2739 2733 2734 2741 2733 2741 2740 2734 2735 2742 2734 2742 2741 2735 2736 2743 2735 2743 2742 2736 2737 2744 2736 2744 2743 2738 2739 2746 2738 2746 2745 2739 2740 2747 2739 2747 2746 2740 2741 2748 2740 2748 2747 2741 2742 2748 2742 2749 2748 2742 2743 2750 2742 2750 2749 2743 2744 2751 2743 2751 2750 28 707 2703 28 2703 225 707 703 2703 703 2704 2703 703 699 2704 699 2705 2704 699 695 2705 695 2706 2705 695 691 2706 691 2707 2706 691 687 2707 687 2708 2707 687 683 2708 683 2709 2708 683 63 2709 63 479 2709 2709 479 478 2709 478 2716 2716 478 477 2716 477 2723 2723 477 2730 477 476 2730 2730 476 2737 476 475 2737 2737 475 474 2737 474 2744 2744 474 473 2744 473 2751 2751 473 51 2751 51 606 2750 2751 613 2751 606 613 2749 2750 613 2749 613 617 2748 2749 617 2748 617 621 2747 2748 621 2747 621 626 2746 2747 631 2747 626 631 2745 2746 631 2745 631 638 209 2745 638 209 638 8 212 2738 2745 212 2745 209 215 2731 2738 215 2738 212 216 2724 2731 216 2731 215 219 2717 2724 219 2724 216 222 2710 219 2710 2717 219 225 2703 2710 225 2710 222 2752 2758 2780 2758 2786 2780 2756 2760 2785 2760 2789 2785 2762 2764 2791 2764 2793 2791 2766 2769 2799 2766 2799 2795 2768 2774 2801 2768 2801 2796 2772 2778 2800 2778 2806 2800 2781 2787 2809 2787 2815 2809 2784 2788 2813 2788 2817 2813 2790 2792 2818 2792 2820 2818 2794 2798 2826 2794 2826 2822 2797 2802 2830 2797 2830 2825 2803 2807 2835 2803 2835 2831 2808 2814 2836 2814 2842 2836 2812 2816 2841 2816 2845 2841 2819 2821 2847 2821 2849 2847 2823 2827 2854 2823 2854 2850 2824 2829 2857 2824 2857 2852 2828 2834 2856 2834 2861 2856 2837 2843 2865 2843 2871 2865 2840 2844 2869 2844 2873 2869 2846 2848 2874 2848 2876 2874 2851 2855 2883 2851 2883 2879 2853 2858 2886 2853 2886 2881 2859 2863 2891 2859 2891 2887 2864 2870 2892 2870 2898 2892 2868 2872 2897 2872 2901 2897 2875 2877 2903 2877 2905 2903 2878 2882 2911 2878 2911 2907 2880 2885 2913 2880 2913 2908 2884 2888 2912 2888 2916 2912 2893 2899 2921 2899 2927 2921 2896 2900 2925 2900 2929 2925 2902 2904 2930 2904 2932 2930 2906 2910 2938 2906 2938 2934 2909 2914 2941 2909 2941 2936 2915 2919 2947 2915 2947 2943 43 376 2753 43 2753 743 378 381 2759 378 2759 2754 379 385 2761 379 2761 2757 386 389 2765 386 2765 2763 390 394 2771 390 2771 2767 393 398 2770 398 2775 2770 395 400 2779 395 2779 2773 399 15 2776 15 641 2776 2777 642 2805 642 648 2805 2804 647 2833 647 654 2833 2832 653 2860 653 659 2860 2862 662 668 2862 668 2890 2889 666 2917 666 673 2917 2918 675 2945 675 679 2945 2946 682 577 682 59 577 2940 2944 574 2944 576 574 2937 2942 575 2937 575 572 2935 2939 573 2935 573 571 2931 2933 569 2933 570 569 2924 2928 566 2928 568 566 2920 2926 564 2926 567 564 714 2922 71 2922 565 71 719 2894 715 2894 2923 715 725 2867 720 2867 2895 720 729 2838 724 2838 2866 724 735 2811 730 2811 2839 730 740 2783 734 2783 2810 734 744 2755 739 2755 2782 739 2950 2953 2980 2950 2980 2978 2955 2957 2984 2955 2984 2982 2958 2961 2988 2958 2988 2986 2963 2967 2991 2967 2995 2991 2966 2969 2993 2969 2997 2993 2971 2975 3002 2971 3002 2998 2979 2981 3008 2979 3008 3006 2983 2985 3012 2983 3012 3010 2987 2989 3016 2987 3016 3014 2990 2994 3018 2994 3022 3018 2992 2996 3020 2996 3024 3020 2999 3003 3030 2999 3030 3026 3007 3009 3036 3007 3036 3034 3011 3013 3040 3011 3040 3038 3015 3017 3044 3015 3044 3042 3019 3023 3047 3023 3051 3047 3021 3025 3049 3025 3053 3049 3027 3031 3058 3027 3058 3054 3035 3037 3064 3035 3064 3062 3039 3041 3068 3039 3068 3066 3043 3045 3072 3043 3072 3069 3046 3050 3074 3050 3078 3074 3048 3052 3076 3052 3080 3076 3055 3059 3087 3055 3087 3083 3063 3065 3092 3063 3092 3090 3067 3070 3096 3067 3096 3094 3071 3073 3100 3071 3100 3097 3075 3079 3103 3079 3107 3103 3077 3081 3105 3081 3109 3105 3082 3086 3114 3082 3114 3110 3091 3093 3120 3091 3120 3118 3095 3098 3124 3095 3124 3122 3099 3101 3129 3099 3129 3125 3102 3106 3131 3106 3135 3131 3104 3108 3134 3108 3138 3134 3111 3115 3143 3111 3143 3139 25 301 2951 25 2951 772 300 304 2952 300 2952 2949 305 308 2956 305 2956 2954 309 313 2962 309 2962 2959 311 315 2960 315 2964 2960 316 319 2968 316 2968 2965 320 323 2973 320 2973 2970 324 31 710 324 710 2974 2972 708 704 2972 704 3000 3001 705 700 3001 700 3028 3029 701 696 3029 696 3056 3057 697 692 3057 692 3084 3085 693 688 3085 688 3112 3113 689 685 3113 685 3141 3140 684 64 3140 64 534 3136 3142 532 3142 535 532 3133 3137 531 3137 533 531 3128 3132 530 3128 530 528 3127 3130 529 3127 529 527 3123 3126 526 3123 526 525 3119 3121 524 3119 524 523 746 3116 522 746 522 60 753 3089 3117 753 3117 748 757 3061 3088 757 3088 752 761 3033 3060 761 3060 756 765 3005 3032 765 3032 760 769 2977 3004 769 3004 764 771 2948 2976 771 2976 768 3146 3151 3178 3146 3178 3172 3149 3155 3183 3149 3183 3177 3152 3158 3187 3152 3187 3181 3157 3161 3188 3157 3188 3184 3163 3165 3192 3163 3192 3190 3167 3170 3197 3167 3197 3194 3173 3179 3206 3173 3206 3200 3176 3182 3210 3176 3210 3204 3180 3186 3215 3180 3215 3209 3185 3189 3216 3185 3216 3212 3191 3193 3220 3191 3220 3218 3195 3198 3225 3195 3225 3223 3202 3207 3231 3207 3235 3231 3205 3211 3238 3205 3238 3232 3208 3214 3243 3208 3243 3237 3213 3217 3244 3213 3244 3240 3219 3221 3248 3219 3248 3246 3222 3224 3252 3222 3252 3250 3229 3234 3263 3229 3263 3259 3233 3239 3267 3233 3267 3261 3236 3242 3271 3236 3271 3265 3241 3245 3272 3241 3272 3268 3247 3249 3276 3247 3276 3274 3251 3253 3280 3251 3280 3278 3258 3262 3290 3258 3290 3286 3260 3266 3294 3260 3294 3288 3264 3270 3299 3264 3299 3293 3269 3273 3300 3269 3300 3296 3275 3277 3305 3275 3305 3303 3279 3281 3309 3279 3309 3307 3287 3291 3318 3287 3318 3314 3289 3295 3322 3289 3322 3316 3292 3298 3327 3292 3327 3321 3297 3301 3329 3297 3329 3325 3302 3304 3334 3302 3334 3331 3306 3308 3337 3306 3337 3335 5 246 636 246 3144 636 248 245 3150 248 3150 3145 244 242 3154 244 3154 3148 240 238 3159 240 3159 3153 237 234 3160 237 3160 3156 235 232 3164 235 3164 3162 233 229 3169 233 3169 3166 230 3 776 230 776 3171 3168 774 3196 774 780 3196 3199 781 3226 781 785 3226 3227 786 791 3227 791 3255 3254 790 796 3254 796 3282 3283 798 3310 798 802 3310 3311 803 3339 803 808 3339 3338 806 481 806 49 481 3333 3336 480 3333 480 483 3330 3332 482 3330 482 485 3324 3328 484 3324 484 486 3320 3326 487 3320 487 488 3317 3323 489 3317 489 490 3315 3319 491 3315 491 493 608 3312 52 3312 492 52 614 3285 610 3285 3313 610 616 3256 3284 616 3284 612 623 3228 3257 623 3257 619 628 3201 624 3201 3230 624 634 3174 3203 634 3203 630 639 3147 635 3147 3175 635 3340 3341 3348 3340 3348 3347 3341 3342 3349 3341 3349 3348 3342 3343 3350 3342 3350 3349 3343 3344 3351 3343 3351 3350 3344 3345 3352 3344 3352 3351 3345 3346 3353 3345 3353 3352 3347 3348 3355 3347 3355 3354 3348 3349 3356 3348 3356 3355 3349 3350 3357 3349 3357 3356 3350 3351 3358 3350 3358 3357 3351 3352 3359 3351 3359 3358 3352 3353 3360 3352 3360 3359 3354 3355 3362 3354 3362 3361 3355 3356 3363 3355 3363 3362 3356 3357 3364 3356 3364 3363 3357 3358 3365 3357 3365 3364 3358 3359 3366 3358 3366 3365 3359 3360 3367 3359 3367 3366 3361 3362 3369 3361 3369 3368 3362 3363 3370 3362 3370 3369 3363 3364 3371 3363 3371 3370 3364 3365 3372 3364 3372 3371 3365 3366 3373 3365 3373 3372 3366 3367 3374 3366 3374 3373 3368 3369 3376 3368 3376 3375 3369 3370 3377 3369 3377 3376 3370 3371 3378 3370 3378 3377 3371 3372 3379 3371 3379 3378 3372 3373 3380 3372 3380 3379 3373 3374 3381 3373 3381 3380 3375 3376 3383 3375 3383 3382 3376 3377 3384 3376 3384 3383 3377 3378 3385 3377 3385 3384 3378 3379 3386 3378 3386 3385 3379 3380 3387 3379 3387 3386 3380 3381 3388 3380 3388 3387 26 423 3340 26 3340 773 423 420 3341 423 3341 3340 420 417 3342 420 3342 3341 417 414 3343 417 3343 3342 414 410 3343 410 3344 3343 410 407 3345 410 3345 3344 407 404 3346 407 3346 3345 404 39 3346 39 812 3346 3346 812 818 3346 818 3353 3353 818 823 3353 823 3360 3360 823 828 3360 828 3367 3367 828 833 3367 833 3374 3374 833 838 3374 838 3381 3381 838 840 3381 840 3388 3388 840 66 3388 66 578 3387 3388 578 3387 578 579 3386 3387 579 3386 579 580 3385 3386 580 3385 580 581 3384 3385 581 3384 581 582 3383 3384 582 3383 582 583 3382 3383 583 3382 583 584 749 3382 584 749 584 62 751 3375 3382 751 3382 749 755 3368 3375 755 3375 751 759 3361 3368 759 3368 755 763 3354 3361 763 3361 759 767 3347 3354 767 3354 763 773 3340 3347 773 3347 767 3389 3393 3422 3389 3422 3418 3395 3397 3426 3395 3426 3424 3399 3403 3431 3399 3431 3427 3401 3407 3435 3401 3435 3429 3405 3409 3438 3405 3438 3434 3412 3415 3440 3415 3444 3440 3417 3421 3450 3417 3450 3446 3423 3425 3454 3423 3454 3452 3428 3432 3459 3428 3459 3455 3430 3436 3463 3430 3463 3457 3433 3437 3466 3433 3466 3462 3439 3443 3470 3439 3470 3467 3445 3449 3478 3445 3478 3474 3451 3453 3482 3451 3482 3480 3456 3460 3487 3456 3487 3483 3458 3464 3491 3458 3491 3485 3461 3465 3494 3461 3494 3490 3468 3472 3496 3472 3500 3496 3473 3477 3506 3473 3506 3502 3479 3481 3510 3479 3510 3508 3484 3488 3515 3484 3515 3511 3486 3492 3520 3486 3520 3514 3489 3493 3522 3489 3522 3518 3495 3498 3526 3495 3526 3523 3501 3505 3534 3501 3534 3530 3507 3509 3538 3507 3538 3536 3512 3516 3543 3512 3543 3539 3513 3519 3541 3519 3547 3541 3517 3521 3550 3517 3550 3546 3524 3528 3552 3528 3556 3552 3529 3533 3562 3529 3562 3558 3535 3537 3566 3535 3566 3564 3540 3544 3571 3540 3571 3567 3542 3548 3575 3542 3575 3569 3545 3549 3574 3549 3578 3574 3551 3553 3580 3553 3582 3580 34 352 3392 34 3392 810 350 346 3394 350 3394 3390 348 343 3398 348 3398 3396 344 341 3404 344 3404 3400 339 336 3408 339 3408 3402 334 330 3410 334 3410 3406 331 328 3414 331 3414 3411 329 13 3416 13 848 3416 3413 845 3441 845 851 3441 3442 852 856 3442 856 3469 3471 860 865 3471 865 3499 3497 862 869 3497 869 3525 3527 872 878 3527 878 3555 3554 877 3583 877 882 3583 3584 883 55 3584 55 537 3579 3581 539 3581 536 539 3573 3577 538 3573 538 540 3570 3576 541 3570 541 542 3568 3572 543 3568 543 545 3563 3565 544 3563 544 547 3557 3561 546 3557 546 548 842 3560 67 3560 549 67 834 3531 3559 834 3559 839 830 3504 3532 830 3532 835 825 3476 3503 825 3503 829 820 3448 3475 820 3475 824 814 3419 3447 814 3447 819 809 3391 3420 809 3420 815 3586 3589 3617 3586 3617 3615 3590 3594 3619 3594 3623 3619 3593 3599 3627 3593 3627 3621 3598 3604 3631 3598 3631 3625 3601 3605 3634 3601 3634 3630 3607 3609 3637 3607 3637 3635 3616 3618 3645 3616 3645 3643 3620 3624 3647 3624 3651 3647 3622 3628 3655 3622 3655 3649 3626 3632 3659 3626 3659 3653 3629 3633 3662 3629 3662 3658 3636 3638 3665 3636 3665 3663 3644 3646 3673 3644 3673 3671 3648 3652 3676 3652 3680 3676 3650 3656 3683 3650 3683 3677 3654 3660 3687 3654 3687 3681 3657 3661 3690 3657 3690 3686 3664 3666 3693 3664 3693 3691 3672 3674 3701 3672 3701 3699 3675 3679 3703 3679 3707 3703 3678 3684 3711 3678 3711 3705 3682 3688 3715 3682 3715 3709 3685 3689 3718 3685 3718 3714 3692 3694 3721 3692 3721 3719 3700 3702 3729 3700 3729 3727 3704 3708 3731 3708 3735 3731 3706 3712 3739 3706 3739 3733 3710 3716 3743 3710 3743 3737 3713 3717 3746 3713 3746 3742 3720 3722 3749 3720 3749 3747 3728 3730 3757 3728 3757 3754 3732 3736 3760 3736 3764 3760 3734 3740 3767 3734 3767 3761 3738 3744 3771 3738 3771 3765 3741 3745 3774 3741 3774 3770 3748 3750 3777 3748 3777 3775 40 275 3587 40 3587 813 276 272 3592 276 3592 3588 271 268 3596 271 3596 3591 267 264 3595 264 3600 3595 263 259 3603 263 3603 3597 257 253 3606 257 3606 3602 254 249 3610 254 3610 3608 250 41 741 250 741 3611 3612 742 737 3612 737 3639 3640 738 732 3640 732 3667 3668 733 727 3668 727 3695 3696 728 722 3696 722 3723 3724 723 717 3724 717 3751 3752 718 712 3752 712 3779 3780 713 69 3780 69 495 3776 3778 494 3776 494 497 3769 3773 496 3769 496 498 3766 3772 499 3766 499 500 3762 3768 501 3762 501 502 3759 3763 503 3759 503 505 3755 3758 504 3755 504 506 843 3756 507 843 507 68 837 3726 3753 837 3753 841 831 3697 3725 831 3725 836 827 3670 3698 827 3698 832 821 3641 3669 821 3669 826 817 3614 3642 817 3642 822 811 3585 3613 811 3613 816 3781 3782 3788 3782 3789 3788 3782 3783 3789 3783 3790 3789 3783 3784 3790 3784 3791 3790 3784 3785 3791 3785 3792 3791 3785 3786 3792 3786 3793 3792 3786 3787 3794 3786 3794 3793 3788 3789 3795 3789 3796 3795 3789 3790 3797 3789 3797 3796 3790 3791 3797 3791 3798 3797 3791 3792 3798 3792 3799 3798 3792 3793 3800 3792 3800 3799 3793 3794 3801 3793 3801 3800 3795 3796 3802 3796 3803 3802 3796 3797 3803 3797 3804 3803 3797 3798 3804 3798 3805 3804 3798 3799 3805 3799 3806 3805 3799 3800 3806 3800 3807 3806 3800 3801 3807 3801 3808 3807 3802 3803 3809 3803 3810 3809 3803 3804 3810 3804 3811 3810 3804 3805 3811 3805 3812 3811 3805 3806 3812 3806 3813 3812 3806 3807 3813 3807 3814 3813 3807 3808 3814 3808 3815 3814 3809 3810 3817 3809 3817 3816 3810 3811 3818 3810 3818 3817 3811 3812 3819 3811 3819 3818 3812 3813 3820 3812 3820 3819 3813 3814 3821 3813 3821 3820 3814 3815 3822 3814 3822 3821 3816 3817 3824 3816 3824 3823 3817 3818 3825 3817 3825 3824 3818 3819 3826 3818 3826 3825 3819 3820 3827 3819 3827 3826 3820 3821 3828 3820 3828 3827 3821 3822 3829 3821 3829 3828 4 778 444 778 3781 444 778 779 3782 778 3782 3781 779 784 3783 779 3783 3782 784 793 3783 793 3784 3783 793 797 3784 797 3785 3784 797 800 3786 797 3786 3785 800 804 3786 804 3787 3786 804 50 591 804 591 3787 3787 591 3794 591 590 3794 3794 590 589 3794 589 3801 3801 589 3808 589 588 3808 3808 588 3815 588 587 3815 3815 587 586 3815 586 3822 3822 586 585 3822 585 3829 3829 585 747 585 61 747 3828 3829 747 3828 747 750 3827 3828 750 3827 750 754 3826 3827 754 3826 754 758 3825 3826 758 3825 758 762 3824 3825 762 3824 762 766 3823 3824 766 3823 766 770 426 3823 23 3823 770 23 429 3816 3823 429 3823 426 432 3809 3816 432 3816 429 434 3802 3809 434 3809 432 437 3795 3802 437 3802 434 440 3788 3795 440 3795 437 444 3781 3788 444 3788 440 3830 3831 3838 3830 3838 3837 3831 3832 3839 3831 3839 3838 3832 3833 3840 3832 3840 3839 3833 3834 3841 3833 3841 3840 3834 3835 3842 3834 3842 3841 3835 3836 3843 3835 3843 3842 3837 3838 3845 3837 3845 3844 3838 3839 3846 3838 3846 3845 3839 3840 3847 3839 3847 3846 3840 3841 3848 3840 3848 3847 3841 3842 3849 3841 3849 3848 3842 3843 3850 3842 3850 3849 3844 3845 3852 3844 3852 3851 3845 3846 3853 3845 3853 3852 3846 3847 3854 3846 3854 3853 3847 3848 3855 3847 3855 3854 3848 3849 3856 3848 3856 3855 3849 3850 3857 3849 3857 3856 3851 3852 3859 3851 3859 3858 3852 3853 3860 3852 3860 3859 3853 3854 3861 3853 3861 3860 3854 3855 3862 3854 3862 3861 3855 3856 3863 3855 3863 3862 3856 3857 3864 3856 3864 3863 3858 3859 3866 3858 3866 3865 3859 3860 3867 3859 3867 3866 3860 3861 3868 3860 3868 3867 3861 3862 3869 3861 3869 3868 3862 3863 3870 3862 3870 3869 3863 3864 3871 3863 3871 3870 3865 3866 3873 3865 3873 3872 3866 3867 3874 3866 3874 3873 3867 3868 3875 3867 3875 3874 3868 3869 3876 3868 3876 3875 3869 3870 3877 3869 3877 3876 3870 3871 3878 3870 3878 3877 32 182 3830 32 3830 709 182 186 3831 182 3831 3830 186 190 3831 190 3832 3831 190 194 3833 190 3833 3832 194 198 3834 194 3834 3833 198 202 3835 198 3835 3834 202 206 3836 202 3836 3835 206 47 745 206 745 3836 3836 745 736 3836 736 3843 3843 736 731 3843 731 3850 3850 731 726 3850 726 3857 3857 726 721 3857 721 3864 3864 721 716 3864 716 3871 3871 716 711 3871 711 3878 3878 711 70 3878 70 472 3877 3878 472 3877 472 471 3876 3877 471 3876 471 470 3875 3876 470 3875 470 469 3874 3875 469 3874 469 468 3873 3874 468 3873 468 467 3872 3873 467 3872 467 466 686 3872 466 686 466 65 690 3865 3872 690 3872 686 694 3858 3865 694 3865 690 698 3851 3858 698 3858 694 702 3844 3851 702 3851 698 706 3837 3844 706 3844 702 709 3830 3837 709 3837 706 3880 3885 3909 3885 3913 3909 3886 3888 3914 3888 3916 3914 3889 3892 3919 3889 3919 3917 3893 3897 3924 3893 3924 3920 3896 3900 3929 3896 3929 3923 3899 3904 3931 3899 3931 3927 3907 3912 3940 3907 3940 3935 3911 3915 3943 3911 3943 3939 3918 3922 3950 3918 3950 3946 3921 3925 3953 3921 3953 3949 3926 3930 3954 3930 3958 3954 3928 3932 3957 3932 3960 3957 3938 3941 3969 3938 3969 3966 3942 3945 3973 3942 3973 3970 3944 3948 3972 3948 3977 3972 3947 3952 3982 3947 3982 3976 3951 3956 3984 3951 3984 3980 3955 3959 3988 3955 3988 3983 3963 3968 3998 3963 3998 3993 3967 3971 3997 3971 4000 3997 3974 3978 4001 3978 4005 4001 3975 3979 4007 3975 4007 4003 3981 3985 4008 3985 4011 4008 3986 3989 4012 3989 4017 4012 3992 3995 4023 3992 4023 4020 3996 3999 4024 3999 4027 4024 4002 4006 4030 4006 4034 4030 4004 4010 4037 4004 4037 4033 4009 4014 4040 4009 4040 4036 4013 4018 4044 4013 4044 4039 4022 4026 4054 4022 4054 4050 4025 4029 4058 4025 4058 4053 4028 4032 4061 4028 4061 4056 4031 4035 4060 4035 4064 4060 4038 4041 4069 4038 4069 4066 4042 4046 4074 4042 4074 4070 14 374 849 374 3882 849 373 369 3883 373 3883 3879 370 366 3884 366 3887 3884 368 365 3890 365 3894 3890 364 360 3895 364 3895 3891 362 359 3898 359 3902 3898 358 356 3901 356 3906 3901 355 2 775 355 775 3903 3905 777 782 3905 782 3933 3934 783 788 3934 788 3962 3961 787 792 3961 792 3990 3987 789 794 3987 794 4015 4016 795 799 4016 799 4043 4045 801 807 4045 807 4073 4072 805 48 4072 48 551 4068 4071 550 4068 550 553 4065 4067 552 4065 552 555 4059 4063 554 4059 554 556 4057 4062 559 4062 557 559 4051 4055 560 4055 558 560 4047 4052 562 4052 561 562 884 4048 563 884 563 56 879 4021 4049 879 4049 885 868 3991 874 3991 4019 874 864 3964 870 3964 3994 870 861 3937 866 3937 3965 866 853 3908 858 3908 3936 858 846 3881 3910 846 3910 854 4076 4080 4108 4076 4108 4104 4079 4083 4111 4079 4111 4107 4084 4087 4115 4084 4115 4112 4088 4092 4121 4088 4121 4117 4091 4095 4124 4091 4124 4120 4097 4102 4126 4102 4130 4126 4105 4110 4138 4105 4138 4133 4109 4114 4142 4109 4142 4137 4113 4118 4144 4113 4144 4140 4116 4119 4147 4116 4147 4143 4122 4125 4149 4125 4153 4149 4123 4128 4151 4128 4155 4151 4131 4136 4162 4131 4162 4157 4135 4139 4165 4135 4165 4161 4141 4145 4169 4141 4169 4167 4146 4150 4171 4150 4174 4171 4148 4152 4178 4148 4178 4173 4151 4155 4182 4151 4182 4177 4158 4164 4190 4158 4190 4185 4163 4166 4193 4163 4193 4189 4168 4170 4199 4168 4199 4195 4172 4176 4204 4172 4204 4200 4175 4180 4203 4180 4208 4203 4179 4184 4207 4184 4212 4207 4188 4192 4220 4188 4220 4216 4191 4196 4219 4196 4224 4219 4194 4197 4226 4194 4226 4223 4198 4202 4230 4198 4230 4227 4201 4206 4235 4201 4235 4229 4205 4209 4239 4205 4239 4234 4213 4217 4246 4213 4246 4241 4218 4222 4251 4218 4251 4247 4221 4225 4249 4225 4253 4249 4228 4231 4254 4231 4257 4254 4232 4236 4264 4232 4264 4260 4233 4238 4266 4233 4266 4261 19 297 646 297 4078 646 296 294 4082 296 4082 4077 293 290 4085 293 4085 4081 291 287 4089 291 4089 4086 288 284 4093 288 4093 4090 285 282 4098 285 4098 4094 281 279 4096 279 4101 4096 278 11 847 278 847 4100 4099 844 4127 844 850 4127 4129 855 4156 855 859 4156 4154 857 4181 857 863 4181 4183 867 4211 867 873 4211 4210 871 4240 871 876 4240 4237 875 880 4237 880 4265 4267 881 54 4267 54 508 4262 4268 509 4262 509 510 4258 4263 511 4258 511 512 4256 4259 513 4256 513 515 4252 4255 514 4252 514 517 4245 4250 518 4250 516 518 4243 4248 520 4248 519 520 680 4244 521 680 521 57 671 4214 4242 671 4242 677 670 4187 676 4187 4215 676 661 4159 665 4159 4186 665 657 4132 664 4132 4160 664 652 4106 4134 652 4134 658 643 4075 4103 643 4103 649 4269 4270 4277 4269 4277 4276 4270 4271 4278 4270 4278 4277 4271 4272 4279 4271 4279 4278 4272 4273 4280 4272 4280 4279 4273 4274 4281 4273 4281 4280 4274 4275 4282 4274 4282 4281 4276 4277 4284 4276 4284 4283 4277 4278 4285 4277 4285 4284 4278 4279 4286 4278 4286 4285 4279 4280 4287 4279 4287 4286 4280 4281 4288 4280 4288 4287 4281 4282 4289 4281 4289 4288 4283 4284 4291 4283 4291 4290 4284 4285 4292 4284 4292 4291 4285 4286 4293 4285 4293 4292 4286 4287 4294 4286 4294 4293 4287 4288 4295 4287 4295 4294 4288 4289 4296 4288 4296 4295 4290 4291 4298 4290 4298 4297 4291 4292 4299 4291 4299 4298 4292 4293 4300 4292 4300 4299 4293 4294 4301 4293 4301 4300 4294 4295 4302 4294 4302 4301 4295 4296 4303 4295 4303 4302 4297 4298 4305 4297 4305 4304 4298 4299 4306 4298 4306 4305 4299 4300 4307 4299 4307 4306 4300 4301 4308 4300 4308 4307 4301 4302 4309 4301 4309 4308 4302 4303 4310 4302 4310 4309 4304 4305 4312 4304 4312 4311 4305 4306 4313 4305 4313 4312 4306 4307 4314 4306 4314 4313 4307 4308 4314 4308 4315 4314 4308 4309 4316 4308 4316 4315 4309 4310 4317 4309 4317 4316 78 914 4269 78 4269 1263 914 915 4270 914 4270 4269 915 917 4271 915 4271 4270 917 918 4272 917 4272 4271 918 919 4273 918 4273 4272 919 920 4274 919 4274 4273 920 921 4275 920 4275 4274 921 80 1236 921 1236 4275 4275 1236 1238 4275 1238 4282 4282 1238 1240 4282 1240 4289 4289 1240 1242 4289 1242 4296 4296 1242 1244 4296 1244 4303 4303 1244 1246 4303 1246 4310 4310 1246 1248 4310 1248 4317 4317 1248 101 4317 101 1184 4316 4317 1184 4316 1184 1183 4315 4316 1183 4315 1183 1182 4314 4315 1182 4314 1182 1181 4313 4314 1181 4313 1181 1180 4312 4313 1180 4312 1180 1179 4311 4312 1179 4311 1179 1177 1251 4311 1177 1251 1177 100 1253 4304 4311 1253 4311 1251 1255 4297 4304 1255 4304 1253 1257 4290 4297 1257 4297 1255 1259 4283 4290 1259 4290 1257 1261 4276 4283 1261 4283 1259 1263 4269 4276 1263 4276 1261 4318 4319 4326 4318 4326 4325 4319 4320 4327 4319 4327 4326 4320 4321 4328 4320 4328 4327 4321 4322 4329 4321 4329 4328 4322 4323 4330 4322 4330 4329 4323 4324 4331 4323 4331 4330 4325 4326 4333 4325 4333 4332 4326 4327 4334 4326 4334 4333 4327 4328 4335 4327 4335 4334 4328 4329 4336 4328 4336 4335 4329 4330 4337 4329 4337 4336 4330 4331 4338 4330 4338 4337 4332 4333 4340 4332 4340 4339 4333 4334 4341 4333 4341 4340 4334 4335 4342 4334 4342 4341 4335 4336 4343 4335 4343 4342 4336 4337 4344 4336 4344 4343 4337 4338 4345 4337 4345 4344 4339 4340 4347 4339 4347 4346 4340 4341 4348 4340 4348 4347 4341 4342 4349 4341 4349 4348 4342 4343 4350 4342 4350 4349 4343 4344 4351 4343 4351 4350 4344 4345 4352 4344 4352 4351 4346 4347 4354 4346 4354 4353 4347 4348 4355 4347 4355 4354 4348 4349 4356 4348 4356 4355 4349 4350 4357 4349 4357 4356 4350 4351 4358 4350 4358 4357 4351 4352 4359 4351 4359 4358 4353 4354 4361 4353 4361 4360 4354 4355 4362 4354 4362 4361 4355 4356 4363 4355 4363 4362 4356 4357 4364 4356 4364 4363 4357 4358 4365 4357 4365 4364 4358 4359 4366 4358 4366 4365 37 405 4318 37 4318 1010 405 408 4319 405 4319 4318 408 411 4320 408 4320 4319 411 412 4321 411 4321 4320 412 416 4322 412 4322 4321 416 419 4323 416 4323 4322 419 422 4324 419 4324 4323 422 22 984 422 984 4324 4324 984 986 4324 986 4331 4331 986 988 4331 988 4338 4338 988 990 4338 990 4345 4345 990 992 4345 992 4352 4352 992 994 4352 994 4359 4359 994 996 4359 996 4366 4366 996 83 4366 83 940 4365 4366 940 4365 940 939 4364 4365 939 4364 939 936 4363 4364 936 4363 936 935 4362 4363 935 4362 935 934 4361 4362 934 4361 934 932 4360 4361 932 4360 932 930 998 4360 930 998 930 81 1000 4353 4360 1000 4360 998 1002 4346 4353 1002 4353 1000 1004 4339 4346 1004 4346 1002 1006 4332 4339 1006 4339 1004 1008 4325 4332 1008 4332 1006 1010 4318 4325 1010 4325 1008 4367 4368 4375 4367 4375 4374 4368 4369 4376 4368 4376 4375 4369 4370 4377 4369 4377 4376 4370 4371 4378 4370 4378 4377 4371 4372 4379 4371 4379 4378 4372 4373 4380 4372 4380 4379 4374 4375 4382 4374 4382 4381 4375 4376 4383 4375 4383 4382 4376 4377 4384 4376 4384 4383 4377 4378 4385 4377 4385 4384 4378 4379 4386 4378 4386 4385 4379 4380 4387 4379 4387 4386 4381 4382 4389 4381 4389 4388 4382 4383 4390 4382 4390 4389 4383 4384 4391 4383 4391 4390 4384 4385 4392 4384 4392 4391 4385 4386 4393 4385 4393 4392 4386 4387 4394 4386 4394 4393 4388 4389 4396 4388 4396 4395 4389 4390 4397 4389 4397 4396 4390 4391 4398 4390 4398 4397 4391 4392 4399 4391 4399 4398 4392 4393 4400 4392 4400 4399 4393 4394 4401 4393 4401 4400 4395 4396 4403 4395 4403 4402 4396 4397 4404 4396 4404 4403 4397 4398 4405 4397 4405 4404 4398 4399 4406 4398 4406 4405 4399 4400 4407 4399 4407 4406 4400 4401 4408 4400 4408 4407 4402 4403 4410 4402 4410 4409 4403 4404 4411 4403 4411 4410 4404 4405 4412 4404 4412 4411 4405 4406 4413 4405 4413 4412 4406 4407 4414 4406 4414 4413 4407 4408 4415 4407 4415 4414 21 298 4367 21 4367 983 298 302 4368 298 4368 4367 302 306 4369 302 4369 4368 306 310 4370 306 4370 4369 310 314 4371 310 4371 4370 314 318 4372 314 4372 4371 318 322 4373 318 4373 4372 322 30 980 322 980 4373 4373 980 978 4373 978 4380 4380 978 974 4380 974 4387 4387 974 971 4387 971 4394 4394 971 968 4394 968 4401 4401 968 965 4401 965 4408 4408 965 963 4408 963 4415 4415 963 74 4415 74 929 4414 4415 929 4414 929 927 4413 4414 927 4413 927 926 4412 4413 926 4412 926 925 4411 4412 925 4411 925 924 4410 4411 924 4410 924 923 4409 4410 923 4409 923 922 995 4409 922 995 922 82 993 4402 4409 993 4409 995 991 4395 4402 991 4402 993 989 4388 4395 989 4395 991 987 4381 4388 987 4388 989 985 4374 4381 985 4381 987 983 4367 4374 983 4374 985 4416 4417 4424 4416 4424 4423 4417 4418 4425 4417 4425 4424 4418 4419 4426 4418 4426 4425 4419 4420 4427 4419 4427 4426 4420 4421 4428 4420 4428 4427 4421 4422 4429 4421 4429 4428 4423 4424 4431 4423 4431 4430 4424 4425 4432 4424 4432 4431 4425 4426 4433 4425 4433 4432 4426 4427 4434 4426 4434 4433 4427 4428 4435 4427 4435 4434 4428 4429 4436 4428 4436 4435 4430 4431 4438 4430 4438 4437 4431 4432 4439 4431 4439 4438 4432 4433 4440 4432 4440 4439 4433 4434 4441 4433 4441 4440 4434 4435 4442 4434 4442 4441 4435 4436 4443 4435 4443 4442 4437 4438 4445 4437 4445 4444 4438 4439 4446 4438 4446 4445 4439 4440 4447 4439 4447 4446 4440 4441 4448 4440 4448 4447 4441 4442 4449 4441 4449 4448 4442 4443 4450 4442 4450 4449 4444 4445 4452 4444 4452 4451 4445 4446 4453 4445 4453 4452 4446 4447 4454 4446 4454 4453 4447 4448 4455 4447 4455 4454 4448 4449 4456 4448 4456 4455 4449 4450 4457 4449 4457 4456 4451 4452 4459 4451 4459 4458 4452 4453 4460 4452 4460 4459 4453 4454 4461 4453 4461 4460 4454 4455 4462 4454 4462 4461 4455 4456 4463 4455 4463 4462 4456 4457 4464 4456 4464 4463 46 252 4416 46 4416 942 252 256 4417 252 4417 4416 256 260 4418 256 4418 4417 260 262 4419 260 4419 4418 262 265 4420 262 4420 4419 265 269 4421 265 4421 4420 269 273 4422 269 4422 4421 273 36 1009 273 1009 4422 4422 1009 1007 4422 1007 4429 4429 1007 1005 4429 1005 4436 4436 1005 1003 4436 1003 4443 4443 1003 1001 4443 1001 4450 4450 1001 999 4450 999 4457 4457 999 997 4457 997 4464 4464 997 80 4464 80 921 4463 4464 921 4463 921 920 4462 4463 920 4462 920 919 4461 4462 919 4461 919 918 4460 4461 918 4460 918 917 4459 4460 917 4459 917 916 4458 4459 916 4458 916 914 959 4458 914 959 914 78 957 4451 4458 957 4458 959 954 4444 4451 954 4451 957 951 4437 4444 951 4444 954 948 4430 4437 948 4437 951 945 4423 4430 945 4430 948 942 4416 4423 942 4423 945 4468 4471 4498 4468 4498 4496 4472 4475 4503 4472 4503 4500 4476 4480 4508 4476 4508 4504 4479 4484 4512 4479 4512 4507 4483 4488 4516 4483 4516 4510 4486 4492 4519 4486 4519 4513 4495 4497 4525 4495 4525 4523 4499 4501 4529 4499 4529 4527 4502 4505 4533 4502 4533 4531 4506 4511 4538 4506 4538 4534 4509 4515 4543 4509 4543 4537 4514 4520 4547 4514 4547 4541 4524 4526 4554 4524 4554 4552 4528 4530 4558 4528 4558 4556 4532 4535 4563 4532 4563 4560 4536 4540 4568 4536 4568 4564 4539 4544 4572 4539 4572 4567 4542 4548 4576 4542 4576 4570 4551 4553 4582 4551 4582 4580 4555 4557 4585 4555 4585 4583 4559 4561 4589 4559 4589 4587 4562 4566 4595 4562 4595 4590 4565 4571 4600 4565 4600 4594 4569 4575 4604 4569 4604 4598 4579 4581 4609 4579 4609 4607 4584 4586 4613 4584 4613 4611 4588 4591 4618 4588 4618 4615 4592 4596 4624 4592 4624 4620 4593 4599 4628 4593 4628 4623 4597 4603 4632 4597 4632 4627 4608 4610 4638 4608 4638 4636 4612 4614 4642 4612 4642 4640 4616 4619 4647 4616 4647 4643 4617 4622 4652 4617 4652 4646 4621 4626 4656 4621 4656 4650 4625 4631 4660 4625 4660 4654 91 1039 4465 91 4465 1037 1041 1042 4469 1041 4469 4467 1044 1046 4473 1044 4473 4470 1047 1049 4477 1047 4477 4474 1050 1052 4482 1050 4482 4478 1051 1055 4487 1051 4487 4481 1054 1058 4491 1054 4491 4485 1057 92 1090 1057 1090 4490 4489 1089 1092 4489 1092 4517 4518 1093 1095 4518 1095 4545 4546 1096 1098 4546 1098 4573 4574 1099 1102 4574 1102 4602 4601 1101 1105 4601 1105 4630 4629 1104 1108 4629 1108 4659 4657 1107 97 4657 97 1061 4653 4658 1063 4653 1063 1065 4649 4655 1066 4649 1066 1068 4645 4651 1070 4645 1070 1072 4644 4648 1074 4644 1074 1078 4639 4641 1076 4639 1076 1082 4635 4637 1080 4635 1080 1086 1013 4633 1084 1013 1084 86 1016 4605 4634 1016 4634 1014 1021 4577 4606 1021 4606 1018 1025 4549 4578 1025 4578 1022 1030 4522 4550 1030 4550 1026 1033 4493 4521 1033 4521 1029 1038 4466 4494 1038 4494 1034 4664 4668 4696 4664 4696 4692 4667 4670 4699 4667 4699 4695 4671 4673 4703 4671 4703 4700 4674 4679 4708 4674 4708 4704 4677 4682 4709 4677 4709 4705 4684 4686 4714 4684 4714 4712 4691 4693 4722 4691 4722 4720 4694 4698 4727 4694 4727 4723 4697 4702 4732 4697 4732 4726 4701 4707 4736 4701 4736 4731 4706 4710 4738 4706 4738 4734 4711 4713 4742 4711 4742 4740 4717 4721 4749 4717 4749 4745 4724 4728 4754 4724 4754 4751 4725 4729 4757 4725 4757 4753 4730 4733 4762 4730 4762 4758 4735 4739 4767 4735 4767 4763 4737 4741 4769 4737 4769 4765 4746 4750 4777 4746 4777 4773 4752 4755 4782 4752 4782 4780 4756 4760 4787 4756 4787 4783 4759 4764 4791 4759 4791 4785 4761 4766 4794 4761 4794 4789 4768 4770 4798 4768 4798 4796 4774 4778 4805 4774 4805 4801 4779 4781 4809 4779 4809 4807 4784 4788 4814 4784 4814 4811 4786 4792 4819 4786 4819 4813 4790 4795 4823 4790 4823 4817 4793 4797 4825 4793 4825 4821 4802 4806 4834 4802 4834 4829 4808 4810 4838 4808 4838 4836 4812 4816 4843 4812 4843 4840 4815 4820 4846 4815 4846 4842 4818 4824 4850 4818 4850 4845 4822 4826 4853 4822 4853 4849 73 1137 4662 73 4662 1411 1138 1142 4665 1138 4665 4663 1143 1146 4669 1143 4669 4666 1148 1151 4676 1148 4676 4672 1149 1155 4680 1149 4680 4675 1154 1159 4683 1154 4683 4678 1157 1161 4685 1157 4685 4681 1164 85 1363 1164 1363 4687 4688 1364 1367 4688 1367 4715 4716 1368 1372 4716 1372 4744 4743 1371 1376 4743 1376 4772 4771 1375 1380 4771 1380 4800 4799 1379 1385 4799 1385 4828 4827 1383 1387 4827 1387 4854 4855 1389 119 4855 119 1352 4851 4856 1353 4851 1353 1348 4848 4852 1351 4848 1351 1347 4844 4847 1346 4844 1346 1343 4839 4841 1341 4839 1341 1339 4833 4837 1336 4833 1336 1332 4830 4835 1334 4830 1334 1328 1392 4832 1330 1392 1330 113 1395 4804 4831 1395 4831 1391 1398 4776 4803 1398 4803 1394 1401 4748 4775 1401 4775 1397 1404 4719 4747 1404 4747 1400 1407 4690 4718 1407 4718 1403 1409 4661 4689 1409 4689 1406 4860 4864 4892 4860 4892 4888 4861 4865 4893 4861 4893 4889 4867 4871 4898 4867 4898 4894 4872 4875 4903 4872 4903 4900 4876 4880 4908 4876 4908 4904 4879 4884 4911 4879 4911 4907 4886 4891 4919 4886 4919 4914 4890 4896 4923 4890 4923 4918 4895 4899 4926 4895 4926 4922 4897 4902 4930 4897 4930 4925 4901 4905 4933 4901 4933 4929 4906 4910 4939 4906 4939 4936 4915 4920 4947 4915 4947 4941 4917 4921 4951 4917 4951 4946 4924 4927 4955 4924 4955 4952 4928 4932 4960 4928 4960 4956 4931 4935 4964 4931 4964 4959 4934 4938 4967 4934 4967 4961 4942 4948 4976 4942 4976 4971 4945 4949 4977 4945 4977 4973 4950 4953 4981 4950 4981 4978 4954 4957 4985 4954 4985 4982 4958 4962 4991 4958 4991 4987 4963 4968 4995 4963 4995 4992 4969 4974 5002 4969 5002 4998 4975 4979 5005 4975 5005 5003 4980 4983 5009 4980 5009 5006 4984 4988 5014 4984 5014 5010 4986 4990 5018 4986 5018 5013 4989 4993 5021 4989 5021 5017 4997 5001 5029 4997 5029 5025 5004 5007 5033 5004 5033 5031 5008 5012 5038 5008 5038 5034 5011 5016 5042 5011 5042 5037 5015 5019 5045 5015 5045 5041 5020 5024 5050 5020 5050 5046 75 889 4858 75 4858 1139 888 892 4863 888 4863 4857 891 895 4868 891 4868 4862 894 899 4870 894 4870 4866 898 903 4874 898 4874 4869 902 906 4877 902 4877 4873 907 910 4881 907 4881 4878 911 76 1135 911 1135 4882 4883 1136 1131 4883 1131 4909 4912 1133 1130 4912 1130 4940 4937 1128 1125 4937 1125 4965 4966 1126 1122 4966 1122 4994 4996 1123 1119 4996 1119 5022 5023 1120 1116 5023 1116 5049 5051 1118 88 5051 88 1035 5048 5052 1036 5048 1036 1032 5043 5047 1031 5043 1031 1027 5039 5044 1028 5039 1028 1023 5036 5040 1024 5036 1024 1020 5032 5035 1019 5032 1019 1017 5028 5030 1015 5028 1015 1012 1163 5027 1011 1163 1011 84 1160 5000 5026 1160 5026 1162 1153 4970 4999 1153 4999 1158 1152 4944 4972 1152 4972 1156 1147 4916 4943 1147 4943 1150 1141 4885 4913 1141 4913 1145 1140 4859 4887 1140 4887 1144 5053 5054 5061 5053 5061 5060 5054 5055 5062 5054 5062 5061 5055 5056 5063 5055 5063 5062 5056 5057 5064 5056 5064 5063 5057 5058 5065 5057 5065 5064 5058 5059 5066 5058 5066 5065 5060 5061 5068 5060 5068 5067 5061 5062 5069 5061 5069 5068 5062 5063 5070 5062 5070 5069 5063 5064 5071 5063 5071 5070 5064 5065 5072 5064 5072 5071 5065 5066 5073 5065 5073 5072 5067 5068 5075 5067 5075 5074 5068 5069 5076 5068 5076 5075 5069 5070 5077 5069 5077 5076 5070 5071 5078 5070 5078 5077 5071 5072 5079 5071 5079 5078 5072 5073 5080 5072 5080 5079 5074 5075 5082 5074 5082 5081 5075 5076 5083 5075 5083 5082 5076 5077 5084 5076 5084 5083 5077 5078 5085 5077 5085 5084 5078 5079 5086 5078 5086 5085 5079 5080 5087 5079 5087 5086 5081 5082 5089 5081 5089 5088 5082 5083 5090 5082 5090 5089 5083 5084 5091 5083 5091 5090 5084 5085 5092 5084 5092 5091 5085 5086 5093 5085 5093 5092 5086 5087 5094 5086 5094 5093 5088 5089 5096 5088 5096 5095 5089 5090 5097 5089 5097 5096 5090 5091 5098 5090 5098 5097 5091 5092 5099 5091 5099 5098 5092 5093 5100 5092 5100 5099 5093 5094 5101 5093 5101 5100 81 931 5053 81 5053 1109 931 933 5054 931 5054 5053 933 934 5055 933 5055 5054 934 935 5056 934 5056 5055 935 937 5057 935 5057 5056 937 938 5058 937 5058 5057 938 940 5059 938 5059 5058 940 83 1176 940 1176 5059 5059 1176 1174 5059 1174 5066 5066 1174 1172 5066 1172 5073 5073 1172 1170 5073 1170 5080 5080 1170 1169 5080 1169 5087 5087 1169 1168 5087 1168 5094 5094 1168 1165 5094 1165 5101 5101 1165 96 5101 96 1106 5100 5101 1106 5100 1106 1103 5099 5100 1103 5099 1103 1100 5098 5099 1100 5098 1100 1097 5097 5098 1097 5097 1097 1094 5096 5097 1094 5096 1094 1091 5095 5096 1091 5095 1091 1088 1115 5095 1088 1115 1088 94 1114 5088 5095 1114 5095 1115 1113 5081 5088 1113 5088 1114 1112 5074 5081 1112 5081 1113 1111 5067 5074 1111 5074 1112 1110 5060 5067 1110 5067 1111 1109 5053 5060 1109 5060 1110 5102 5103 5110 5102 5110 5109 5103 5104 5111 5103 5111 5110 5104 5105 5112 5104 5112 5111 5105 5106 5113 5105 5113 5112 5106 5107 5114 5106 5114 5113 5107 5108 5115 5107 5115 5114 5109 5110 5117 5109 5117 5116 5110 5111 5118 5110 5118 5117 5111 5112 5119 5111 5119 5118 5112 5113 5120 5112 5120 5119 5113 5114 5121 5113 5121 5120 5114 5115 5122 5114 5122 5121 5116 5117 5124 5116 5124 5123 5117 5118 5125 5117 5125 5124 5118 5119 5126 5118 5126 5125 5119 5120 5127 5119 5127 5126 5120 5121 5128 5120 5128 5127 5121 5122 5129 5121 5129 5128 5123 5124 5131 5123 5131 5130 5124 5125 5132 5124 5132 5131 5125 5126 5133 5125 5133 5132 5126 5127 5134 5126 5134 5133 5127 5128 5135 5127 5135 5134 5128 5129 5136 5128 5136 5135 5130 5131 5138 5130 5138 5137 5131 5132 5139 5131 5139 5138 5132 5133 5140 5132 5140 5139 5133 5134 5141 5133 5141 5140 5134 5135 5142 5134 5142 5141 5135 5136 5143 5135 5143 5142 5137 5138 5145 5137 5145 5144 5138 5139 5146 5138 5146 5145 5139 5140 5147 5139 5147 5146 5140 5141 5148 5140 5148 5147 5141 5142 5149 5141 5149 5148 5142 5143 5150 5142 5150 5149 102 1206 5102 102 5102 1687 1206 1208 5103 1206 5103 5102 1208 1209 5104 1208 5104 5103 1209 1210 5105 1209 5105 5104 1210 1211 5106 1210 5106 5105 1211 1212 5107 1211 5107 5106 1212 1214 5108 1212 5108 5107 1214 109 1672 1214 1672 5108 5108 1672 1674 5108 1674 5115 5115 1674 1676 5115 1676 5122 5122 1676 1677 5122 1677 5129 5129 1677 1678 5129 1678 5136 5136 1678 1679 5136 1679 5143 5143 1679 1680 5143 1680 5150 5150 1680 150 5150 150 1650 5149 5150 1650 5149 1650 1648 5148 5149 1648 5148 1648 1646 5147 5148 1646 5147 1646 1644 5146 5147 1644 5146 1644 1642 5145 5146 1642 5145 1642 1640 5144 5145 1640 5144 1640 1638 1681 5144 1638 1681 1638 142 1682 5137 5144 1682 5144 1681 1683 5130 5137 1683 5137 1682 1684 5123 5130 1684 5130 1683 1685 5116 5123 1685 5123 1684 1686 5109 5116 1686 5116 1685 1687 5102 5109 1687 5109 1686 5151 5152 5159 5151 5159 5158 5152 5153 5160 5152 5160 5159 5153 5154 5161 5153 5161 5160 5154 5155 5162 5154 5162 5161 5155 5156 5163 5155 5163 5162 5156 5157 5164 5156 5164 5163 5158 5159 5166 5158 5166 5165 5159 5160 5167 5159 5167 5166 5160 5161 5168 5160 5168 5167 5161 5162 5169 5161 5169 5168 5162 5163 5170 5162 5170 5169 5163 5164 5171 5163 5171 5170 5165 5166 5173 5165 5173 5172 5166 5167 5174 5166 5174 5173 5167 5168 5175 5167 5175 5174 5168 5169 5176 5168 5176 5175 5169 5170 5177 5169 5177 5176 5170 5171 5178 5170 5178 5177 5172 5173 5180 5172 5180 5179 5173 5174 5181 5173 5181 5180 5174 5175 5182 5174 5182 5181 5175 5176 5183 5175 5183 5182 5176 5177 5184 5176 5184 5183 5177 5178 5185 5177 5185 5184 5179 5180 5187 5179 5187 5186 5180 5181 5188 5180 5188 5187 5181 5182 5189 5181 5189 5188 5182 5183 5190 5182 5190 5189 5183 5184 5191 5183 5191 5190 5184 5185 5192 5184 5192 5191 5186 5187 5194 5186 5194 5193 5187 5188 5195 5187 5195 5194 5188 5189 5196 5188 5196 5195 5189 5190 5197 5189 5197 5196 5190 5191 5198 5190 5198 5197 5191 5192 5199 5191 5199 5198 81 1109 5151 81 5151 1237 1109 1110 5152 1109 5152 5151 1110 1111 5153 1110 5153 5152 1111 1112 5154 1111 5154 5153 1112 1113 5155 1112 5155 5154 1113 1114 5156 1113 5156 5155 1114 1115 5157 1114 5157 5156 1115 94 1265 1115 1265 5157 5157 1265 1267 5157 1267 5164 5164 1267 1269 5164 1269 5171 5171 1269 1271 5171 1271 5178 5178 1271 1273 5178 1273 5185 5185 1273 1275 5185 1275 5192 5192 1275 1277 5192 1277 5199 5199 1277 1214 1277 109 1214 5198 5199 1214 5198 1214 1213 5197 5198 1213 5197 1213 1211 5196 5197 1211 5196 1211 1210 5195 5196 1210 5195 1210 1209 5194 5195 1209 5194 1209 1207 5193 5194 1207 5193 1207 1206 1249 5193 1206 1249 1206 102 1247 5186 5193 1247 5193 1249 1245 5179 5186 1245 5186 1247 1243 5172 5179 1243 5179 1245 1241 5165 5172 1241 5172 1243 1239 5158 5165 1239 5165 1241 1237 5151 5158 1237 5158 1239 5200 5201 5208 5200 5208 5207 5201 5202 5209 5201 5209 5208 5202 5203 5210 5202 5210 5209 5203 5204 5211 5203 5211 5210 5204 5205 5212 5204 5212 5211 5205 5206 5213 5205 5213 5212 5207 5208 5215 5207 5215 5214 5208 5209 5216 5208 5216 5215 5209 5210 5217 5209 5217 5216 5210 5211 5218 5210 5218 5217 5211 5212 5219 5211 5219 5218 5212 5213 5220 5212 5220 5219 5214 5215 5222 5214 5222 5221 5215 5216 5223 5215 5223 5222 5216 5217 5224 5216 5224 5223 5217 5218 5225 5217 5225 5224 5218 5219 5226 5218 5226 5225 5219 5220 5227 5219 5227 5226 5221 5222 5229 5221 5229 5228 5222 5223 5230 5222 5230 5229 5223 5224 5231 5223 5231 5230 5224 5225 5232 5224 5232 5231 5225 5226 5233 5225 5233 5232 5226 5227 5234 5226 5234 5233 5228 5229 5236 5228 5236 5235 5229 5230 5237 5229 5237 5236 5230 5231 5238 5230 5238 5237 5231 5232 5239 5231 5239 5238 5232 5233 5240 5232 5240 5239 5233 5234 5241 5233 5241 5240 5235 5236 5243 5235 5243 5242 5236 5237 5244 5236 5244 5243 5237 5238 5245 5237 5245 5244 5238 5239 5246 5238 5246 5245 5239 5240 5247 5239 5247 5246 5240 5241 5248 5240 5248 5247 89 1117 5200 89 5200 1290 1117 1121 5201 1117 5201 5200 1121 1124 5202 1121 5202 5201 1124 1127 5203 1124 5203 5202 1127 1129 5204 1127 5204 5203 1129 1132 5205 1129 5205 5204 1132 1134 5206 1132 5206 5205 1134 77 1262 1134 1262 5206 5206 1262 1260 5206 1260 5213 5213 1260 1258 5213 1258 5220 5220 1258 1256 5220 1256 5227 5227 1256 1254 5227 1254 5234 5234 1254 1252 5234 1252 5241 5241 1252 1250 5241 1250 5248 5248 1250 99 5248 99 1233 5247 5248 1233 5247 1233 1231 5246 5247 1231 5246 1231 1228 5245 5246 1228 5245 1228 1226 5244 5245 1226 5244 1226 1223 5243 5244 1223 5243 1223 1220 5242 5243 1220 5242 1220 1217 1278 5242 1217 1278 1217 106 1280 5235 5242 1280 5242 1278 1282 5228 5235 1282 5235 1280 1284 5221 5228 1284 5228 1282 1286 5214 5221 1286 5221 1284 1288 5207 5214 1288 5214 1286 1290 5200 5207 1290 5207 1288 5249 5250 5257 5249 5257 5256 5250 5251 5258 5250 5258 5257 5251 5252 5259 5251 5259 5258 5252 5253 5260 5252 5260 5259 5253 5254 5261 5253 5261 5260 5254 5255 5262 5254 5262 5261 5256 5257 5264 5256 5264 5263 5257 5258 5265 5257 5265 5264 5258 5259 5266 5258 5266 5265 5259 5260 5267 5259 5267 5266 5260 5261 5268 5260 5268 5267 5261 5262 5269 5261 5269 5268 5263 5264 5271 5263 5271 5270 5264 5265 5272 5264 5272 5271 5265 5266 5273 5265 5273 5272 5266 5267 5274 5266 5274 5273 5267 5268 5275 5267 5275 5274 5268 5269 5276 5268 5276 5275 5270 5271 5278 5270 5278 5277 5271 5272 5279 5271 5279 5278 5272 5273 5280 5272 5280 5279 5273 5274 5281 5273 5281 5280 5274 5275 5282 5274 5282 5281 5275 5276 5283 5275 5283 5282 5277 5278 5285 5277 5285 5284 5278 5279 5286 5278 5286 5285 5279 5280 5287 5279 5287 5286 5280 5281 5288 5280 5288 5287 5281 5282 5289 5281 5289 5288 5282 5283 5290 5282 5290 5289 5284 5285 5292 5284 5292 5291 5285 5286 5293 5285 5293 5292 5286 5287 5294 5286 5294 5293 5287 5288 5295 5287 5295 5294 5288 5289 5296 5288 5296 5295 5289 5290 5297 5289 5297 5296 93 1059 5249 93 5249 1264 1059 1056 5250 1059 5250 5249 1056 1053 5251 1056 5251 5250 1053 1048 5252 1053 5252 5251 1048 1045 5253 1048 5253 5252 1045 1043 5254 1045 5254 5253 1043 1040 5255 1043 5255 5254 1040 90 1291 1040 1291 5255 5255 1291 1289 5255 1289 5262 5262 1289 1287 5262 1287 5269 5269 1287 1285 5269 1285 5276 5276 1285 1283 5276 1283 5283 5283 1283 1281 5283 1281 5290 5290 1281 1279 5290 1279 5297 5297 1279 107 5297 107 1186 5296 5297 1186 5296 1186 1189 5295 5296 1189 5295 1189 1191 5294 5295 1191 5294 1191 1194 5293 5294 1194 5293 1194 1197 5292 5293 1197 5292 1197 1200 5291 5292 1200 5291 1200 1203 1276 5291 1203 1276 1203 108 1274 5284 5291 1274 5291 1276 1272 5277 5284 1272 5284 1274 1270 5270 5277 1270 5277 1272 1268 5263 5270 1268 5270 1270 1266 5256 5263 1266 5263 1268 1264 5249 5256 1264 5256 1266 5301 5303 5330 5301 5330 5328 5305 5307 5336 5305 5336 5333 5308 5312 5340 5308 5340 5337 5311 5317 5343 5311 5343 5339 5315 5321 5347 5315 5347 5342 5318 5323 5352 5318 5352 5346 5329 5331 5358 5329 5358 5355 5332 5334 5363 5332 5363 5359 5335 5338 5368 5335 5368 5364 5341 5344 5372 5341 5372 5369 5345 5349 5377 5345 5377 5373 5348 5353 5380 5348 5380 5374 5357 5361 5389 5357 5389 5385 5360 5365 5391 5360 5391 5386 5362 5367 5395 5362 5395 5390 5366 5370 5398 5366 5398 5394 5371 5375 5403 5371 5403 5401 5376 5381 5408 5376 5408 5404 5384 5387 5416 5384 5416 5413 5388 5392 5419 5388 5419 5417 5393 5397 5425 5393 5425 5421 5396 5400 5428 5396 5428 5422 5399 5402 5431 5399 5431 5427 5405 5409 5437 5405 5437 5433 5411 5414 5442 5411 5442 5439 5415 5418 5446 5415 5446 5443 5420 5424 5451 5420 5451 5448 5423 5429 5456 5423 5456 5450 5426 5430 5458 5426 5458 5454 5432 5436 5463 5432 5463 5460 5440 5445 5472 5440 5472 5466 5444 5447 5476 5444 5476 5471 5449 5453 5481 5449 5481 5477 5452 5457 5485 5452 5485 5480 5455 5459 5487 5455 5487 5484 5461 5464 5492 5461 5492 5489 122 1326 5298 122 5298 1565 1327 1321 5302 1327 5302 5300 1323 1318 5306 1323 5306 5304 1319 1315 5313 1319 5313 5309 1314 1311 5316 1314 5316 5310 1309 1307 5320 1309 5320 5314 1306 1302 5324 1306 5324 5319 1303 118 1520 1303 1520 5325 5322 1519 1523 5322 1523 5351 5350 1522 1526 5350 1526 5379 5378 1525 1528 5378 1528 5406 5407 1529 1531 5407 1531 5434 5435 1532 1534 5435 1534 5462 5465 1535 1538 5465 1538 5493 5491 1537 132 5491 132 1457 5488 5490 1456 5488 1456 1460 5483 5486 1459 5483 1459 1463 5478 5482 1462 5478 1462 1465 5475 5479 1466 5475 1466 1469 5470 5474 1468 5470 1468 1471 5469 5473 1472 5469 1472 1475 1542 5468 1474 1542 1474 136 1546 5441 5467 1546 5467 1541 1549 5410 5438 1549 5438 1545 1554 5383 5412 1554 5412 1550 1558 5356 5382 1558 5382 1553 1562 5327 5354 1562 5354 1557 1566 5299 5326 1566 5326 1561 5497 5499 5526 5497 5526 5524 5501 5503 5530 5501 5530 5528 5504 5508 5536 5504 5536 5532 5507 5513 5540 5507 5540 5534 5511 5517 5544 5511 5544 5538 5515 5521 5547 5515 5547 5542 5525 5527 5554 5525 5554 5552 5529 5531 5558 5529 5558 5556 5533 5537 5565 5533 5565 5561 5535 5541 5569 5535 5569 5563 5539 5545 5573 5539 5573 5567 5543 5549 5576 5543 5576 5570 5553 5555 5583 5553 5583 5581 5557 5559 5586 5557 5586 5584 5560 5564 5593 5560 5593 5589 5562 5568 5596 5562 5596 5590 5566 5572 5599 5566 5599 5594 5571 5577 5604 5571 5604 5598 5580 5582 5611 5580 5611 5609 5585 5588 5617 5585 5617 5613 5587 5592 5621 5587 5621 5616 5591 5597 5625 5591 5625 5619 5595 5601 5627 5595 5627 5622 5600 5605 5632 5600 5632 5626 5608 5610 5639 5608 5639 5637 5612 5614 5643 5612 5643 5641 5615 5620 5648 5615 5648 5644 5618 5624 5653 5618 5653 5647 5623 5628 5656 5623 5656 5651 5629 5633 5661 5629 5661 5657 5636 5638 5667 5636 5667 5665 5640 5642 5671 5640 5671 5669 5645 5649 5677 5645 5677 5673 5646 5652 5681 5646 5681 5675 5650 5654 5684 5650 5684 5679 5655 5660 5689 5655 5689 5685 87 1085 5494 87 5494 1365 1087 1081 5498 1087 5498 5496 1083 1077 5502 1083 5502 5500 1079 1075 5509 1079 5509 5505 1073 1071 5512 1073 5512 5506 1069 1067 5516 1069 5516 5510 1064 1062 5519 1064 5519 5514 1060 95 1412 1060 1412 5518 5520 1414 1415 5520 1415 5546 5548 1416 1420 5548 1420 5575 5574 1418 1422 5574 1422 5602 5603 1423 1425 5603 1425 5630 5631 1426 1428 5631 1428 5658 5659 1429 1432 5659 1432 5688 5686 1431 117 5686 117 1300 5683 5687 1301 5683 1301 1305 5678 5682 1304 5678 1304 1308 5674 5680 1310 5674 1310 1312 5672 5676 1313 5672 1313 1317 5668 5670 1316 5668 1316 1322 5664 5666 1320 5664 1320 1325 1390 5663 1324 1390 1324 120 1384 5634 5662 1384 5662 1388 1381 5606 5635 1381 5635 1386 1377 5578 5607 1377 5607 1382 1373 5550 5579 1373 5579 1378 1370 5523 5551 1370 5551 1374 1366 5495 5522 1366 5522 1369 5690 5691 5698 5690 5698 5697 5691 5692 5699 5691 5699 5698 5692 5693 5700 5692 5700 5699 5693 5694 5701 5693 5701 5700 5694 5695 5702 5694 5702 5701 5695 5696 5703 5695 5703 5702 5697 5698 5705 5697 5705 5704 5698 5699 5706 5698 5706 5705 5699 5700 5707 5699 5707 5706 5700 5701 5708 5700 5708 5707 5701 5702 5709 5701 5709 5708 5702 5703 5710 5702 5710 5709 5704 5705 5712 5704 5712 5711 5705 5706 5713 5705 5713 5712 5706 5707 5714 5706 5714 5713 5707 5708 5715 5707 5715 5714 5708 5709 5716 5708 5716 5715 5709 5710 5717 5709 5717 5716 5711 5712 5719 5711 5719 5718 5712 5713 5720 5712 5720 5719 5713 5714 5721 5713 5721 5720 5714 5715 5722 5714 5722 5721 5715 5716 5723 5715 5723 5722 5716 5717 5724 5716 5724 5723 5718 5719 5726 5718 5726 5725 5719 5720 5727 5719 5727 5726 5720 5721 5728 5720 5728 5727 5721 5722 5729 5721 5729 5728 5722 5723 5730 5722 5730 5729 5723 5724 5731 5723 5731 5730 5725 5726 5733 5725 5733 5732 5726 5727 5734 5726 5734 5733 5727 5728 5735 5727 5735 5734 5728 5729 5736 5728 5736 5735 5729 5730 5737 5729 5737 5736 5730 5731 5738 5730 5738 5737 96 1166 5690 96 5690 1413 1166 1167 5691 1166 5691 5690 1167 1169 5692 1167 5692 5691 1169 1170 5693 1169 5693 5692 1170 1171 5694 1170 5694 5693 1171 1173 5695 1171 5695 5694 1173 1175 5696 1173 5696 5695 1175 83 1434 1175 1434 5696 5696 1434 1436 5696 1436 5703 5703 1436 1438 5703 1438 5710 5710 1438 1440 5710 1440 5717 5717 1440 1442 5717 1442 5724 5724 1442 1444 5724 1444 5731 5731 1444 1446 5731 1446 5738 5738 1446 112 5738 112 1362 5737 5738 1362 5737 1362 1361 5736 5737 1361 5736 1361 1360 5735 5736 1360 5735 1360 1359 5734 5735 1359 5734 1359 1358 5733 5734 1358 5733 1358 1357 5732 5733 1357 5732 1357 1356 1430 5732 1356 1430 1356 116 1427 5725 5732 1427 5732 1430 1424 5718 5725 1424 5725 1427 1421 5711 5718 1421 5718 1424 1419 5704 5711 1419 5711 1421 1417 5697 5704 1417 5704 1419 1413 5690 5697 1413 5697 1417 5739 5740 5747 5739 5747 5746 5740 5741 5748 5740 5748 5747 5741 5742 5749 5741 5749 5748 5742 5743 5750 5742 5750 5749 5743 5744 5751 5743 5751 5750 5744 5745 5752 5744 5752 5751 5746 5747 5754 5746 5754 5753 5747 5748 5755 5747 5755 5754 5748 5749 5756 5748 5756 5755 5749 5750 5757 5749 5757 5756 5750 5751 5758 5750 5758 5757 5751 5752 5759 5751 5759 5758 5753 5754 5761 5753 5761 5760 5754 5755 5762 5754 5762 5761 5755 5756 5763 5755 5763 5762 5756 5757 5764 5756 5764 5763 5757 5758 5765 5757 5765 5764 5758 5759 5766 5758 5766 5765 5760 5761 5768 5760 5768 5767 5761 5762 5769 5761 5769 5768 5762 5763 5770 5762 5770 5769 5763 5764 5771 5763 5771 5770 5764 5765 5772 5764 5772 5771 5765 5766 5773 5765 5773 5772 5767 5768 5775 5767 5775 5774 5768 5769 5776 5768 5776 5775 5769 5770 5777 5769 5777 5776 5770 5771 5778 5770 5778 5777 5771 5772 5779 5771 5779 5778 5772 5773 5780 5772 5780 5779 5774 5775 5782 5774 5782 5781 5775 5776 5783 5775 5783 5782 5776 5777 5784 5776 5784 5783 5777 5778 5785 5777 5785 5784 5778 5779 5786 5778 5786 5785 5779 5780 5787 5779 5787 5786 82 922 5739 82 5739 1433 922 923 5740 922 5740 5739 923 924 5741 923 5741 5740 924 925 5742 924 5742 5741 925 926 5743 925 5743 5742 926 928 5744 926 5744 5743 928 929 5745 928 5745 5744 929 74 1410 929 1410 5745 5745 1410 1408 5745 1408 5752 5752 1408 1405 5752 1405 5759 5759 1405 1402 5759 1402 5766 5766 1402 1399 5766 1399 5773 5773 1399 1396 5773 1396 5780 5780 1396 1393 5780 1393 5787 5787 1393 114 5787 114 1299 5786 5787 1299 5786 1299 1297 5785 5786 1297 5785 1297 1296 5784 5785 1296 5784 1296 1295 5783 5784 1295 5783 1295 1294 5782 5783 1294 5782 1294 1293 5781 5782 1293 5781 1293 1292 1445 5781 1292 1445 1292 111 1443 5774 5781 1443 5781 1445 1441 5767 5774 1441 5774 1443 1439 5760 5767 1439 5767 1441 1437 5753 5760 1437 5760 1439 1435 5746 5753 1435 5753 1437 1433 5739 5746 1433 5746 1435 5788 5789 5796 5788 5796 5795 5789 5790 5797 5789 5797 5796 5790 5791 5798 5790 5798 5797 5791 5792 5799 5791 5799 5798 5792 5793 5800 5792 5800 5799 5793 5794 5801 5793 5801 5800 5795 5796 5803 5795 5803 5802 5796 5797 5804 5796 5804 5803 5797 5798 5805 5797 5805 5804 5798 5799 5806 5798 5806 5805 5799 5800 5807 5799 5807 5806 5800 5801 5808 5800 5808 5807 5802 5803 5810 5802 5810 5809 5803 5804 5811 5803 5811 5810 5804 5805 5812 5804 5812 5811 5805 5806 5813 5805 5813 5812 5806 5807 5814 5806 5814 5813 5807 5808 5815 5807 5815 5814 5809 5810 5817 5809 5817 5816 5810 5811 5818 5810 5818 5817 5811 5812 5819 5811 5819 5818 5812 5813 5820 5812 5820 5819 5813 5814 5821 5813 5821 5820 5814 5815 5822 5814 5822 5821 5816 5817 5824 5816 5824 5823 5817 5818 5825 5817 5825 5824 5818 5819 5826 5818 5826 5825 5819 5820 5827 5819 5827 5826 5820 5821 5828 5820 5828 5827 5821 5822 5829 5821 5829 5828 5823 5824 5831 5823 5831 5830 5824 5825 5832 5824 5832 5831 5825 5826 5833 5825 5833 5832 5826 5827 5834 5826 5834 5833 5827 5828 5835 5827 5835 5834 5828 5829 5836 5828 5836 5835 130 2074 5788 130 5788 1504 2074 2072 5789 2074 5789 5788 2072 2070 5790 2072 5790 5789 2070 2068 5791 2070 5791 5790 2068 2066 5792 2068 5792 5791 2066 2064 5793 2066 5793 5792 2064 2062 5794 2064 5794 5793 2062 175 2033 2062 2033 5794 5794 2033 2035 5794 2035 5801 5801 2035 2038 5801 2038 5808 5808 2038 2040 5808 2040 5815 5815 2040 2041 5815 2041 5822 5822 2041 2043 5822 2043 5829 5829 2043 2046 5829 2046 5836 5836 2046 170 5836 170 2060 5835 5836 2060 5835 2060 2058 5834 5835 2058 5834 2058 2056 5833 5834 2056 5833 2056 2054 5832 5833 2054 5832 2054 2052 5831 5832 2052 5831 2052 2050 5830 5831 2050 5830 2050 2048 1516 5830 2048 1516 2048 125 1514 5823 5830 1514 5830 1516 1512 5816 5823 1512 5823 1514 1511 5809 5816 1511 5816 1512 1508 5802 5809 1508 5809 1511 1506 5795 5802 1506 5802 1508 1504 5788 5795 1504 5795 1506 5837 5843 5871 5837 5871 5866 5841 5845 5873 5841 5873 5869 5848 5850 5878 5848 5878 5875 5851 5854 5884 5851 5884 5880 5853 5858 5888 5853 5888 5882 5857 5861 5890 5857 5890 5887 5865 5870 5899 5865 5899 5894 5872 5874 5902 5872 5902 5900 5876 5879 5908 5876 5908 5904 5877 5883 5912 5877 5912 5907 5881 5886 5914 5881 5914 5909 5885 5889 5917 5885 5917 5913 5893 5898 5928 5893 5928 5922 5897 5901 5929 5897 5929 5925 5903 5906 5936 5903 5936 5932 5905 5910 5937 5905 5937 5933 5911 5915 5941 5911 5941 5938 5916 5918 5945 5916 5945 5943 5921 5927 5954 5921 5954 5949 5926 5930 5957 5926 5957 5953 5931 5934 5961 5931 5961 5958 5935 5940 5967 5935 5967 5963 5939 5942 5969 5939 5969 5965 5944 5946 5974 5944 5974 5972 5952 5956 5982 5952 5982 5979 5955 5960 5987 5955 5987 5981 5959 5962 5990 5959 5990 5986 5964 5968 5996 5964 5996 5992 5966 5970 5998 5966 5998 5993 5971 5973 6002 5971 6002 6000 5980 5983 6011 5980 6011 6008 5984 5988 6016 5984 6016 6012 5985 5989 6018 5985 6018 6014 5991 5995 6024 5991 6024 6020 5994 5999 6028 5994 6028 6023 5997 6001 6029 5997 6029 6025 115 1331 5840 115 5840 1587 1329 1335 5844 1329 5844 5838 1333 1337 5846 1333 5846 5842 1338 1340 5849 1338 5849 5847 1342 1345 5856 1342 5856 5852 1344 1350 5860 1344 5860 5855 1349 1354 5863 1349 5863 5859 1355 121 1564 1355 1564 5864 5862 1563 1559 5862 1559 5891 5892 1560 1555 5892 1555 5919 5920 1556 1551 5920 1551 5947 5948 1552 1548 5948 1548 5976 5975 1547 1544 5975 1544 6004 6003 1543 1540 6003 1540 6032 6031 1539 135 6031 135 1503 6026 6030 1500 6026 1500 1497 6021 6027 1499 6021 1499 1493 6019 6022 1494 6019 1494 1489 6013 6017 1488 6013 1488 1484 6010 6015 1487 6010 1487 1483 6007 6009 1482 6007 1482 1479 1568 6006 1477 1568 1477 127 1571 5978 6005 1571 6005 1567 1573 5950 5977 1573 5977 1570 1576 5923 5951 1576 5951 1574 1579 5895 5924 1579 5924 1577 1582 5867 5896 1582 5896 1580 1585 5839 5868 1585 5868 1583 6033 6034 6041 6033 6041 6040 6034 6035 6042 6034 6042 6041 6035 6036 6043 6035 6043 6042 6036 6037 6044 6036 6044 6043 6037 6038 6045 6037 6045 6044 6038 6039 6046 6038 6046 6045 6040 6041 6048 6040 6048 6047 6041 6042 6049 6041 6049 6048 6042 6043 6050 6042 6050 6049 6043 6044 6051 6043 6051 6050 6044 6045 6052 6044 6052 6051 6045 6046 6053 6045 6053 6052 6047 6048 6055 6047 6055 6054 6048 6049 6056 6048 6056 6055 6049 6050 6057 6049 6057 6056 6050 6051 6058 6050 6058 6057 6051 6052 6059 6051 6059 6058 6052 6053 6060 6052 6060 6059 6054 6055 6062 6054 6062 6061 6055 6056 6063 6055 6063 6062 6056 6057 6064 6056 6064 6063 6057 6058 6065 6057 6065 6064 6058 6059 6066 6058 6066 6065 6059 6060 6067 6059 6067 6066 6061 6062 6069 6061 6069 6068 6062 6063 6070 6062 6070 6069 6063 6064 6071 6063 6071 6070 6064 6065 6072 6064 6072 6071 6065 6066 6073 6065 6073 6072 6066 6067 6074 6066 6074 6073 6068 6069 6076 6068 6076 6075 6069 6070 6077 6069 6077 6076 6070 6071 6078 6070 6078 6077 6071 6072 6079 6071 6079 6078 6072 6073 6080 6072 6080 6079 6073 6074 6081 6073 6081 6080 111 1292 6033 111 6033 1600 1292 1293 6034 1292 6034 6033 1293 1294 6035 1293 6035 6034 1294 1295 6036 1294 6036 6035 1295 1296 6037 1295 6037 6036 1296 1298 6038 1296 6038 6037 1298 1299 6039 1298 6039 6038 1299 114 1586 1299 1586 6039 6039 1586 1584 6039 1584 6046 6046 1584 1581 6046 1581 6053 6053 1581 1578 6053 1578 6060 6060 1578 1575 6060 1575 6067 6067 1575 1572 6067 1572 6074 6074 1572 1569 6074 1569 6081 6081 1569 128 6081 128 1454 6080 6081 1454 6080 1454 1452 6079 6080 1452 6079 1452 1451 6078 6079 1451 6078 1451 1450 6077 6078 1450 6077 1450 1449 6076 6077 1449 6076 1449 1448 6075 6076 1448 6075 1448 1447 1588 6075 1447 1588 1447 123 1590 6068 6075 1590 6075 1588 1592 6061 6068 1592 6068 1590 1594 6054 6061 1594 6061 1592 1596 6047 6054 1596 6054 1594 1598 6040 6047 1598 6047 1596 1600 6033 6040 1600 6040 1598 6082 6083 6090 6082 6090 6089 6083 6084 6091 6083 6091 6090 6084 6085 6092 6084 6092 6091 6085 6086 6093 6085 6093 6092 6086 6087 6094 6086 6094 6093 6087 6088 6095 6087 6095 6094 6089 6090 6097 6089 6097 6096 6090 6091 6098 6090 6098 6097 6091 6092 6099 6091 6099 6098 6092 6093 6100 6092 6100 6099 6093 6094 6101 6093 6101 6100 6094 6095 6102 6094 6102 6101 6096 6097 6104 6096 6104 6103 6097 6098 6105 6097 6105 6104 6098 6099 6106 6098 6106 6105 6099 6100 6107 6099 6107 6106 6100 6101 6108 6100 6108 6107 6101 6102 6109 6101 6109 6108 6103 6104 6111 6103 6111 6110 6104 6105 6112 6104 6112 6111 6105 6106 6113 6105 6113 6112 6106 6107 6114 6106 6114 6113 6107 6108 6115 6107 6115 6114 6108 6109 6116 6108 6116 6115 6110 6111 6118 6110 6118 6117 6111 6112 6119 6111 6119 6118 6112 6113 6120 6112 6120 6119 6113 6114 6121 6113 6121 6120 6114 6115 6122 6114 6122 6121 6115 6116 6123 6115 6123 6122 6117 6118 6125 6117 6125 6124 6118 6119 6126 6118 6126 6125 6119 6120 6127 6119 6127 6126 6120 6121 6128 6120 6128 6127 6121 6122 6129 6121 6129 6128 6122 6123 6130 6122 6130 6129 116 1356 6082 116 6082 1518 1356 1357 6083 1356 6083 6082 1357 1358 6084 1357 6084 6083 1358 1359 6085 1358 6085 6084 1359 1360 6086 1359 6086 6085 1360 1361 6087 1360 6087 6086 1361 1362 6088 1361 6088 6087 1362 112 1601 1362 1601 6088 6088 1601 1599 6088 1599 6095 6095 1599 1597 6095 1597 6102 6102 1597 1595 6102 1595 6109 6109 1595 1593 6109 1593 6116 6116 1593 1591 6116 1591 6123 6123 1591 1589 6123 1589 6130 6130 1589 124 6130 124 1517 6129 6130 1517 6129 1517 1515 6128 6129 1515 6128 1515 1513 6127 6128 1513 6127 1513 1510 6126 6127 1510 6126 1510 1509 6125 6126 1509 6125 1509 1507 6124 6125 1507 6124 1507 1505 1536 6124 1505 1536 1505 131 1533 6117 6124 1533 6124 1536 1530 6110 6117 1530 6117 1533 1527 6103 6110 1527 6110 1530 1524 6096 6103 1524 6103 1527 1521 6089 6096 1521 6096 1524 1518 6082 6089 1518 6089 1521 6131 6132 6139 6131 6139 6138 6132 6133 6140 6132 6140 6139 6133 6134 6141 6133 6141 6140 6134 6135 6142 6134 6142 6141 6135 6136 6143 6135 6143 6142 6136 6137 6144 6136 6144 6143 6138 6139 6146 6138 6146 6145 6139 6140 6147 6139 6147 6146 6140 6141 6148 6140 6148 6147 6141 6142 6149 6141 6149 6148 6142 6143 6150 6142 6150 6149 6143 6144 6151 6143 6151 6150 6145 6146 6153 6145 6153 6152 6146 6147 6154 6146 6154 6153 6147 6148 6155 6147 6155 6154 6148 6149 6156 6148 6156 6155 6149 6150 6157 6149 6157 6156 6150 6151 6158 6150 6158 6157 6152 6153 6160 6152 6160 6159 6153 6154 6161 6153 6161 6160 6154 6155 6162 6154 6162 6161 6155 6156 6163 6155 6163 6162 6156 6157 6164 6156 6164 6163 6157 6158 6165 6157 6165 6164 6159 6160 6167 6159 6167 6166 6160 6161 6168 6160 6168 6167 6161 6162 6169 6161 6169 6168 6162 6163 6170 6162 6170 6169 6163 6164 6171 6163 6171 6170 6164 6165 6172 6164 6172 6171 6166 6167 6174 6166 6174 6173 6167 6168 6175 6167 6175 6174 6168 6169 6176 6168 6176 6175 6169 6170 6177 6169 6177 6176 6170 6171 6178 6170 6178 6177 6171 6172 6179 6171 6179 6178 137 1669 6131 137 6131 1602 1669 1666 6132 1669 6132 6131 1666 1663 6133 1666 6133 6132 1663 1660 6134 1663 6134 6133 1660 1657 6135 1660 6135 6134 1657 1656 6136 1657 6136 6135 1656 1651 6137 1656 6137 6136 1651 144 1623 1651 1623 6137 6137 1623 1625 6137 1625 6144 6144 1625 1627 6144 1627 6151 6151 1627 1629 6151 1629 6158 6158 1629 1631 6158 1631 6165 6165 1631 1633 6165 1633 6172 6172 1633 1635 6172 1635 6179 6179 1635 148 6179 148 1649 6178 6179 1649 6178 1649 1647 6177 6178 1647 6177 1647 1645 6176 6177 1645 6176 1645 1643 6175 6176 1643 6175 1643 1641 6174 6175 1641 6174 1641 1639 6173 6174 1639 6173 1639 1637 1620 6173 1637 1620 1637 141 1617 6166 6173 1617 6173 1620 1614 6159 6166 1614 6166 1617 1611 6152 6159 1611 6159 1614 1608 6145 6152 1608 6152 1611 1605 6138 6145 1605 6145 1608 1602 6131 6138 1602 6138 1605 6181 6184 6214 6181 6214 6211 6185 6189 6219 6185 6219 6215 6188 6192 6220 6188 6220 6216 6193 6196 6224 6193 6224 6221 6197 6200 6228 6197 6228 6225 6201 6204 6232 6201 6232 6230 6209 6213 6243 6209 6243 6237 6212 6218 6247 6212 6247 6242 6217 6222 6248 6217 6248 6245 6223 6226 6254 6223 6254 6251 6227 6229 6258 6227 6258 6255 6231 6233 6262 6231 6262 6259 6236 6241 6269 6236 6269 6264 6240 6244 6272 6240 6272 6268 6246 6249 6276 6246 6276 6273 6250 6252 6280 6250 6280 6277 6253 6256 6284 6253 6284 6281 6257 6261 6289 6257 6289 6285 6267 6270 6298 6267 6298 6295 6271 6274 6302 6271 6302 6299 6275 6278 6306 6275 6306 6303 6279 6283 6311 6279 6311 6307 6282 6287 6315 6282 6315 6310 6286 6291 6319 6286 6319 6314 6292 6297 6325 6292 6325 6320 6296 6300 6328 6296 6328 6324 6301 6304 6332 6301 6332 6329 6305 6308 6336 6305 6336 6333 6309 6312 6342 6309 6342 6338 6313 6316 6346 6313 6346 6343 6323 6326 6353 6323 6353 6351 6327 6330 6356 6327 6356 6354 6331 6334 6360 6331 6360 6358 6335 6339 6365 6335 6365 6361 6337 6341 6369 6337 6369 6364 6340 6345 6373 6340 6373 6368 143 1621 6182 143 6182 1835 1622 1618 6186 1622 6186 6183 1619 1615 6190 1619 6190 6187 1616 1612 6194 1616 6194 6191 1613 1609 6198 1613 6198 6195 1610 1607 6203 1610 6203 6199 1606 1604 6207 1606 6207 6202 1603 140 1795 1603 1795 6205 6206 1796 1799 6206 1799 6235 6234 1797 1802 6234 1802 6263 6260 1800 1803 6260 1803 6288 6290 1805 1806 6290 1806 6317 6318 1807 1811 6318 1811 6347 6344 1809 1812 6344 1812 6372 6374 1814 155 6374 155 1746 6370 6375 1747 6370 1747 1749 6367 6371 1750 6367 1750 1753 6363 6366 1752 6363 1752 1756 6359 6362 1755 6359 1755 1759 6355 6357 1758 6355 1758 1762 6348 6352 1761 6348 1761 1763 1816 6349 1764 1816 1764 160 1820 6322 6350 1820 6350 1817 1822 6293 6321 1822 6321 1819 1826 6266 6294 1826 6294 1823 1827 6238 6265 1827 6265 1824 1831 6210 6239 1831 6239 1828 1833 6180 6208 1833 6208 1830 6379 6383 6409 6379 6409 6405 6381 6385 6412 6381 6412 6408 6387 6389 6416 6387 6416 6413 6391 6395 6423 6391 6423 6419 6393 6399 6426 6393 6426 6420 6397 6401 6431 6397 6431 6425 6407 6411 6439 6407 6439 6435 6410 6415 6443 6410 6443 6438 6414 6417 6446 6414 6446 6441 6418 6422 6451 6418 6451 6447 6421 6427 6454 6421 6454 6449 6424 6430 6458 6424 6458 6452 6432 6436 6466 6432 6466 6462 6437 6442 6471 6437 6471 6467 6440 6445 6475 6440 6475 6470 6444 6450 6478 6444 6478 6474 6448 6453 6480 6448 6480 6476 6455 6459 6486 6455 6486 6481 6460 6464 6492 6460 6492 6488 6465 6468 6496 6465 6496 6493 6469 6472 6501 6469 6501 6499 6473 6477 6504 6473 6504 6502 6479 6482 6508 6479 6508 6505 6483 6487 6515 6483 6515 6510 6490 6494 6520 6490 6520 6517 6495 6498 6526 6495 6526 6521 6497 6500 6528 6497 6528 6524 6503 6506 6532 6503 6532 6530 6507 6511 6538 6507 6538 6534 6509 6514 6543 6509 6543 6537 6519 6523 6551 6519 6551 6547 6522 6527 6555 6522 6555 6550 6525 6529 6556 6525 6556 6552 6531 6533 6561 6531 6561 6559 6535 6539 6567 6535 6567 6563 6536 6542 6571 6536 6571 6565 104 1215 6376 104 6376 1733 1216 1219 6382 1216 6382 6378 1218 1221 6384 1218 6384 6380 1222 1224 6388 1222 6388 6386 1225 1229 6394 1225 6394 6390 1227 1230 6396 1227 6396 6392 1232 1234 6402 1232 6402 6398 1235 98 1707 1235 1707 6403 6400 1706 1703 6400 1703 6428 6429 1704 1702 6429 1702 6457 6456 1700 1697 6456 1697 6484 6485 1698 1695 6485 1695 6513 6512 1694 1691 6512 1691 6540 6541 1692 1688 6541 1688 6568 6569 1689 138 6569 138 1670 6564 6570 1671 6564 1671 1667 6562 6566 1668 6562 1668 1665 6558 6560 1664 6558 1664 1662 6554 6557 1661 6554 1661 1659 6548 6553 1658 6548 1658 1654 6544 6549 1655 6544 1655 1652 1711 6546 1653 1711 1653 146 1714 6518 6545 1714 6545 1710 1717 6489 6516 1717 6516 1713 1722 6461 6491 1722 6491 1718 1728 6434 6463 1728 6463 1724 1732 6406 6433 1732 6433 1727 1736 6377 6404 1736 6404 1731 6572 6576 6604 6572 6604 6600 6579 6581 6610 6579 6610 6607 6583 6586 6615 6583 6615 6611 6584 6589 6619 6584 6619 6614 6588 6594 6623 6588 6623 6618 6592 6596 6624 6592 6624 6620 6603 6606 6633 6603 6633 6629 6605 6609 6637 6605 6637 6632 6608 6613 6641 6608 6641 6636 6612 6616 6644 6612 6644 6640 6617 6621 6649 6617 6649 6645 6622 6626 6654 6622 6654 6650 6630 6634 6660 6630 6660 6656 6635 6638 6665 6635 6665 6662 6639 6643 6671 6639 6671 6667 6642 6647 6675 6642 6675 6670 6646 6651 6679 6646 6679 6674 6648 6652 6680 6648 6680 6676 6659 6661 6690 6659 6690 6687 6663 6666 6695 6663 6695 6691 6664 6669 6697 6664 6697 6693 6668 6672 6701 6668 6701 6696 6673 6677 6706 6673 6706 6702 6678 6682 6709 6678 6709 6707 6684 6688 6716 6684 6716 6712 6689 6692 6722 6689 6722 6718 6694 6699 6727 6694 6727 6723 6698 6703 6731 6698 6731 6726 6700 6704 6732 6700 6732 6728 6705 6708 6737 6705 6737 6735 6714 6719 6747 6714 6747 6742 6717 6721 6751 6717 6751 6746 6720 6724 6752 6720 6752 6748 6725 6730 6757 6725 6757 6753 6729 6734 6761 6729 6761 6756 6733 6736 6764 6733 6764 6760 105 1734 6574 105 6574 1953 1735 1730 6578 1735 6578 6575 1729 1725 6580 1729 6580 6577 1726 1721 6585 1726 6585 6582 1723 1720 6591 1723 6591 6587 1719 1716 6595 1719 6595 6590 1715 1712 6599 1715 6599 6593 1709 145 1906 1709 1906 6597 6598 1907 1909 6598 1909 6625 6627 1910 1913 6627 1913 6655 6653 1912 1915 6653 1915 6681 6683 1917 1919 6683 1919 6711 6710 1918 1922 6710 1922 6738 6739 1923 1926 6739 1926 6767 6765 1925 165 6765 165 1892 6762 6766 1893 6762 1893 1894 6759 6763 1895 6759 1895 1897 6755 6758 1896 6755 1896 1899 6750 6754 1898 6750 1898 1901 6745 6749 1900 6745 1900 1903 6740 6744 1902 6740 1902 1904 1927 6741 1905 1927 1905 161 1933 6715 6743 1933 6743 1929 1935 6685 6713 1935 6713 1931 1940 6658 6686 1940 6686 1936 1944 6631 6657 1944 6657 1939 1947 6601 6628 1947 6628 1943 1952 6573 6602 1952 6602 1948 6768 6769 6776 6768 6776 6775 6769 6770 6777 6769 6777 6776 6770 6771 6778 6770 6778 6777 6771 6772 6779 6771 6779 6778 6772 6773 6780 6772 6780 6779 6773 6774 6781 6773 6781 6780 6775 6776 6783 6775 6783 6782 6776 6777 6784 6776 6784 6783 6777 6778 6785 6777 6785 6784 6778 6779 6786 6778 6786 6785 6779 6780 6787 6779 6787 6786 6780 6781 6788 6780 6788 6787 6782 6783 6790 6782 6790 6789 6783 6784 6791 6783 6791 6790 6784 6785 6792 6784 6792 6791 6785 6786 6792 6786 6793 6792 6786 6787 6794 6786 6794 6793 6787 6788 6795 6787 6795 6794 6789 6790 6797 6789 6797 6796 6790 6791 6798 6790 6798 6797 6791 6792 6799 6791 6799 6798 6792 6793 6800 6792 6800 6799 6793 6794 6801 6793 6801 6800 6794 6795 6802 6794 6802 6801 6796 6797 6804 6796 6804 6803 6797 6798 6805 6797 6805 6804 6798 6799 6805 6799 6806 6805 6799 6800 6807 6799 6807 6806 6800 6801 6808 6800 6808 6807 6801 6802 6809 6801 6809 6808 6803 6804 6811 6803 6811 6810 6804 6805 6812 6804 6812 6811 6805 6806 6813 6805 6813 6812 6806 6807 6814 6806 6814 6813 6807 6808 6815 6807 6815 6814 6808 6809 6816 6808 6816 6815 152 1737 6768 152 6768 1793 1737 1738 6769 1737 6769 6768 1738 1740 6770 1738 6770 6769 1740 1741 6771 1740 6771 6770 1741 1742 6772 1741 6772 6771 1742 1743 6773 1742 6773 6772 1743 1744 6774 1743 6774 6773 1744 153 1778 1744 1778 6774 6774 1778 1776 6774 1776 6781 6781 1776 1774 6781 1774 6788 6788 1774 1772 6788 1772 6795 6795 1772 1770 6795 1770 6802 6802 1770 1768 6802 1768 6809 6809 1768 1766 6809 1766 6816 6816 1766 158 6816 158 1765 6815 6816 1765 6815 1765 1760 6814 6815 1760 6814 1760 1757 6813 6814 1757 6813 1757 1754 6812 6813 1754 6812 1754 1751 6811 6812 1751 6811 1751 1748 6810 6811 1748 6810 1748 1745 1781 6810 1745 1781 1745 157 1783 6803 6810 1783 6810 1781 1785 6796 6803 1785 6803 1783 1787 6789 6796 1787 6796 1785 1789 6782 6789 1789 6789 1787 1791 6775 6782 1791 6782 1789 1793 6768 6775 1793 6775 1791 6817 6818 6825 6817 6825 6824 6818 6819 6826 6818 6826 6825 6819 6820 6827 6819 6827 6826 6820 6821 6828 6820 6828 6827 6821 6822 6829 6821 6829 6828 6822 6823 6830 6822 6830 6829 6824 6825 6832 6824 6832 6831 6825 6826 6833 6825 6833 6832 6826 6827 6834 6826 6834 6833 6827 6828 6835 6827 6835 6834 6828 6829 6836 6828 6836 6835 6829 6830 6837 6829 6837 6836 6831 6832 6839 6831 6839 6838 6832 6833 6840 6832 6840 6839 6833 6834 6841 6833 6841 6840 6834 6835 6842 6834 6842 6841 6835 6836 6843 6835 6843 6842 6836 6837 6844 6836 6844 6843 6838 6839 6846 6838 6846 6845 6839 6840 6847 6839 6847 6846 6840 6841 6848 6840 6848 6847 6841 6842 6849 6841 6849 6848 6842 6843 6850 6842 6850 6849 6843 6844 6851 6843 6851 6850 6845 6846 6853 6845 6853 6852 6846 6847 6854 6846 6854 6853 6847 6848 6855 6847 6855 6854 6848 6849 6856 6848 6856 6855 6849 6850 6857 6849 6857 6856 6850 6851 6858 6850 6858 6857 6852 6853 6860 6852 6860 6859 6853 6854 6861 6853 6861 6860 6854 6855 6862 6854 6862 6861 6855 6856 6863 6855 6863 6862 6856 6857 6864 6856 6864 6863 6857 6858 6865 6857 6865 6864 100 1177 6817 100 6817 1863 1177 1178 6818 1177 6818 6817 1178 1180 6819 1178 6819 6818 1180 1181 6820 1180 6820 6819 1181 1182 6821 1181 6821 6820 1182 1183 6822 1182 6822 6821 1183 1184 6823 1183 6823 6822 1184 101 1836 1184 1836 6823 6823 1836 1838 6823 1838 6830 6830 1838 1840 6830 1840 6837 6837 1840 1842 6837 1842 6844 6844 1842 1844 6844 1844 6851 6851 1844 1846 6851 1846 6858 6858 1846 1848 6858 1848 6865 6865 1848 153 6865 153 1744 6864 6865 1744 6864 1744 1743 6863 6864 1743 6863 1743 1742 6862 6863 1742 6862 1742 1741 6861 6862 1741 6861 1741 1740 6860 6861 1740 6860 1740 1739 6859 6860 1739 6859 1739 1737 1851 6859 1737 1851 1737 152 1853 6852 6859 1853 6859 1851 1855 6845 6852 1855 6852 1853 1857 6838 6845 1857 6845 1855 1859 6831 6838 1859 6838 1857 1861 6824 6831 1861 6831 1859 1863 6817 6824 1863 6824 1861 6866 6867 6874 6866 6874 6873 6867 6868 6875 6867 6875 6874 6868 6869 6876 6868 6876 6875 6869 6870 6877 6869 6877 6876 6870 6871 6878 6870 6878 6877 6871 6872 6879 6871 6879 6878 6873 6874 6881 6873 6881 6880 6874 6875 6882 6874 6882 6881 6875 6876 6883 6875 6883 6882 6876 6877 6884 6876 6884 6883 6877 6878 6885 6877 6885 6884 6878 6879 6886 6878 6886 6885 6880 6881 6888 6880 6888 6887 6881 6882 6889 6881 6889 6888 6882 6883 6890 6882 6890 6889 6883 6884 6891 6883 6891 6890 6884 6885 6892 6884 6892 6891 6885 6886 6893 6885 6893 6892 6887 6888 6895 6887 6895 6894 6888 6889 6896 6888 6896 6895 6889 6890 6897 6889 6897 6896 6890 6891 6898 6890 6898 6897 6891 6892 6899 6891 6899 6898 6892 6893 6900 6892 6900 6899 6894 6895 6902 6894 6902 6901 6895 6896 6903 6895 6903 6902 6896 6897 6904 6896 6904 6903 6897 6898 6905 6897 6905 6904 6898 6899 6906 6898 6906 6905 6899 6900 6907 6899 6907 6906 6901 6902 6909 6901 6909 6908 6902 6903 6910 6902 6910 6909 6903 6904 6911 6903 6911 6910 6904 6905 6912 6904 6912 6911 6905 6906 6913 6905 6913 6912 6906 6907 6914 6906 6914 6913 102 1687 6866 102 6866 1837 1687 1686 6867 1687 6867 6866 1686 1685 6868 1686 6868 6867 1685 1684 6869 1685 6869 6868 1684 1683 6870 1684 6870 6869 1683 1682 6871 1683 6871 6870 1682 1681 6872 1682 6872 6871 1681 142 1834 1681 1834 6872 6872 1834 1832 6872 1832 6879 6879 1832 1829 6879 1829 6886 6886 1829 1825 6886 1825 6893 6893 1825 1821 6893 1821 6900 6900 1821 1818 6900 1818 6907 6907 1818 1815 6907 1815 6914 6914 1815 159 6914 159 1767 6913 6914 1767 6913 1767 1769 6912 6913 1769 6912 1769 1771 6911 6912 1771 6911 1771 1773 6910 6911 1773 6910 1773 1775 6909 6910 1775 6909 1775 1777 6908 6909 1777 6908 1777 1779 1849 6908 1779 1849 1779 154 1847 6901 6908 1847 6908 1849 1845 6894 6901 1845 6901 1847 1843 6887 6894 1843 6894 1845 1841 6880 6887 1841 6887 1843 1839 6873 6880 1839 6880 1841 1837 6866 6873 1837 6873 1839 6915 6916 6923 6915 6923 6922 6916 6917 6924 6916 6924 6923 6917 6918 6925 6917 6925 6924 6918 6919 6926 6918 6926 6925 6919 6920 6927 6919 6927 6926 6920 6921 6928 6920 6928 6927 6922 6923 6930 6922 6930 6929 6923 6924 6931 6923 6931 6930 6924 6925 6932 6924 6932 6931 6925 6926 6933 6925 6933 6932 6926 6927 6934 6926 6934 6933 6927 6928 6935 6927 6935 6934 6929 6930 6937 6929 6937 6936 6930 6931 6938 6930 6938 6937 6931 6932 6939 6931 6939 6938 6932 6933 6940 6932 6940 6939 6933 6934 6941 6933 6941 6940 6934 6935 6942 6934 6942 6941 6936 6937 6944 6936 6944 6943 6937 6938 6945 6937 6945 6944 6938 6939 6946 6938 6946 6945 6939 6940 6947 6939 6947 6946 6940 6941 6948 6940 6948 6947 6941 6942 6949 6941 6949 6948 6943 6944 6951 6943 6951 6950 6944 6945 6952 6944 6952 6951 6945 6946 6953 6945 6953 6952 6946 6947 6954 6946 6954 6953 6947 6948 6955 6947 6955 6954 6948 6949 6956 6948 6956 6955 6950 6951 6958 6950 6958 6957 6951 6952 6959 6951 6959 6958 6952 6953 6960 6952 6960 6959 6953 6954 6961 6953 6961 6960 6954 6955 6962 6954 6962 6961 6955 6956 6963 6955 6963 6962 139 1690 6915 139 6915 1794 1690 1693 6916 1690 6916 6915 1693 1696 6917 1693 6917 6916 1696 1699 6918 1696 6918 6917 1699 1701 6919 1699 6919 6918 1701 1705 6920 1701 6920 6919 1705 1708 6921 1705 6921 6920 1708 99 1862 1708 1862 6921 6921 1862 1860 6921 1860 6928 6928 1860 1858 6928 1858 6935 6935 1858 1856 6935 1856 6942 6942 1856 1854 6942 1854 6949 6949 1854 1852 6949 1852 6956 6956 1852 1850 6956 1850 6963 6963 1850 151 6963 151 1792 6962 6963 1792 6962 1792 1790 6961 6962 1790 6961 1790 1788 6960 6961 1788 6960 1788 1786 6959 6960 1786 6959 1786 1784 6958 6959 1784 6958 1784 1782 6957 6958 1782 6957 1782 1780 1813 6957 1780 1813 1780 156 1810 6950 6957 1810 6957 1813 1808 6943 6950 1808 6950 1810 1804 6936 6943 1804 6943 1808 1801 6929 6936 1801 6936 1804 1798 6922 6929 1798 6929 1801 1794 6915 6922 1794 6922 1798 6964 6965 6972 6964 6972 6971 6965 6966 6973 6965 6973 6972 6966 6967 6974 6966 6974 6973 6967 6968 6975 6967 6975 6974 6968 6969 6976 6968 6976 6975 6969 6970 6977 6969 6977 6976 6971 6972 6979 6971 6979 6978 6972 6973 6980 6972 6980 6979 6973 6974 6981 6973 6981 6980 6974 6975 6982 6974 6982 6981 6975 6976 6983 6975 6983 6982 6976 6977 6984 6976 6984 6983 6978 6979 6986 6978 6986 6985 6979 6980 6987 6979 6987 6986 6980 6981 6988 6980 6988 6987 6981 6982 6989 6981 6989 6988 6982 6983 6990 6982 6990 6989 6983 6984 6991 6983 6991 6990 6985 6986 6993 6985 6993 6992 6986 6987 6994 6986 6994 6993 6987 6988 6995 6987 6995 6994 6988 6989 6996 6988 6996 6995 6989 6990 6997 6989 6997 6996 6990 6991 6998 6990 6998 6997 6992 6993 7000 6992 7000 6999 6993 6994 7001 6993 7001 7000 6994 6995 7002 6994 7002 7001 6995 6996 7003 6995 7003 7002 6996 6997 7004 6996 7004 7003 6997 6998 7005 6997 7005 7004 6999 7000 7007 6999 7007 7006 7000 7001 7008 7000 7008 7007 7001 7002 7009 7001 7009 7008 7002 7003 7010 7002 7010 7009 7003 7004 7011 7003 7011 7010 7004 7005 7012 7004 7012 7011 147 1624 6964 147 6964 1908 1624 1626 6965 1624 6965 6964 1626 1628 6966 1626 6966 6965 1628 1630 6967 1628 6967 6966 1630 1632 6968 1630 6968 6967 1632 1634 6969 1632 6969 6968 1634 1636 6970 1634 6970 6969 1636 149 1955 1636 1955 6970 6970 1955 1957 6970 1957 6977 6977 1957 1959 6977 1959 6984 6984 1959 1961 6984 1961 6991 6991 1961 1963 6991 1963 6998 6998 1963 1965 6998 1965 7005 7005 1965 1967 7005 1967 7012 7012 1967 167 7012 167 1884 7011 7012 1884 7011 1884 1883 7010 7011 1883 7010 1883 1882 7009 7010 1882 7009 1882 1881 7008 7009 1881 7008 1881 1880 7007 7008 1880 7007 1880 1879 7006 7007 1879 7006 1879 1878 1924 7006 1878 1924 1878 166 1921 6999 7006 1921 7006 1924 1920 6992 6999 1920 6999 1921 1916 6985 6992 1916 6992 1920 1914 6978 6985 1914 6985 1916 1911 6971 6978 1911 6978 1914 1908 6964 6971 1908 6971 1911 7016 7019 7047 7016 7047 7044 7020 7023 7051 7020 7051 7048 7024 7028 7056 7024 7056 7052 7027 7032 7060 7027 7060 7055 7030 7036 7064 7030 7064 7059 7034 7040 7068 7034 7068 7063 7041 7046 7074 7041 7074 7069 7045 7050 7078 7045 7078 7073 7049 7053 7081 7049 7081 7077 7054 7057 7085 7054 7085 7082 7058 7062 7092 7058 7092 7087 7061 7067 7096 7061 7096 7090 7071 7076 7104 7071 7104 7099 7075 7080 7106 7075 7106 7102 7079 7084 7110 7079 7110 7105 7083 7088 7114 7083 7114 7109 7086 7091 7119 7086 7119 7113 7089 7095 7124 7089 7124 7118 7098 7101 7130 7098 7130 7128 7103 7107 7134 7103 7134 7132 7108 7111 7137 7108 7137 7135 7112 7116 7143 7112 7143 7138 7115 7120 7147 7115 7147 7141 7117 7123 7151 7117 7151 7145 7127 7129 7158 7127 7158 7156 7131 7133 7162 7131 7162 7160 7136 7139 7167 7136 7167 7164 7140 7144 7172 7140 7172 7168 7142 7148 7176 7142 7176 7171 7146 7152 7180 7146 7180 7174 7154 7157 7185 7154 7185 7182 7159 7161 7189 7159 7189 7186 7163 7165 7193 7163 7193 7190 7166 7170 7198 7166 7198 7194 7169 7175 7203 7169 7203 7197 7173 7179 7207 7173 7207 7201 110 1204 7013 110 7013 1987 1205 1201 7017 1205 7017 7014 1202 1198 7021 1202 7021 7018 1199 1195 7025 1199 7025 7022 1196 1193 7031 1196 7031 7026 1192 1190 7035 1192 7035 7029 1188 1187 7039 1188 7039 7033 1185 103 1951 1185 1951 7037 7038 1954 1949 7038 1949 7065 7066 1950 1946 7066 1946 7094 7093 1945 1941 7093 1941 7121 7122 1942 1938 7122 1938 7150 7149 1937 1932 7149 1932 7177 7178 1934 1930 7178 1930 7206 7205 1928 162 7205 162 1864 7202 7208 1865 7202 1865 1866 7199 7204 1867 7199 1867 1868 7195 7200 1869 7195 1869 1870 7191 7196 1871 7191 1871 1872 7187 7192 1873 7187 1873 1874 7184 7188 1875 7184 1875 1877 1971 7183 1876 1971 1876 164 1972 7153 7181 1972 7181 1969 1976 7126 7155 1976 7155 1974 1978 7097 7125 1978 7125 1975 1983 7072 7100 1983 7100 1980 1985 7042 7070 1985 7070 1982 1989 7015 7043 1989 7043 1986 7209 7210 7217 7209 7217 7216 7210 7211 7218 7210 7218 7217 7211 7212 7219 7211 7219 7218 7212 7213 7220 7212 7220 7219 7213 7214 7221 7213 7221 7220 7214 7215 7222 7214 7222 7221 7216 7217 7224 7216 7224 7223 7217 7218 7225 7217 7225 7224 7218 7219 7226 7218 7226 7225 7219 7220 7227 7219 7227 7226 7220 7221 7228 7220 7228 7227 7221 7222 7229 7221 7229 7228 7223 7224 7231 7223 7231 7230 7224 7225 7232 7224 7232 7231 7225 7226 7233 7225 7233 7232 7226 7227 7234 7226 7234 7233 7227 7228 7235 7227 7235 7234 7228 7229 7236 7228 7236 7235 7230 7231 7238 7230 7238 7237 7231 7232 7239 7231 7239 7238 7232 7233 7240 7232 7240 7239 7233 7234 7241 7233 7241 7240 7234 7235 7242 7234 7242 7241 7235 7236 7243 7235 7243 7242 7237 7238 7245 7237 7245 7244 7238 7239 7246 7238 7246 7245 7239 7240 7247 7239 7247 7246 7240 7241 7248 7240 7248 7247 7241 7242 7249 7241 7249 7248 7242 7243 7250 7242 7250 7249 7244 7245 7252 7244 7252 7251 7245 7246 7253 7245 7253 7252 7246 7247 7254 7246 7254 7253 7247 7248 7255 7247 7255 7254 7248 7249 7256 7248 7256 7255 7249 7250 7257 7249 7257 7256 150 1680 7209 150 7209 1956 1680 1679 7210 1680 7210 7209 1679 1678 7211 1679 7211 7210 1678 1677 7212 1678 7212 7211 1677 1675 7213 1677 7213 7212 1675 1673 7214 1675 7214 7213 1673 1672 7215 1673 7215 7214 1672 109 1988 1672 1988 7215 7215 1988 1984 7215 1984 7222 7222 1984 1981 7222 1981 7229 7229 1981 1979 7229 1979 7236 7236 1979 1977 7236 1977 7243 7243 1977 1973 7243 1973 7250 7250 1973 1970 7250 1970 7257 7257 1970 163 7257 163 1885 7256 7257 1885 7256 1885 1886 7255 7256 1886 7255 1886 1887 7254 7255 1887 7254 1887 1888 7253 7254 1888 7253 1888 1889 7252 7253 1889 7252 1889 1890 7251 7252 1890 7251 1890 1891 1968 7251 1891 1968 1891 168 1966 7244 7251 1966 7251 1968 1964 7237 7244 1964 7244 1966 1962 7230 7237 1962 7237 1964 1960 7223 7230 1960 7230 1962 1958 7216 7223 1958 7223 1960 1956 7209 7216 1956 7216 1958 7258 7259 7266 7258 7266 7265 7259 7260 7267 7259 7267 7266 7260 7261 7268 7260 7268 7267 7261 7262 7269 7261 7269 7268 7262 7263 7270 7262 7270 7269 7263 7264 7271 7263 7271 7270 7265 7266 7273 7265 7273 7272 7266 7267 7274 7266 7274 7273 7267 7268 7275 7267 7275 7274 7268 7269 7276 7268 7276 7275 7269 7270 7277 7269 7277 7276 7270 7271 7278 7270 7278 7277 7272 7273 7280 7272 7280 7279 7273 7274 7281 7273 7281 7280 7274 7275 7282 7274 7282 7281 7275 7276 7283 7275 7283 7282 7276 7277 7284 7276 7284 7283 7277 7278 7285 7277 7285 7284 7279 7280 7287 7279 7287 7286 7280 7281 7288 7280 7288 7287 7281 7282 7289 7281 7289 7288 7282 7283 7290 7282 7290 7289 7283 7284 7291 7283 7291 7290 7284 7285 7292 7284 7292 7291 7286 7287 7294 7286 7294 7293 7287 7288 7295 7287 7295 7294 7288 7289 7296 7288 7296 7295 7289 7290 7297 7289 7297 7296 7290 7291 7298 7290 7298 7297 7291 7292 7299 7291 7299 7298 7293 7294 7301 7293 7301 7300 7294 7295 7302 7294 7302 7301 7295 7296 7303 7295 7303 7302 7296 7297 7304 7296 7304 7303 7297 7298 7305 7297 7305 7304 7298 7299 7306 7298 7306 7305 169 1990 7258 169 7258 2045 1990 1991 7259 1990 7259 7258 1991 1992 7260 1991 7260 7259 1992 1993 7261 1992 7261 7260 1993 1994 7262 1993 7262 7261 1994 1996 7263 1994 7263 7262 1996 1997 7264 1996 7264 7263 1997 171 2013 1997 2013 7264 7264 2013 2015 7264 2015 7271 7271 2015 2018 7271 2018 7278 7278 2018 2022 7278 2022 7285 7285 2022 2026 7285 2026 7292 7292 2026 2027 7292 2027 7299 7299 2027 2031 7299 2031 7306 7306 2031 176 7306 176 2010 7305 7306 2010 7305 2010 2008 7304 7305 2008 7304 2008 2006 7303 7304 2006 7303 2006 2004 7302 7303 2004 7302 2004 2002 7301 7302 2002 7301 2002 2000 7300 7301 2000 7300 2000 1998 2034 7300 1998 2034 1998 173 2036 7293 7300 2036 7300 2034 2037 7286 7293 2037 7293 2036 2039 7279 7286 2039 7286 2037 2042 7272 7279 2042 7279 2039 2044 7265 7272 2044 7272 2042 2045 7258 7265 2045 7265 2044 7307 7308 7315 7307 7315 7314 7308 7309 7316 7308 7316 7315 7309 7310 7317 7309 7317 7316 7310 7311 7318 7310 7318 7317 7311 7312 7319 7311 7319 7318 7312 7313 7320 7312 7320 7319 7314 7315 7322 7314 7322 7321 7315 7316 7323 7315 7323 7322 7316 7317 7324 7316 7324 7323 7317 7318 7325 7317 7325 7324 7318 7319 7326 7318 7326 7325 7319 7320 7327 7319 7327 7326 7321 7322 7329 7321 7329 7328 7322 7323 7330 7322 7330 7329 7323 7324 7331 7323 7331 7330 7324 7325 7332 7324 7332 7331 7325 7326 7333 7325 7333 7332 7326 7327 7334 7326 7334 7333 7328 7329 7336 7328 7336 7335 7329 7330 7337 7329 7337 7336 7330 7331 7338 7330 7338 7337 7331 7332 7339 7331 7339 7338 7332 7333 7340 7332 7340 7339 7333 7334 7341 7333 7341 7340 7335 7336 7343 7335 7343 7342 7336 7337 7344 7336 7344 7343 7337 7338 7345 7337 7345 7344 7338 7339 7346 7338 7346 7345 7339 7340 7347 7339 7347 7346 7340 7341 7348 7340 7348 7347 7342 7343 7350 7342 7350 7349 7343 7344 7351 7343 7351 7350 7344 7345 7352 7344 7352 7351 7345 7346 7353 7345 7353 7352 7346 7347 7354 7346 7354 7353 7347 7348 7355 7347 7355 7354 134 2095 1473 2095 7307 1473 2095 2092 7307 2092 7308 7307 2092 2089 7309 2092 7309 7308 2089 2086 7310 2089 7310 7309 2086 2083 7311 2086 7311 7310 2083 2080 7312 2083 7312 7311 2080 2076 7313 2080 7313 7312 2076 177 2011 2076 2011 7313 7313 2011 2009 7313 2009 7320 7320 2009 2007 7320 2007 7327 7327 2007 2005 7327 2005 7334 7334 2005 2003 7334 2003 7341 7341 2003 2001 7341 2001 7348 7348 2001 1999 7348 1999 7355 7355 1999 174 7355 174 2061 7354 7355 2061 7354 2061 2063 7353 7354 2063 7353 2063 2065 7352 7353 2065 7352 2065 2067 7351 7352 2067 7351 2067 2069 7350 7351 2069 7350 2069 2071 7349 7350 2071 7349 2071 2073 1455 7349 2073 1455 2073 129 1458 7342 7349 1458 7349 1455 1461 7335 7342 1461 7342 1458 1464 7328 7335 1464 7335 1461 1467 7321 7328 1467 7328 1464 1470 7314 7321 1470 7321 1467 1473 7307 7314 1473 7314 1470 7358 7361 7389 7358 7389 7384 7362 7365 7395 7362 7395 7390 7364 7368 7396 7364 7396 7393 7370 7374 7401 7370 7401 7399 7375 7378 7406 7375 7406 7403 7376 7380 7408 7376 7408 7404 7386 7391 7417 7386 7417 7412 7388 7392 7420 7388 7420 7416 7394 7397 7424 7394 7424 7421 7398 7400 7428 7398 7428 7425 7402 7405 7432 7402 7432 7429 7407 7409 7437 7407 7437 7433 7415 7419 7447 7415 7447 7443 7418 7423 7451 7418 7451 7446 7422 7426 7452 7422 7452 7448 7427 7430 7456 7427 7456 7453 7431 7434 7461 7431 7461 7457 7435 7439 7467 7435 7467 7462 7442 7445 7475 7442 7475 7471 7444 7449 7478 7444 7478 7474 7450 7454 7481 7450 7481 7479 7455 7458 7486 7455 7486 7483 7459 7463 7491 7459 7491 7487 7460 7466 7495 7460 7495 7489 7469 7472 7500 7469 7500 7497 7473 7476 7504 7473 7504 7501 7477 7480 7510 7477 7510 7507 7482 7485 7515 7482 7515 7511 7484 7490 7519 7484 7519 7514 7488 7493 7521 7488 7521 7516 7499 7503 7530 7499 7530 7525 7502 7505 7532 7502 7532 7528 7506 7509 7537 7506 7537 7534 7508 7512 7540 7508 7540 7536 7513 7517 7544 7513 7544 7541 7518 7523 7550 7518 7550 7546 126 2114 7356 126 7356 1476 2115 2111 7360 2115 7360 7357 2113 2109 7366 2113 7366 7363 2110 2107 7371 2110 7371 7367 2105 2102 7372 2105 7372 7369 2103 2099 7377 2103 7377 7373 2101 2097 7381 2101 7381 7379 2098 172 2012 2098 2012 7382 7383 2014 2017 7383 2017 7411 7410 2016 2020 7410 2020 7438 7436 2019 2023 7436 2023 7465 7464 2021 2024 7464 2024 7492 7494 2025 2029 7494 2029 7522 7520 2028 2030 7520 2030 7548 7551 2032 178 7551 178 2077 7545 7549 2075 7545 2075 2078 7543 7547 2079 7543 2079 2082 7539 7542 2081 7539 2081 2085 7535 7538 2084 7535 2084 2088 7529 7533 2087 7529 2087 2090 7526 7531 2091 7526 2091 2093 1502 7527 2094 1502 2094 133 1498 7498 7524 1498 7524 1501 1492 7468 7496 1492 7496 1496 1490 7440 7470 1490 7470 1495 1486 7414 7441 1486 7441 1491 1481 7387 7413 1481 7413 1485 1478 7359 7385 1478 7385 1480 7552 7553 7560 7552 7560 7559 7553 7554 7561 7553 7561 7560 7554 7555 7562 7554 7562 7561 7555 7556 7563 7555 7563 7562 7556 7557 7564 7556 7564 7563 7557 7558 7565 7557 7565 7564 7559 7560 7567 7559 7567 7566 7560 7561 7568 7560 7568 7567 7561 7562 7569 7561 7569 7568 7562 7563 7570 7562 7570 7569 7563 7564 7571 7563 7571 7570 7564 7565 7572 7564 7572 7571 7566 7567 7574 7566 7574 7573 7567 7568 7575 7567 7575 7574 7568 7569 7576 7568 7576 7575 7569 7570 7577 7569 7577 7576 7570 7571 7578 7570 7578 7577 7571 7572 7579 7571 7579 7578 7573 7574 7581 7573 7581 7580 7574 7575 7582 7574 7582 7581 7575 7576 7583 7575 7583 7582 7576 7577 7584 7576 7584 7583 7577 7578 7585 7577 7585 7584 7578 7579 7586 7578 7586 7585 7580 7581 7588 7580 7588 7587 7581 7582 7589 7581 7589 7588 7582 7583 7590 7582 7590 7589 7583 7584 7591 7583 7591 7590 7584 7585 7592 7584 7592 7591 7585 7586 7593 7585 7593 7592 7587 7588 7595 7587 7595 7594 7588 7589 7596 7588 7596 7595 7589 7590 7597 7589 7597 7596 7590 7591 7598 7590 7598 7597 7591 7592 7599 7591 7599 7598 7592 7593 7600 7592 7600 7599 123 1447 7552 123 7552 2047 1447 1448 7553 1447 7553 7552 1448 1449 7554 1448 7554 7553 1449 1450 7555 1449 7555 7554 1450 1451 7556 1450 7556 7555 1451 1453 7557 1451 7557 7556 1453 1454 7558 1453 7558 7557 1454 128 2116 1454 2116 7558 7558 2116 2112 7558 2112 7565 7565 2112 2108 7565 2108 7572 7572 2108 2106 7572 2106 7579 7579 2106 7586 2106 2104 7586 7586 2104 2100 7586 2100 7593 7593 2100 2096 7593 2096 7600 7600 2096 171 7600 171 1997 7599 7600 1997 7599 1997 1995 7598 7599 1995 7598 1995 1994 7597 7598 1994 7597 1994 1993 7596 7597 1993 7596 1993 1992 7595 7596 1992 7595 1992 1991 7594 7595 1991 7594 1991 1990 2059 7594 1990 2059 1990 169 2057 7587 7594 2057 7594 2059 2055 7580 7587 2055 7587 2057 2053 7573 7580 2053 7580 2055 2051 7566 7573 2051 7573 2053 2049 7559 7566 2049 7566 2051 2047 7552 7559 2047 7559 2049 </p>
        </polylist>
      </mesh>
    </geometry>
  </library_geometries>
  <library_controllers>
  </library_controllers>
  <library_visual_scenes>
    <visual_scene id="Scene" name="Scene">
      <node id="Cube" name="Cube" type="NODE">
        <matrix sid="matrix">1 0 0 0 0 1 0 0 0 0 1 0 0 0 0 1</matrix>
        <instance_geometry url="#Cube_1">
          <bind_material>
            <technique_common>
              <instance_material symbol="defaultMaterial" target="#Material">
                <bind_vertex_input semantic="CHANNEL0" input_semantic="TEXCOORD" input_set="0"/>
              </instance_material>
            </technique_common>
          </bind_material>
        </instance_geometry>
      </node>
    </visual_scene>
  </library_visual_scenes>
  <scene>
    <instance_visual_scene url="#Scene" />
  </scene>
</COLLADA>
