<?xml version="1.0" encoding="UTF-8" standalone="no" ?>
<COLLADA xmlns="http://www.collada.org/2005/11/COLLADASchema" version="1.4.1">
  <asset>
    <contributor>
      <author>Assimp</author>
      <authoring_tool>Khronos glTF Blender I/O v5.1.18</authoring_tool>
    </contributor>
    <created>2026-03-25T12:53:22</created>
    <modified>2026-03-25T12:53:22</modified>
    <unit name="meter" meter="1" />
    <up_axis>Y_UP</up_axis>
  </asset>
  <library_images>
  </library_images>
  <library_effects>
    <effect id="material_0-fx" name="">
      <profile_COMMON>
        <technique sid="standard">
          <phong>
            <emission>
              <color sid="emission">0   0   0   1</color>
            </emission>
            <diffuse>
              <color sid="diffuse">1   1   1   1</color>
            </diffuse>
            <shininess>
              <float sid="shininess">0</float>
            </shininess>
            <transparency>
              <float sid="transparency">1</float>
            </transparency>
          </phong>
        </technique>
      </profile_COMMON>
    </effect>
  </library_effects>
  <library_materials>
    <material id="material_0" name="">
      <instance_effect url="#material_0-fx"/>
    </material>
  </library_materials>
  <library_geometries>
    <geometry id="Mesh" name="Mesh" >
      <mesh>
        <source id="Mesh-positions" name="Mesh-positions">
          <float_array id="Mesh-positions-array" count="2928"> -1.00000012 4.59248114 0.666666746 -1.00000012 4.59248114 0.666666746 -1.00000012 5.92581463 0.666666746 -1.00000012 5.92581463 0.666666746 -1.00000012 4.59248114 -0.666666746 -1.00000012 4.59248114 -0.666666746 -1.00000012 5.92581463 -0.666666746 -1.00000012 5.92581463 -0.666666746 2.030056 4.59560347 0.73418504 2.030056 4.59560347 0.73418504 2.030056 4.59560347 0.73418504 2.030056 4.59560347 0.73418504 2.02880549 5.92888737 0.729690015 2.02880549 5.92888737 0.729690015 2.02880549 5.92888737 0.729690015 2.02880549 5.92888737 0.729690015 1.91912389 4.591084 -0.569426656 1.91912389 4.591084 -0.569426656 1.91912389 4.591084 -0.569426656 1.91912389 4.591084 -0.569426656 1.91787362 5.92436886 -0.57392174 1.91787362 5.92436886 -0.57392174 1.91787362 5.92436886 -0.57392174 1.91787362 5.92436886 -0.57392174 7.5342083 5.91691017 -0.363205045 7.5342083 5.91691017 -0.363205045 7.5342083 5.91691017 -0.363205045 7.5342083 5.91691017 -0.363205045 7.54046059 4.58382177 -0.340729862 7.54046059 4.58382177 -0.340729862 7.54046059 4.58382177 -0.340729862 7.54046059 4.58382177 -0.340729862 8.90577888 4.59191418 1.81947482 8.90577888 4.59191418 1.81947482 8.90577888 4.59191418 1.81947482 8.90577888 4.59191418 1.81947482 8.90577888 4.59191418 1.81947482 8.9300251 6.10005569 1.84633684 8.9300251 6.10005569 1.84633684 8.9300251 6.10005569 1.84633684 8.9300251 6.10005569 1.84633684 8.9300251 6.10005569 1.84633684 11.0185728 5.90200138 -1.55704081 11.0185728 5.90200138 -1.55704081 11.0185728 5.90200138 -1.55704081 11.0185728 5.90200138 -1.55704081 11.0260754 4.5689621 -1.53007066 11.0260754 4.5689621 -1.53007066 11.0260754 4.5689621 -1.53007066 11.0260754 4.5689621 -1.53007066 11.9531364 4.58800173 0.658154488 11.9531364 4.58800173 0.658154488 11.9531364 4.58800173 0.658154488 11.9531364 4.58800173 0.658154488 11.9531364 4.58800173 0.658154488 11.9764814 6.09610891 0.68178004 11.9764814 6.09610891 0.68178004 11.9764814 6.09610891 0.68178004 11.9764814 6.09610891 0.68178004 11.9764814 6.09610891 0.68178004 16.1338978 5.870924 -4.48626614 16.1338978 5.870924 -4.48626614 16.1338978 5.870924 -4.48626614 16.1338978 5.870924 -4.48626614 16.0355186 4.56654024 -4.43239737 16.0355186 4.56654024 -4.43239737 16.0355186 4.56654024 -4.43239737 16.0355186 4.56654024 -4.43239737 17.2526035 4.45007706 -2.8255794 17.2526035 4.45007706 -2.8255794 17.2526035 4.45007706 -2.8255794 17.2526035 4.45007706 -2.8255794 17.2526035 4.45007706 -2.8255794 17.3584042 5.93879509 -2.88537645 17.3584042 5.93879509 -2.88537645 17.3584042 5.93879509 -2.88537645 17.3584042 5.93879509 -2.88537645 17.3584042 5.93879509 -2.88537645 13.2433844 6.25312233 7.58739471 13.2433844 6.25312233 7.58739471 13.2433844 6.25312233 7.58739471 13.2433844 6.25312233 7.58739471 13.029376 5.00035095 7.23678493 13.029376 5.00035095 7.23678493 13.029376 5.00035095 7.23678493 13.029376 5.00035095 7.23678493 14.2901783 6.29050922 6.8466692 14.2901783 6.29050922 6.8466692 14.2901783 6.29050922 6.8466692 14.2901783 6.29050922 6.8466692 14.0761681 5.03773785 6.49605942 14.0761681 5.03773785 6.49605942 14.0761681 5.03773785 6.49605942 14.0761681 5.03773785 6.49605942 15.2114925 5.48958826 10.5090542 15.2114925 5.48958826 10.5090542 15.2114925 5.48958826 10.5090542 15.2114925 5.48958826 10.5090542 14.9531813 4.25287056 10.0829287 14.9531813 4.25287056 10.0829287 14.9531813 4.25287056 10.0829287 14.9531813 4.25287056 10.0829287 16.2451038 5.53579426 9.74839401 16.2451038 5.53579426 9.74839401 16.2451038 5.53579426 9.74839401 16.2451038 5.53579426 9.74839401 15.9867926 4.29907656 9.32226753 15.9867926 4.29907656 9.32226753 15.9867926 4.29907656 9.32226753 15.9867926 4.29907656 9.32226753 19.2701435 5.47620296 -6.23038435 19.2701435 5.47620296 -6.23038435 19.2701435 5.47620296 -6.23038435 19.2701435 5.47620296 -6.23038435 18.7482357 4.28643751 -6.0689187 18.7482357 4.28643751 -6.0689187 18.7482357 4.28643751 -6.0689187 18.7482357 4.28643751 -6.0689187 19.5709362 4.1574235 -4.25153923 19.5709362 4.1574235 -4.25153923 19.5709362 4.1574235 -4.25153923 19.5709362 4.1574235 -4.25153923 19.5709362 4.1574235 -4.25153923 20.172266 5.51203585 -4.43722439 20.172266 5.51203585 -4.43722439 20.172266 5.51203585 -4.43722439 20.172266 5.51203585 -4.43722439 20.172266 5.51203585 -4.43722439 17.0481853 4.1869688 12.6546888 17.0481853 4.1869688 12.6546888 17.0481853 4.1869688 12.6546888 16.8544521 3.25943041 12.3350954 16.8544521 3.25943041 12.3350954 16.8544521 3.25943041 12.3350954 17.8233929 4.22162294 12.0841951 17.8233929 4.22162294 12.0841951 17.8233929 4.22162294 12.0841951 17.6296616 3.29408455 11.7645988 17.6296616 3.29408455 11.7645988 17.6296616 3.29408455 11.7645988 21.7039738 3.98693562 -7.4754858 21.7039738 3.98693562 -7.4754858 21.7039738 3.98693562 -7.4754858 21.2331314 3.11610341 -7.33421183 21.2331314 3.11610341 -7.33421183 21.2331314 3.11610341 -7.33421183 21.6893959 3.01279068 -6.45038605 21.6893959 3.01279068 -6.45038605 21.6893959 3.01279068 -6.45038605 22.1602402 3.88362312 -6.59165859 22.1602402 3.88362312 -6.59165859 22.1602402 3.88362312 -6.59165859 19.7998123 5.74611998 0.438660622 19.7998123 5.74611998 0.438660622 19.7998123 5.74611998 0.438660622 19.7998123 5.74611998 0.438660622 19.7998123 5.74611998 0.438660622 19.6940098 4.25740147 0.4984577 19.6940098 4.25740147 0.4984577 19.6940098 4.25740147 0.4984577 19.6940098 4.25740147 0.4984577 19.6940098 4.25740147 0.4984577 22.0989723 5.37110901 -0.823090255 22.0989723 5.37110901 -0.823090255 22.0989723 5.37110901 -0.823090255 22.0989723 5.37110901 -0.823090255 22.0989723 5.37110901 -0.823090255 21.4976444 4.01649714 -0.637405217 21.4976444 4.01649714 -0.637405217 21.4976444 4.01649714 -0.637405217 21.4976444 4.01649714 -0.637405217 21.4976444 4.01649714 -0.637405217 20.669796 5.55465746 2.13855743 20.669796 5.55465746 2.13855743 20.669796 5.55465746 2.13855743 20.669796 5.55465746 2.13855743 20.5714207 4.2502737 2.19242668 20.5714207 4.2502737 2.19242668 20.5714207 4.2502737 2.19242668 20.5714207 4.2502737 2.19242668 23.0530281 5.12190056 0.812973022 23.0530281 5.12190056 0.812973022 23.0530281 5.12190056 0.812973022 23.0530281 5.12190056 0.812973022 22.5311203 3.9321363 0.974438906 22.5311203 3.9321363 0.974438906 22.5311203 3.9321363 0.974438906 22.5311203 3.9321363 0.974438906 24.3184586 4.00531006 -1.23556042 24.3184586 4.00531006 -1.23556042 24.3184586 4.00531006 -1.23556042 23.8476162 3.13447857 -1.09428668 23.8476162 3.13447857 -1.09428668 23.8476162 3.13447857 -1.09428668 24.7846661 3.9592638 -0.425959766 24.7846661 3.9592638 -0.425959766 24.7846661 3.9592638 -0.425959766 24.3138218 3.0884316 -0.284686029 24.3138218 3.0884316 -0.284686029 24.3138218 3.0884316 -0.284686029 17.0816193 5.66860008 2.75251675 17.0816193 5.66860008 2.75251675 17.0816193 5.66860008 2.75251675 17.0816193 5.66860008 2.75251675 17.0891209 4.33555984 2.77948689 17.0891209 4.33555984 2.77948689 17.0891209 4.33555984 2.77948689 17.0891209 4.33555984 2.77948689 18.1145649 5.71409082 4.6865139 18.1145649 5.71409082 4.6865139 18.1145649 5.71409082 4.6865139 18.1145649 5.71409082 4.6865139 18.1145649 5.71409082 4.6865139 18.1231213 4.19442558 4.71725988 18.1231213 4.19442558 4.71725988 18.1231213 4.19442558 4.71725988 18.1231213 4.19442558 4.71725988 18.1231213 4.19442558 4.71725988 15.3687601 5.50509739 3.92306423 15.3687601 5.50509739 3.92306423 15.3687601 5.50509739 3.92306423 15.3743858 4.50531769 3.94329166 15.3743858 4.50531769 3.94329166 15.3743858 4.50531769 3.94329166 16.3337669 5.64336681 6.00035191 16.3337669 5.64336681 6.00035191 16.3337669 5.64336681 6.00035191 16.3337669 5.64336681 6.00035191 16.3412704 4.31032801 6.02732229 16.3412704 4.31032801 6.02732229 16.3412704 4.31032801 6.02732229 16.3412704 4.31032801 6.02732229 19.8018398 5.53909254 9.19295311 19.8018398 5.53909254 9.19295311 19.8018398 5.53909254 9.19295311 19.8074684 4.53931284 9.21318054 19.8074684 4.53931284 9.21318054 19.8074684 4.53931284 9.21318054 18.7534981 5.54541349 9.79699516 18.7534981 5.54541349 9.79699516 18.7534981 5.54541349 9.79699516 18.7591267 4.54563332 9.81722355 18.7591267 4.54563332 9.81722355 18.7591267 4.54563332 9.81722355 -1.00000012 4.34248114 -0 -1.00000012 4.34248114 -0 -1.00000012 5.25914764 0.916666746 -1.00000012 5.25914764 0.916666746 -1.00000012 6.17581463 -0 -1.00000012 6.17581463 -0 -1.00000012 5.25914764 -0.916666746 -1.00000012 5.25914764 -0.916666746 0.114890479 4.59230614 -0.65451175 0.114890479 4.59230614 -0.65451175 0.114890479 4.59230614 -0.65451175 0.114890479 4.59230614 -0.65451175 0.114734188 5.92563391 -0.655073583 0.114734188 5.92563391 -0.655073583 0.114734188 5.92563391 -0.655073583 0.114734188 5.92563391 -0.655073583 1.89769912 5.25687933 -0.816101313 1.89769912 5.25687933 -0.816101313 1.89769912 5.25687933 -0.816101313 1.89769912 5.25687933 -0.816101313 1.97482431 4.34335279 0.083222039 1.97482431 4.34335279 0.083222039 1.97482431 4.34335279 0.083222039 1.97482431 4.34335279 0.083222039 1.97310495 6.17661953 0.0770413578 1.97310495 6.17661953 0.0770413578 1.97310495 6.17661953 0.0770413578 1.97310495 6.17661953 0.0770413578 2.0502305 5.26309299 0.976364672 2.0502305 5.26309299 0.976364672 2.0502305 5.26309299 0.976364672 2.0502305 5.26309299 0.976364672 0.12875697 4.59287167 0.675106466 0.12875697 4.59287167 0.675106466 0.12875697 4.59287167 0.675106466 0.12875697 4.59287167 0.675106466 0.128600672 5.92619848 0.674544692 0.128600672 5.92619848 0.674544692 0.128600672 5.92619848 0.674544692 0.128600672 5.92619848 0.674544692 7.43333626 5.24612904 -0.574103355 7.43333626 5.24612904 -0.574103355 7.43333626 5.24612904 -0.574103355 7.43333626 5.24612904 -0.574103355 7.90369654 4.33656359 0.356242657 7.90369654 4.33656359 0.356242657 7.90369654 4.33656359 0.356242657 7.90369654 4.33656359 0.356242657 7.89890957 6.20197487 0.331392974 7.89890957 6.20197487 0.331392974 7.89890957 6.20197487 0.331392974 7.89890957 6.20197487 0.331392974 8.68156338 5.36901093 2.34595823 8.68156338 5.36901093 2.34595823 8.68156338 5.36901093 2.34595823 8.68156338 5.36901093 2.34595823 5.1630702 4.59962749 0.954274535 5.1630702 4.59962749 0.954274535 5.1630702 4.59962749 0.954274535 5.1630702 4.59962749 0.954274535 5.16182184 5.95184422 0.944764256 5.16182184 5.95184422 0.944764256 5.16182184 5.95184422 0.944764256 5.16182184 5.95184422 0.944764256 4.75047684 4.58808184 -0.394979417 4.75047684 4.58808184 -0.394979417 4.75047684 4.58808184 -0.394979417 4.75047684 4.58808184 -0.394979417 4.74672556 5.92126846 -0.408464551 4.74672556 5.92126846 -0.408464551 4.74672556 5.92126846 -0.408464551 4.74672556 5.92126846 -0.408464551 10.8975267 5.23039818 -1.76011884 10.8975267 5.23039818 -1.76011884 10.8975267 5.23039818 -1.76011884 10.8975267 5.23039818 -1.76011884 11.3861866 4.32450247 -0.840540409 11.3861866 4.32450247 -0.840540409 11.3861866 4.32450247 -0.840540409 11.3861866 4.32450247 -0.840540409 11.3797235 6.1898489 -0.871419072 11.3797235 6.1898489 -0.871419072 11.3797235 6.1898489 -0.871419072 11.3797235 6.1898489 -0.871419072 12.6054678 5.36837149 0.854955792 12.6054678 5.36837149 0.854955792 12.6054678 5.36837149 0.854955792 12.6054678 5.36837149 0.854955792 10.6423445 6.3075242 1.68062496 10.6423445 6.3075242 1.68062496 10.6423445 6.3075242 1.68062496 10.6423445 6.3075242 1.68062496 9.32542133 5.91144705 -0.683270991 9.32542133 5.91144705 -0.683270991 9.32542133 5.91144705 -0.683270991 9.32542133 5.91144705 -0.683270991 9.33276749 4.57840061 -0.656862676 9.33276749 4.57840061 -0.656862676 9.33276749 4.57840061 -0.656862676 9.33276749 4.57840061 -0.656862676 10.5950012 4.4278183 1.61993253 10.5950012 4.4278183 1.61993253 10.5950012 4.4278183 1.61993253 10.5950012 4.4278183 1.61993253 15.9616985 5.21880102 -4.67662668 15.9616985 5.21880102 -4.67662668 15.9616985 5.21880102 -4.67662668 15.9616985 5.21880102 -4.67662668 16.4036083 4.30270052 -3.7966547 16.4036083 4.30270052 -3.7966547 16.4036083 4.30270052 -3.7966547 16.4036083 4.30270052 -3.7966547 16.5405426 6.12960911 -3.87188077 16.5405426 6.12960911 -3.87188077 16.5405426 6.12960911 -3.87188077 16.5405426 6.12960911 -3.87188077 17.0740795 5.19956255 -2.29945016 17.0740795 5.19956255 -2.29945016 17.0740795 5.19956255 -2.29945016 17.0740795 5.19956255 -2.29945016 14.298913 5.93642807 -1.69859993 14.298913 5.93642807 -1.69859993 14.298913 5.93642807 -1.69859993 14.298913 5.93642807 -1.69859993 13.5473118 5.88672781 -3.01168132 13.5473118 5.88672781 -3.01168132 13.5473118 5.88672781 -3.01168132 13.5473118 5.88672781 -3.01168132 13.5415792 4.55727005 -2.98134899 13.5415792 4.55727005 -2.98134899 13.5415792 4.55727005 -2.98134899 13.5415792 4.55727005 -2.98134899 14.292202 4.56754875 -1.67235911 14.292202 4.56754875 -1.67235911 14.292202 4.56754875 -1.67235911 14.292202 4.56754875 -1.67235911 12.9401064 5.61972666 7.55097628 12.9401064 5.61972666 7.55097628 12.9401064 5.61972666 7.55097628 12.9401064 5.61972666 7.55097628 14.379447 5.671134 6.53247738 14.379447 5.671134 6.53247738 14.379447 5.671134 6.53247738 14.379447 5.671134 6.53247738 13.8069086 6.50671005 7.28277159 13.8069086 6.50671005 7.28277159 13.8069086 6.50671005 7.28277159 13.8069086 6.50671005 7.28277159 13.5126457 4.78415012 6.80068302 13.5126457 4.78415012 6.80068302 13.5126457 4.78415012 6.80068302 13.5126457 4.78415012 6.80068302 12.7004452 4.91883039 3.8807373 12.7004452 4.91883039 3.8807373 12.7004452 4.91883039 3.8807373 12.7004452 4.91883039 3.8807373 11.4249983 4.89971066 4.63369226 11.4249983 4.89971066 4.63369226 11.4249983 4.89971066 4.63369226 11.4249983 4.89971066 4.63369226 12.8242416 6.2242465 4.07736158 12.8242416 6.2242465 4.07736158 12.8242416 6.2242465 4.07736158 12.8242416 6.2242465 4.07736158 11.5488701 6.20512915 4.83058643 11.5488701 6.20512915 4.83058643 11.5488701 6.20512915 4.83058643 11.5488701 6.20512915 4.83058643 14.8885355 4.86256552 10.4386148 14.8885355 4.86256552 10.4386148 14.8885355 4.86256552 10.4386148 14.8885355 4.86256552 10.4386148 16.3097515 4.92609882 9.39270782 16.3097515 4.92609882 9.39270782 16.3097515 4.92609882 9.39270782 16.3097515 4.92609882 9.39270782 15.7767324 5.74457598 10.2086229 15.7767324 5.74457598 10.2086229 15.7767324 5.74457598 10.2086229 15.7767324 5.74457598 10.2086229 15.4215536 4.04408932 9.62269974 15.4215536 4.04408932 9.62269974 15.4215536 4.04408932 9.62269974 15.4215536 4.04408932 9.62269974 14.3198042 6.01323605 9.29249382 14.3198042 6.01323605 9.29249382 14.3198042 6.01323605 9.29249382 14.3198042 6.01323605 9.29249382 15.3550625 6.0583396 8.5343256 15.3550625 6.0583396 8.5343256 15.3550625 6.0583396 8.5343256 15.3550625 6.0583396 8.5343256 14.0670309 4.77451181 8.87580681 14.0670309 4.77451181 8.87580681 14.0670309 4.77451181 8.87580681 14.0670309 4.77451181 8.87580681 15.1022882 4.81961489 8.11763763 15.1022882 4.81961489 8.11763763 15.1022882 4.81961489 8.11763763 15.1022882 4.81961489 8.11763763 18.8933372 4.90199709 -6.36987638 18.8933372 4.90199709 -6.36987638 18.8933372 4.90199709 -6.36987638 18.8933372 4.90199709 -6.36987638 18.9772701 4.000103 -5.38368988 18.9772701 4.000103 -5.38368988 18.9772701 4.000103 -5.38368988 18.9772701 4.000103 -5.38368988 19.7089996 5.66604185 -5.61002254 19.7089996 5.66604185 -5.61002254 19.7089996 5.66604185 -5.61002254 19.7089996 5.66604185 -5.61002254 20.3444271 4.71473217 -4.19820738 20.3444271 4.71473217 -4.19820738 20.3444271 4.71473217 -4.19820738 20.3444271 4.71473217 -4.19820738 18.5702496 4.22616005 -3.51950002 18.5702496 4.22616005 -3.51950002 18.5702496 4.22616005 -3.51950002 18.5702496 4.22616005 -3.51950002 19.0124626 6.00428057 -3.67301607 19.0124626 6.00428057 -3.67301607 19.0124626 6.00428057 -3.67301607 19.0124626 6.00428057 -3.67301607 17.5890903 4.56586981 -5.36104107 17.5890903 4.56586981 -5.36104107 17.5890903 4.56586981 -5.36104107 17.5890903 4.56586981 -5.36104107 17.8992329 5.81294394 -5.46870899 17.8992329 5.81294394 -5.46870899 17.8992329 5.81294394 -5.46870899 17.8992329 5.81294394 -5.46870899 17.0098438 3.62426066 12.7465601 17.0098438 3.62426066 12.7465601 17.0098438 3.62426066 12.7465601 17.0098438 3.62426066 12.7465601 17.9549255 3.66650963 12.0510502 17.9549255 3.66650963 12.0510502 17.9549255 3.66650963 12.0510502 17.9549255 3.66650963 12.0510502 17.6004772 4.210783 12.5936165 17.6004772 4.210783 12.5936165 17.6004772 4.210783 12.5936165 17.6004772 4.210783 12.5936165 17.3642883 3.07998753 12.20399 17.3642883 3.07998753 12.20399 17.3642883 3.07998753 12.20399 17.3642883 3.07998753 12.20399 16.0111427 3.59705639 11.4342632 16.0111427 3.59705639 11.4342632 16.0111427 3.59705639 11.4342632 16.0111427 3.59705639 11.4342632 16.2583942 4.78081226 11.8421412 16.2583942 4.78081226 11.8421412 16.2583942 4.78081226 11.8421412 16.2583942 4.78081226 11.8421412 17.0004883 3.64128351 10.7061787 17.0004883 3.64128351 10.7061787 17.0004883 3.64128351 10.7061787 17.0004883 3.64128351 10.7061787 17.2477417 4.82504034 11.1140556 17.2477417 4.82504034 11.1140556 17.2477417 4.82504034 11.1140556 17.2477417 4.82504034 11.1140556 21.6139946 3.43844581 -7.61711836 21.6139946 3.43844581 -7.61711836 21.6139946 3.43844581 -7.61711836 21.6139946 3.43844581 -7.61711836 21.6051102 2.84463835 -6.99224997 21.6051102 2.84463835 -6.99224997 21.6051102 2.84463835 -6.99224997 21.6051102 2.84463835 -6.99224997 22.1791306 3.90630126 -7.16448307 22.1791306 3.90630126 -7.16448307 22.1791306 3.90630126 -7.16448307 22.1791306 3.90630126 -7.16448307 22.1702461 3.3124938 -6.53961468 22.1702461 3.3124938 -6.53961468 22.1702461 3.3124938 -6.53961468 22.1702461 3.3124938 -6.53961468 20.752636 3.46848798 -5.67616129 20.752636 3.46848798 -5.67616129 20.752636 3.46848798 -5.67616129 20.752636 3.46848798 -5.67616129 21.3511791 4.60047865 -5.8562932 21.3511791 4.60047865 -5.8562932 21.3511791 4.60047865 -5.8562932 21.3511791 4.60047865 -5.8562932 20.1435318 3.59899402 -6.86726093 20.1435318 3.59899402 -6.86726093 20.1435318 3.59899402 -6.86726093 20.1435318 3.59899402 -6.86726093 20.7312031 4.71396255 -7.04419613 20.7312031 4.71396255 -7.04419613 20.7312031 4.71396255 -7.04419613 20.7312031 4.71396255 -7.04419613 19.2794666 5.03273964 0.330702722 19.2794666 5.03273964 0.330702722 19.2794666 5.03273964 0.330702722 19.2794666 5.03273964 0.330702722 21.8850708 4.63628483 -1.1922754 21.8850708 4.63628483 -1.1922754 21.8850708 4.63628483 -1.1922754 21.8850708 4.63628483 -1.1922754 20.534523 4.04373169 -0.163089886 20.534523 4.04373169 -0.163089886 20.534523 4.04373169 -0.163089886 20.534523 4.04373169 -0.163089886 20.976738 5.82185173 -0.316605955 20.976738 5.82185173 -0.316605955 20.976738 5.82185173 -0.316605955 20.976738 5.82185173 -0.316605955 20.2259865 4.33622646 -2.23777676 20.2259865 4.33622646 -2.23777676 20.2259865 4.33622646 -2.23777676 20.2259865 4.33622646 -2.23777676 19.0045948 4.42850161 -1.47016311 19.0045948 4.42850161 -1.47016311 19.0045948 4.42850161 -1.47016311 19.0045948 4.42850161 -1.47016311 19.1461563 5.7611289 -1.53586984 19.1461563 5.7611289 -1.53586984 19.1461563 5.7611289 -1.53586984 19.1461563 5.7611289 -1.53586984 20.7233181 5.57257366 -2.39386487 20.7233181 5.57257366 -2.39386487 20.7233181 5.57257366 -2.39386487 20.7233181 5.57257366 -2.39386487 20.7371597 4.89095449 2.3678925 20.7371597 4.89095449 2.3678925 20.7371597 4.89095449 2.3678925 20.7371597 4.89095449 2.3678925 22.9086266 4.51550722 1.09610617 22.9086266 4.51550722 1.09610617 22.9086266 4.51550722 1.09610617 22.9086266 4.51550722 1.09610617 21.5989571 4.19582415 1.56192183 21.5989571 4.19582415 1.56192183 21.5989571 4.19582415 1.56192183 21.5989571 4.19582415 1.56192183 21.9091034 5.44289875 1.45425427 21.9091034 5.44289875 1.45425427 21.9091034 5.44289875 1.45425427 21.9091034 5.44289875 1.45425427 22.0767174 3.73592138 0.410856605 22.0767174 3.73592138 0.410856605 22.0767174 3.73592138 0.410856605 22.0767174 3.73592138 0.410856605 20.2155113 4.02365255 1.59927082 20.2155113 4.02365255 1.59927082 20.2155113 4.02365255 1.59927082 20.2155113 4.02365255 1.59927082 20.3524456 5.85056162 1.52404416 20.3524456 5.85056162 1.52404416 20.3524456 5.85056162 1.52404416 20.3524456 5.85056162 1.52404416 22.8084412 5.40186024 0.184524179 22.8084412 5.40186024 0.184524179 22.8084412 5.40186024 0.184524179 22.8084412 5.40186024 0.184524179 24.177002 3.48211002 -1.34243333 24.177002 3.48211002 -1.34243333 24.177002 3.48211002 -1.34243333 24.177002 3.48211002 -1.34243333 24.7453728 3.4259727 -0.355420291 24.7453728 3.4259727 -0.355420291 24.7453728 3.4259727 -0.355420291 24.7453728 3.4259727 -0.355420291 24.1741772 2.92321014 -0.762810946 24.1741772 2.92321014 -0.762810946 24.1741772 2.92321014 -0.762810946 24.1741772 2.92321014 -0.762810946 24.7481995 3.9848721 -0.935042918 24.7481995 3.9848721 -0.935042918 24.7481995 3.9848721 -0.935042918 24.7481995 3.9848721 -0.935042918 24.1806679 4.51969481 0.111849822 24.1806679 4.51969481 0.111849822 24.1806679 4.51969481 0.111849822 24.1806679 4.51969481 0.111849822 23.5584736 4.59768057 -0.982780993 23.5584736 4.59768057 -0.982780993 23.5584736 4.59768057 -0.982780993 23.5584736 4.59768057 -0.982780993 23.5929985 3.40472746 0.288785845 23.5929985 3.40472746 0.288785845 23.5929985 3.40472746 0.288785845 23.5929985 3.40472746 0.288785845 22.9599361 3.46569037 -0.802649558 22.9599361 3.46569037 -0.802649558 22.9599361 3.46569037 -0.802649558 22.9599361 3.46569037 -0.802649558 16.9688206 5.01359177 2.56360173 16.9688206 5.01359177 2.56360173 16.9688206 5.01359177 2.56360173 16.9688206 5.01359177 2.56360173 18.6637936 4.94887304 4.89680099 18.6637936 4.94887304 4.89680099 18.6637936 4.94887304 4.89680099 18.6637936 4.94887304 4.89680099 17.443779 4.03935862 3.41329789 17.443779 4.03935862 3.41329789 17.443779 4.03935862 3.41329789 17.443779 4.03935862 3.41329789 17.4332752 5.90616941 3.37552834 17.4332752 5.90616941 3.37552834 17.4332752 5.90616941 3.37552834 17.4332752 5.90616941 3.37552834 19.2383652 5.60524988 3.06228662 19.2383652 5.60524988 3.06228662 19.2383652 5.60524988 3.06228662 19.2383652 5.60524988 3.06228662 19.2327404 4.25579739 3.09302354 19.2327404 4.25579739 3.09302354 19.2327404 4.25579739 3.09302354 19.2327404 4.25579739 3.09302354 18.5303535 4.32006788 1.86829817 18.5303535 4.32006788 1.86829817 18.5303535 4.32006788 1.86829817 18.5303535 4.32006788 1.86829817 18.5345173 5.6699152 1.83793092 18.5345173 5.6699152 1.83793092 18.5345173 5.6699152 1.83793092 18.5345173 5.6699152 1.83793092 15.2056284 5.01094484 3.9106555 15.2056284 5.01094484 3.9106555 15.2056284 5.01094484 3.9106555 15.2056284 5.01094484 3.9106555 16.0754337 4.97842741 6.16484785 16.0754337 4.97842741 6.16484785 16.0754337 4.97842741 6.16484785 16.0754337 4.97842741 6.16484785 15.5481396 4.3471241 4.58123732 15.5481396 4.3471241 4.58123732 15.5481396 4.3471241 4.58123732 15.5481396 4.3471241 4.58123732 15.5409584 5.62307739 4.55542231 15.5409584 5.62307739 4.55542231 15.5409584 5.62307739 4.55542231 15.5409584 5.62307739 4.55542231 17.081068 4.03772163 5.57672691 17.081068 4.03772163 5.57672691 17.081068 4.03772163 5.57672691 17.081068 4.03772163 5.57672691 15.9286461 4.36986494 3.4782536 15.9286461 4.36986494 3.4782536 15.9286461 4.36986494 3.4782536 15.9286461 4.36986494 3.4782536 15.9214659 5.64581823 3.45243812 15.9214659 5.64581823 3.45243812 15.9214659 5.64581823 3.45243812 15.9214659 5.64581823 3.45243812 17.0705605 5.90453196 5.5389576 17.0705605 5.90453196 5.5389576 17.0705605 5.90453196 5.5389576 17.0705605 5.90453196 5.5389576 20.1156769 5.04650021 9.47723866 20.1156769 5.04650021 9.47723866 20.1156769 5.04650021 9.47723866 20.1156769 5.04650021 9.47723866 18.8376064 5.05420685 10.2136497 18.8376064 5.05420685 10.2136497 18.8376064 5.05420685 10.2136497 18.8376064 5.05420685 10.2136497 19.480072 4.44091988 9.85777473 19.480072 4.44091988 9.85777473 19.480072 4.44091988 9.85777473 19.480072 4.44091988 9.85777473 19.4732113 5.65978765 9.83311462 19.4732113 5.65978765 9.83311462 19.4732113 5.65978765 9.83311462 19.4732113 5.65978765 9.83311462 17.6546803 5.64825439 8.22360802 17.6546803 5.64825439 8.22360802 17.6546803 5.64825439 8.22360802 17.6546803 5.64825439 8.22360802 19.0351906 5.64835882 7.40482855 19.0351906 5.64835882 7.40482855 19.0351906 5.64835882 7.40482855 19.0351906 5.64835882 7.40482855 17.6618595 4.3723011 8.24942398 17.6618595 4.3723011 8.24942398 17.6618595 4.3723011 8.24942398 17.6618595 4.3723011 8.24942398 19.0424843 4.35240936 7.43104839 19.0424843 4.35240936 7.43104839 19.0424843 4.35240936 7.43104839 19.0424843 4.35240936 7.43104839 0.112212375 5.25886488 -0.904096127 0.112212375 5.25886488 -0.904096127 0.112212375 5.25886488 -0.904096127 0.112212375 5.25886488 -0.904096127 5.21244574 5.2815547 1.2280184 5.21244574 5.2815547 1.2280184 5.21244574 5.2815547 1.2280184 5.21244574 5.2815547 1.2280184 0.131278768 5.25964069 0.92412895 0.131278768 5.25964069 0.92412895 0.131278768 5.25964069 0.92412895 0.131278768 5.25964069 0.92412895 0.121853039 4.34259033 0.010402753 0.121853039 4.34259033 0.010402753 0.121853039 4.34259033 0.010402753 0.121853039 4.34259033 0.010402753 0.121638119 6.17591476 0.00963017344 0.121638119 6.17591476 0.00963017344 0.121638119 6.17591476 0.00963017344 0.121638119 6.17591476 0.00963017344 9.72945595 6.21751785 0.035659451 9.72945595 6.21751785 0.035659451 9.72945595 6.21751785 0.035659451 9.72945595 6.21751785 0.035659451 4.93551874 4.34388208 0.248850703 4.93551874 4.34388208 0.248850703 4.93551874 4.34388208 0.248850703 4.93551874 4.34388208 0.248850703 4.93098593 6.18177176 0.231302381 4.93098593 6.18177176 0.231302381 4.93098593 6.18177176 0.231302381 4.93098593 6.18177176 0.231302381 4.68620253 5.25213337 -0.635003567 4.68620253 5.25213337 -0.635003567 4.68620253 5.25213337 -0.635003567 4.68620253 5.25213337 -0.635003567 13.8970232 6.1538806 -2.40992999 13.8970232 6.1538806 -2.40992999 13.8970232 6.1538806 -2.40992999 13.8970232 6.1538806 -2.40992999 9.20689487 5.23994589 -0.887326479 9.20689487 5.23994589 -0.887326479 9.20689487 5.23994589 -0.887326479 9.20689487 5.23994589 -0.887326479 12.0487995 4.67501688 4.24320889 12.0487995 4.67501688 4.24320889 12.0487995 4.67501688 4.24320889 12.0487995 4.67501688 4.24320889 9.73306847 4.32152796 0.0616298802 9.73306847 4.32152796 0.0616298802 9.73306847 4.32152796 0.0616298802 9.73306847 4.32152796 0.0616298802 19.5748386 4.1732893 -1.84372461 19.5748386 4.1732893 -1.84372461 19.5748386 4.1732893 -1.84372461 19.5748386 4.1732893 -1.84372461 13.4198704 5.21755934 -3.21317005 13.4198704 5.21755934 -3.21317005 13.4198704 5.21755934 -3.21317005 13.4198704 5.21755934 -3.21317005 14.4518528 5.25979185 -1.41073537 14.4518528 5.25979185 -1.41073537 14.4518528 5.25979185 -1.41073537 14.4518528 5.25979185 -1.41073537 13.888895 4.31602049 -2.36924577 13.888895 4.31602049 -2.36924577 13.888895 4.31602049 -2.36924577 13.888895 4.31602049 -2.36924577 14.8848286 6.26804829 8.99153709 14.8848286 6.26804829 8.99153709 14.8848286 6.26804829 8.99153709 14.8848286 6.26804829 8.99153709 13.0171394 5.57694054 3.85814619 13.0171394 5.57694054 3.85814619 13.0171394 5.57694054 3.85814619 13.0171394 5.57694054 3.85814619 11.2573347 5.55028534 4.89079237 11.2573347 5.55028534 4.89079237 11.2573347 5.55028534 4.89079237 11.2573347 5.55028534 4.89079237 12.2204447 6.45199394 4.51621914 12.2204447 6.45199394 4.51621914 12.2204447 6.45199394 4.51621914 12.2204447 6.45199394 4.51621914 15.9628859 4.17123842 11.7937546 15.9628859 4.17123842 11.7937546 15.9628859 4.17123842 11.7937546 15.9628859 4.17123842 11.7937546 13.9993057 5.38541698 9.22630787 13.9993057 5.38541698 9.22630787 13.9993057 5.38541698 9.22630787 13.9993057 5.38541698 9.22630787 14.5372639 4.56480169 8.41859436 14.5372639 4.56480169 8.41859436 14.5372639 4.56480169 8.41859436 14.5372639 4.56480169 8.41859436 15.4227858 5.44743395 8.18382549 15.4227858 5.44743395 8.18382549 15.4227858 5.44743395 8.18382549 15.4227858 5.44743395 8.18382549 21.2155495 3.99036264 -5.55853367 21.2155495 3.99036264 -5.55853367 21.2155495 3.99036264 -5.55853367 21.2155495 3.99036264 -5.55853367 17.8918896 4.27198553 -4.67669058 17.8918896 4.27198553 -4.67669058 17.8918896 4.27198553 -4.67669058 17.8918896 4.27198553 -4.67669058 18.3335915 6.04802752 -4.83002663 18.3335915 6.04802752 -4.83002663 18.3335915 6.04802752 -4.83002663 18.3335915 6.04802752 -4.83002663 17.624733 5.19977951 -5.63363504 17.624733 5.19977951 -5.63363504 17.624733 5.19977951 -5.63363504 17.624733 5.19977951 -5.63363504 17.7834473 3.44572163 12.7957735 17.7834473 3.44572163 12.7957735 17.7834473 3.44572163 12.7957735 17.7834473 3.44572163 12.7957735 16.4734707 3.38720918 11.0121784 16.4734707 3.38720918 11.0121784 16.4734707 3.38720918 11.0121784 16.4734707 3.38720918 11.0121784 17.3242855 4.23209763 10.7918644 17.3242855 4.23209763 10.7918644 17.3242855 4.23209763 10.7918644 17.3242855 4.23209763 10.7918644 16.8136997 5.01612663 11.5734415 16.8136997 5.01612663 11.5734415 16.8136997 5.01612663 11.5734415 16.8136997 5.01612663 11.5734415 22.3022537 3.11441875 -7.32060862 22.3022537 3.11441875 -7.32060862 22.3022537 3.11441875 -7.32060862 22.3022537 3.11441875 -7.32060862 20.3468571 3.31267667 -6.26844597 20.3468571 3.31267667 -6.26844597 20.3468571 3.31267667 -6.26844597 20.3468571 3.31267667 -6.26844597 21.1582623 4.85118866 -6.51272202 21.1582623 4.85118866 -6.51272202 21.1582623 4.85118866 -6.51272202 21.1582623 4.85118866 -6.51272202 20.34692 4.16836262 -7.17910957 20.34692 4.16836262 -7.17910957 20.34692 4.16836262 -7.17910957 20.34692 4.16836262 -7.17910957 21.1772423 3.96868253 0.964555383 21.1772423 3.96868253 0.964555383 21.1772423 3.96868253 0.964555383 21.1772423 3.96868253 0.964555383 20.0059376 5.90672302 -1.99338257 20.0059376 5.90672302 -1.99338257 20.0059376 5.90672302 -1.99338257 20.0059376 5.90672302 -1.99338257 20.7209282 4.91424942 -2.45832777 20.7209282 4.91424942 -2.45832777 20.7209282 4.91424942 -2.45832777 20.7209282 4.91424942 -2.45832777 18.8060627 5.11179304 -1.34583354 18.8060627 5.11179304 -1.34583354 18.8060627 5.11179304 -1.34583354 18.8060627 5.11179304 -1.34583354 21.8705826 4.80784941 1.71048808 21.8705826 4.80784941 1.71048808 21.8705826 4.80784941 1.71048808 21.8705826 4.80784941 1.71048808 19.3962803 4.91996145 3.29863358 19.3962803 4.91996145 3.29863358 19.3962803 4.91996145 3.29863358 19.3962803 4.91996145 3.29863358 21.6189384 5.7447238 0.811218619 21.6189384 5.7447238 0.811218619 21.6189384 5.7447238 0.811218619 21.6189384 5.7447238 0.811218619 24.0017414 4.75428724 -0.457668424 24.0017414 4.75428724 -0.457668424 24.0017414 4.75428724 -0.457668424 24.0017414 4.75428724 -0.457668424 24.7655773 3.25922894 -1.03528941 24.7655773 3.25922894 -1.03528941 24.7655773 3.25922894 -1.03528941 24.7655773 3.25922894 -1.03528941 24.0130062 3.94200945 0.385841697 24.0130062 3.94200945 0.385841697 24.0130062 3.94200945 0.385841697 24.0130062 3.94200945 0.385841697 23.1701202 4.02945995 -1.12851286 23.1701202 4.02945995 -1.12851286 23.1701202 4.02945995 -1.12851286 23.1701202 4.02945995 -1.12851286 23.1903381 3.21577525 -0.213391751 23.1903381 3.21577525 -0.213391751 23.1903381 3.21577525 -0.213391751 23.1903381 3.21577525 -0.213391751 16.2828655 4.06749916 4.13924503 16.2828655 4.06749916 4.13924503 16.2828655 4.06749916 4.13924503 16.2828655 4.06749916 4.13924503 18.8744793 4.04183292 2.47869587 18.8744793 4.04183292 2.47869587 18.8744793 4.04183292 2.47869587 18.8744793 4.04183292 2.47869587 18.3816376 5.00879622 1.64292622 18.3816376 5.00879622 1.64292622 18.3816376 5.00879622 1.64292622 18.3816376 5.00879622 1.64292622 18.8819427 5.87993336 2.43687892 18.8819427 5.87993336 2.43687892 18.8819427 5.87993336 2.43687892 18.8819427 5.87993336 2.43687892 15.2879448 4.98711443 4.70453548 15.2879448 4.98711443 4.70453548 15.2879448 4.98711443 4.70453548 15.2879448 4.98711443 4.70453548 15.801856 5.01895952 3.27759194 15.801856 5.01895952 3.27759194 15.801856 5.01895952 3.27759194 15.801856 5.01895952 3.27759194 16.272583 5.89462709 4.10227919 16.272583 5.89462709 4.10227919 16.272583 5.89462709 4.10227919 16.272583 5.89462709 4.10227919 18.3485107 5.88706493 7.85519028 18.3485107 5.88706493 7.85519028 18.3485107 5.88706493 7.85519028 18.3485107 5.88706493 7.85519028 19.888298 5.06712151 10.5597143 19.888298 5.06712151 10.5597143 19.888298 5.06712151 10.5597143 19.888298 5.06712151 10.5597143 17.4260406 5.0125823 8.4150238 17.4260406 5.0125823 8.4150238 17.4260406 5.0125823 8.4150238 17.4260406 5.0125823 8.4150238 19.3412056 4.99919939 7.3261776 19.3412056 4.99919939 7.3261776 19.3412056 4.99919939 7.3261776 19.3412056 4.99919939 7.3261776 18.3584194 4.12628031 7.89081478 18.3584194 4.12628031 7.89081478 18.3584194 4.12628031 7.89081478 18.3584194 4.12628031 7.89081478 </float_array>
          <technique_common>
            <accessor count="976" offset="0" source="#Mesh-positions-array" stride="3">
              <param name="X" type="float" />
              <param name="Y" type="float" />
              <param name="Z" type="float" />
            </accessor>
          </technique_common>
        </source>
        <source id="Mesh-normals" name="Mesh-normals">
          <float_array id="Mesh-normals-array" count="2928"> 0.00269992766 0.936074913 -0.351790547 0.00650024461 0.35051316 -0.936535239 0.00290005677 -0.936218321 -0.351406872 0.00649994193 -0.350896865 -0.936391652 -0.00350006181 0.936216533 0.351406187 -0.0102995792 0.350885659 0.93636173 -0.00339990156 -0.936072886 0.351789802 -0.0102000693 -0.350502342 0.936506331 0.0117001785 0.933914304 -0.357305497 0.0216993149 0.934770525 -0.354588807 0.0268005021 0.345006466 -0.93821764 0.0687014088 0.353207231 -0.933019161 0.0123997312 -0.935279727 -0.353692353 0.0245985892 -0.942045987 -0.334580809 0.0269005727 -0.348507434 -0.936919928 0.0712011009 -0.364405632 -0.928514361 -0.0151999677 0.935197949 0.353799254 -0.0205998924 0.933495104 0.357998133 -0.0448009856 0.348007649 0.936420619 -0.0588993169 0.339696079 0.938689172 -0.014700491 -0.933831155 0.357411921 -0.0201991089 -0.927859068 0.372383565 -0.0445012972 -0.344510049 0.937727332 -0.0586020127 -0.327211231 0.943132341 0.0630981028 -0.932471871 0.355689257 0.164995223 -0.315790862 0.934372962 -0.00709992833 -0.924590647 0.380896121 -0.0188006405 -0.308210492 0.951132357 0.0572032407 0.949853837 0.307417423 0.163795575 0.351690501 0.921675086 -0.00790023617 0.937828064 0.347010374 -0.0190003049 0.333905369 0.942415118 0.0310995579 0.989985943 -0.137698054 0.0384013318 0.967533469 -0.249808654 0.116796926 0.975774288 -0.18499513 0.226197407 0.489094406 -0.842390358 0.602159679 0.504766285 -0.618558645 0.0505974889 -0.983251214 -0.175091311 0.0576979294 -0.997564197 -0.0391985923 0.170793682 -0.981963694 -0.0810970068 0.248003796 -0.498907626 -0.830412686 0.648401916 -0.488501459 -0.583901703 0.155598089 -0.93738848 0.311596185 0.173095524 -0.935575783 0.307792038 0.431292236 -0.33129403 0.83918494 0.468895406 -0.333696753 0.817791998 0.141497344 0.954282105 0.263295084 0.162100926 0.950105369 0.266501516 0.427698165 0.369398415 0.824996471 0.465486467 0.369189262 0.804376602 -0.0993031412 0.992331386 -0.0736023337 -0.130701423 0.976510584 -0.171301857 -0.208510816 0.977850735 -0.0182009451 -0.622311175 0.524109423 -0.581410408 -0.830570102 0.546480358 0.107296139 -0.0619987957 -0.997680604 0.0280994549 -0.110702299 -0.990020633 -0.0872018114 -0.148202509 -0.983816624 0.100701705 -0.642987311 -0.537189364 -0.545889199 -0.839545608 -0.508227587 0.192010432 0.122004174 -0.948632479 0.291909993 0.163500711 -0.9385041 0.304101318 0.44787854 -0.384781539 0.807061315 0.465495169 -0.346996397 0.81419152 0.165703297 0.943518698 0.286905706 0.187890649 0.935353398 0.299685061 0.466291904 0.362193674 0.807085931 0.477216214 0.339811534 0.810427547 0.0453978479 0.995752752 -0.0800962001 0.172500461 0.976002634 -0.132900357 0.499487728 0.463688612 -0.731782079 -0.0643003508 0.980405331 -0.186201006 -0.293009162 0.455514222 -0.84062624 0.0265988261 -0.993056178 -0.114594951 0.415415585 -0.578921735 -0.70162636 -0.0441984721 -0.99596554 -0.0780973062 -0.0850023478 -0.98092705 -0.174804822 -0.305410892 -0.479417056 -0.82272929 0.25820154 -0.92090553 -0.292001754 0.300293267 -0.940178871 -0.160896391 0.77323103 -0.338813633 -0.536021531 0.790617645 -0.374008358 -0.484810829 0.242696404 0.952685952 -0.182997286 0.338091284 0.93717587 -0.0859977901 0.778359652 0.38168022 -0.498474151 0.811687529 0.354394555 -0.464292854 -0.257791907 -0.952370048 0.162894875 -0.339506656 -0.936818302 0.0843016431 -0.811759353 -0.354382277 0.464176744 -0.820949852 -0.367077589 0.43737331 -0.259987116 0.921354413 0.288985699 -0.313403428 0.94061029 0.130501434 -0.773781359 0.339191824 0.534987152 -0.823718548 0.391008794 0.410609245 0.101200506 -0.84350425 -0.527502596 0.138799608 -0.868697643 -0.475498676 0.680031598 -0.274812758 -0.679731607 0.706800282 -0.292300105 -0.644200325 0.450507045 0.891113877 0.0544008501 0.461993724 0.884287953 0.0677990764 0.81191057 0.356604606 -0.462206006 0.82088846 0.350095093 -0.45119366 -0.450005025 -0.891409993 -0.0537006035 -0.483998954 -0.869698167 -0.0967997909 -0.82088846 -0.350095093 0.45119366 -0.833307266 -0.342402995 0.43400377 -0.123199016 0.858093143 0.498495996 -0.13800256 0.868216157 0.476608843 -0.701422751 0.289009362 0.651521087 -0.706509233 0.292103857 0.644608438 0.278591335 -0.40298745 0.871772885 0.370997638 -0.416297376 0.830094755 -0.0486986302 -0.935673654 0.349490166 -0.227796301 -0.878185749 0.420593172 0.370006591 0.898315966 0.236904204 0.527891994 0.827487469 0.191297114 0.539172947 0.285685658 0.79226023 0.565499306 0.241499692 0.788599014 0.0928955078 0.990652084 -0.0998951644 0.227904007 0.926216245 -0.300305277 -0.0612998903 0.998098195 -0.00649998849 -0.449901402 0.617601931 -0.645102024 -0.65560025 0.747800231 0.104800038 -0.291490555 -0.954569042 0.0618979931 -0.331790924 -0.934574366 0.128396481 -0.543294609 -0.839491725 0.00919990893 -0.841876924 -0.211294204 -0.496586382 -0.96649307 -0.0835994035 0.242698267 0.00419994071 -0.793088853 -0.609091401 0.610423625 -0.202207819 -0.765829623 -0.0343994424 -0.219596446 -0.974984229 0.16789934 0.748697102 -0.641297519 0.364320636 0.931152761 -0.015000849 0.732095361 0.380397588 -0.565096438 -0.536113024 -0.817219913 -0.21150516 -0.899016201 -0.269704849 0.345006198 -0.906807899 -0.258602262 -0.332902908 -0.175999328 0.906996548 0.382598549 -0.704501808 0.709701836 0.000700001779 -0.777300298 0.312900126 0.545800149 0.163499638 -0.307799339 0.937298 -0.397290736 -0.783381701 0.477988809 -0.507119834 -0.198807776 0.838632762 0.460897267 0.263298422 0.84749496 0.462000549 0.857600927 0.226000249 -0.00760006392 0.724906087 0.688805759 0.16189523 0.928172648 -0.335090131 -0.410508662 0.497910529 -0.763916075 -0.491609305 0.83451581 -0.248804688 -0.69583714 -0.715638161 -0.0606032349 -0.7389099 -0.117901579 -0.663408875 -0.991091609 -0.089199245 -0.0988991633 0.0726979375 -0.995571733 -0.0595983081 0.118797563 -0.985579789 0.120497525 0.701151013 -0.462967664 0.542262077 0.808503687 -0.526402473 -0.26310122 -0.00369996647 -0.999890924 0.0142998705 0.177704751 0.983126283 0.0434011631 0.199090943 0.961956203 0.18709147 0.282598853 0.95799613 -0.0487998016 0.720818996 0.424511194 0.547914505 0.893013 0.367605329 -0.259603798 -0.125101373 -0.314103454 0.941110313 -0.258108944 -0.955533147 0.142604947 -0.323710769 -0.933931053 0.15160504 -0.349977255 -0.861244023 0.368476063 -0.749471843 -0.0878966972 0.656175375 0.172393009 0.982960165 0.0637974143 0.240704611 0.498309523 0.832915902 0.406482995 0.908861995 0.0934960917 -0.00750017678 0.990023375 0.140703321 -0.468408346 0.696712375 0.543309629 -0.219693884 -0.926074266 -0.306791484 -0.253702879 -0.915410519 -0.312503576 -0.48660174 -0.315401137 -0.814702928 -0.526908815 -0.354605943 -0.772412956 -0.12599732 0.95157969 -0.280394018 -0.160001725 0.954010367 -0.253502756 -0.458295465 0.369196326 -0.808492005 -0.523730636 0.357920915 -0.773045182 -0.385993153 -0.889484227 -0.244595647 -0.536077738 -0.268688858 -0.800266802 -0.539597392 -0.825795949 -0.1639992 -0.598290324 -0.206596673 -0.774187565 0.0277997442 0.932191432 -0.360896707 0.156799644 0.881797969 -0.444798976 -0.339512736 0.407115251 -0.847931743 -0.392304987 0.400205076 -0.828210473 0.0840974748 -0.263192117 0.961071134 -0.401008397 -0.736015379 0.545411408 -0.525887251 -0.0880978703 0.845979571 0.380310923 0.321109235 0.867324889 0.392998964 0.895097673 0.210599452 -0.141003937 0.713019907 0.686819136 -0.711678386 -0.701978683 -0.0271991733 -0.721703053 -0.0788003355 -0.687702894 -0.999786556 0.0170997698 0.0115998434 0.080597952 0.922376573 -0.377790391 -0.441409349 0.452909589 -0.77461648 -0.580883682 0.796377599 -0.168395266 0.157293305 -0.952959478 0.259088963 0.176700622 -0.948003352 0.264700919 0.493879974 -0.319087058 0.808867216 0.508009136 -0.334106028 0.793914318 0.205287158 0.927341938 0.312880427 0.215294167 0.925974965 0.310191602 0.491719455 0.342813551 0.800431669 0.506991148 0.353593796 0.786086202 -0.092399098 -0.99559027 -0.0161998421 -0.18569541 -0.973275959 -0.135096669 -0.191896915 -0.979084253 0.0675989091 -0.760090232 -0.498793602 -0.416494638 -0.837130427 -0.482117504 0.258409381 -0.065599598 0.997793913 -0.010199938 -0.139396638 0.983676195 -0.11379724 -0.190703183 0.981016457 0.0352005884 -0.757729471 0.492419124 -0.428216636 -0.838278532 0.489387453 0.240393847 0.374807268 -0.920517802 0.110302135 0.682996094 -0.284598351 0.672696114 0.923327386 -0.35711059 -0.141204193 0.401092738 0.902483642 0.156997159 0.674485028 0.308193177 0.670885086 0.926537335 0.356414378 -0.120404847 0.250001341 -0.957205057 -0.145800769 0.262607098 -0.955425858 -0.134903654 0.781121135 -0.419111341 -0.462812543 0.798646927 -0.418224573 -0.43272543 0.246799827 0.953499317 -0.172999874 0.277210534 0.951836109 -0.131004974 0.779619873 0.408810407 -0.474412084 0.80418992 0.409294873 -0.4309946 -0.280098379 -0.958394527 0.0549996868 -0.729765356 -0.65916872 -0.18149139 -0.853807688 -0.404503644 0.32770294 -0.288507521 0.957324922 0.0171004459 -0.737119794 0.643017292 -0.207805589 -0.85804069 0.408319384 0.311514795 0.19069092 -0.959254384 -0.208490074 0.203001499 -0.664804876 -0.71890533 0.734198689 -0.392899275 -0.553698957 0.18071042 0.952554882 -0.244914114 0.195695177 0.637384236 -0.745281577 0.730510414 0.378205419 -0.568608105 0.00269992766 0.936074913 -0.351790547 -0.00350006181 0.936216533 0.351406187 0.00649994193 -0.350896865 -0.936391652 0.00650024461 0.35051316 -0.936535239 0.00290005677 -0.936218321 -0.351406872 -0.00339990156 -0.936072886 0.351789802 -0.0102000693 -0.350502342 0.936506331 -0.0102995792 0.350885659 0.93636173 -0.00350006181 0.936216533 0.351406187 -0.0102995792 0.350885659 0.93636173 -0.0151999677 0.935197949 0.353799254 -0.0448009856 0.348007649 0.936420619 -0.00339990156 -0.936072886 0.351789802 -0.0102000693 -0.350502342 0.936506331 -0.014700491 -0.933831155 0.357411921 -0.0445012972 -0.344510049 0.937727332 -0.0445012972 -0.344510049 0.937727332 -0.0448009856 0.348007649 0.936420619 -0.0586020127 -0.327211231 0.943132341 -0.0588993169 0.339696079 0.938689172 0.0117001785 0.933914304 -0.357305497 0.0216993149 0.934770525 -0.354588807 -0.0151999677 0.935197949 0.353799254 -0.0205998924 0.933495104 0.357998133 0.0123997312 -0.935279727 -0.353692353 0.0245985892 -0.942045987 -0.334580809 -0.014700491 -0.933831155 0.357411921 -0.0201991089 -0.927859068 0.372383565 0.0268005021 0.345006466 -0.93821764 0.0269005727 -0.348507434 -0.936919928 0.0687014088 0.353207231 -0.933019161 0.0712011009 -0.364405632 -0.928514361 0.00269992766 0.936074913 -0.351790547 0.00650024461 0.35051316 -0.936535239 0.0117001785 0.933914304 -0.357305497 0.0268005021 0.345006466 -0.93821764 0.00290005677 -0.936218321 -0.351406872 0.00649994193 -0.350896865 -0.936391652 0.0123997312 -0.935279727 -0.353692353 0.0269005727 -0.348507434 -0.936919928 0.163795575 0.351690501 0.921675086 0.164995223 -0.315790862 0.934372962 -0.0188006405 -0.308210492 0.951132357 -0.0190003049 0.333905369 0.942415118 0.0310995579 0.989985943 -0.137698054 0.0384013318 0.967533469 -0.249808654 0.0572032407 0.949853837 0.307417423 -0.00790023617 0.937828064 0.347010374 0.0505974889 -0.983251214 -0.175091311 0.0576979294 -0.997564197 -0.0391985923 0.0630981028 -0.932471871 0.355689257 -0.00709992833 -0.924590647 0.380896121 0.226197407 0.489094406 -0.842390358 0.248003796 -0.498907626 -0.830412686 0.602159679 0.504766285 -0.618558645 0.648401916 -0.488501459 -0.583901703 0.0216993149 0.934770525 -0.354588807 0.0384013318 0.967533469 -0.249808654 0.0687014088 0.353207231 -0.933019161 0.226197407 0.489094406 -0.842390358 0.0245985892 -0.942045987 -0.334580809 0.0505974889 -0.983251214 -0.175091311 0.0712011009 -0.364405632 -0.928514361 0.248003796 -0.498907626 -0.830412686 -0.00790023617 0.937828064 0.347010374 -0.0190003049 0.333905369 0.942415118 -0.0205998924 0.933495104 0.357998133 -0.0588993169 0.339696079 0.938689172 -0.00709992833 -0.924590647 0.380896121 -0.0188006405 -0.308210492 0.951132357 -0.0201991089 -0.927859068 0.372383565 -0.0586020127 -0.327211231 0.943132341 0.427698165 0.369398415 0.824996471 0.431292236 -0.33129403 0.83918494 0.465486467 0.369189262 0.804376602 0.468895406 -0.333696753 0.817791998 0.141497344 0.954282105 0.263295084 0.162100926 0.950105369 0.266501516 -0.0993031412 0.992331386 -0.0736023337 -0.130701423 0.976510584 -0.171301857 0.155598089 -0.93738848 0.311596185 0.173095524 -0.935575783 0.307792038 -0.0619987957 -0.997680604 0.0280994549 -0.110702299 -0.990020633 -0.0872018114 -0.622311175 0.524109423 -0.581410408 -0.642987311 -0.537189364 -0.545889199 -0.830570102 0.546480358 0.107296139 -0.839545608 -0.508227587 0.192010432 0.0576979294 -0.997564197 -0.0391985923 0.170793682 -0.981963694 -0.0810970068 -0.0619987957 -0.997680604 0.0280994549 -0.148202509 -0.983816624 0.100701705 0.0630981028 -0.932471871 0.355689257 0.155598089 -0.93738848 0.311596185 0.164995223 -0.315790862 0.934372962 0.431292236 -0.33129403 0.83918494 0.0572032407 0.949853837 0.307417423 0.141497344 0.954282105 0.263295084 0.163795575 0.351690501 0.921675086 0.427698165 0.369398415 0.824996471 0.0310995579 0.989985943 -0.137698054 0.116796926 0.975774288 -0.18499513 -0.0993031412 0.992331386 -0.0736023337 -0.208510816 0.977850735 -0.0182009451 0.44787854 -0.384781539 0.807061315 0.465495169 -0.346996397 0.81419152 0.466291904 0.362193674 0.807085931 0.477216214 0.339811534 0.810427547 0.0453978479 0.995752752 -0.0800962001 0.165703297 0.943518698 0.286905706 0.187890649 0.935353398 0.299685061 -0.0643003508 0.980405331 -0.186201006 0.122004174 -0.948632479 0.291909993 0.163500711 -0.9385041 0.304101318 -0.0441984721 -0.99596554 -0.0780973062 -0.0850023478 -0.98092705 -0.174804822 0.415415585 -0.578921735 -0.70162636 0.499487728 0.463688612 -0.731782079 -0.293009162 0.455514222 -0.84062624 -0.305410892 -0.479417056 -0.82272929 -0.0850023478 -0.98092705 -0.174804822 -0.110702299 -0.990020633 -0.0872018114 -0.305410892 -0.479417056 -0.82272929 -0.642987311 -0.537189364 -0.545889199 0.163500711 -0.9385041 0.304101318 0.173095524 -0.935575783 0.307792038 0.465495169 -0.346996397 0.81419152 0.468895406 -0.333696753 0.817791998 0.162100926 0.950105369 0.266501516 0.165703297 0.943518698 0.286905706 0.465486467 0.369189262 0.804376602 0.466291904 0.362193674 0.807085931 -0.0643003508 0.980405331 -0.186201006 -0.130701423 0.976510584 -0.171301857 -0.293009162 0.455514222 -0.84062624 -0.622311175 0.524109423 -0.581410408 0.77323103 -0.338813633 -0.536021531 0.778359652 0.38168022 -0.498474151 0.790617645 -0.374008358 -0.484810829 0.811687529 0.354394555 -0.464292854 -0.773781359 0.339191824 0.534987152 -0.811759353 -0.354382277 0.464176744 -0.820949852 -0.367077589 0.43737331 -0.823718548 0.391008794 0.410609245 0.25820154 -0.92090553 -0.292001754 0.300293267 -0.940178871 -0.160896391 -0.257791907 -0.952370048 0.162894875 -0.339506656 -0.936818302 0.0843016431 0.242696404 0.952685952 -0.182997286 0.338091284 0.93717587 -0.0859977901 -0.259987116 0.921354413 0.288985699 -0.313403428 0.94061029 0.130501434 -0.208510816 0.977850735 -0.0182009451 -0.313403428 0.94061029 0.130501434 -0.823718548 0.391008794 0.410609245 -0.830570102 0.546480358 0.107296139 0.116796926 0.975774288 -0.18499513 0.242696404 0.952685952 -0.182997286 0.602159679 0.504766285 -0.618558645 0.778359652 0.38168022 -0.498474151 -0.148202509 -0.983816624 0.100701705 -0.257791907 -0.952370048 0.162894875 -0.820949852 -0.367077589 0.43737331 -0.839545608 -0.508227587 0.192010432 0.170793682 -0.981963694 -0.0810970068 0.300293267 -0.940178871 -0.160896391 0.648401916 -0.488501459 -0.583901703 0.790617645 -0.374008358 -0.484810829 0.680031598 -0.274812758 -0.679731607 0.706800282 -0.292300105 -0.644200325 0.81191057 0.356604606 -0.462206006 0.82088846 0.350095093 -0.45119366 -0.701422751 0.289009362 0.651521087 -0.706509233 0.292103857 0.644608438 -0.82088846 -0.350095093 0.45119366 -0.833307266 -0.342402995 0.43400377 0.101200506 -0.84350425 -0.527502596 0.138799608 -0.868697643 -0.475498676 -0.450005025 -0.891409993 -0.0537006035 -0.483998954 -0.869698167 -0.0967997909 0.450507045 0.891113877 0.0544008501 0.461993724 0.884287953 0.0677990764 -0.123199016 0.858093143 0.498495996 -0.13800256 0.868216157 0.476608843 0.138799608 -0.868697643 -0.475498676 0.25820154 -0.92090553 -0.292001754 0.706800282 -0.292300105 -0.644200325 0.77323103 -0.338813633 -0.536021531 -0.339506656 -0.936818302 0.0843016431 -0.450005025 -0.891409993 -0.0537006035 -0.811759353 -0.354382277 0.464176744 -0.82088846 -0.350095093 0.45119366 0.338091284 0.93717587 -0.0859977901 0.450507045 0.891113877 0.0544008501 0.811687529 0.354394555 -0.464292854 0.82088846 0.350095093 -0.45119366 -0.13800256 0.868216157 0.476608843 -0.259987116 0.921354413 0.288985699 -0.706509233 0.292103857 0.644608438 -0.773781359 0.339191824 0.534987152 0.278591335 -0.40298745 0.871772885 0.370997638 -0.416297376 0.830094755 0.539172947 0.285685658 0.79226023 0.565499306 0.241499692 0.788599014 0.0928955078 0.990652084 -0.0998951644 0.227904007 0.926216245 -0.300305277 0.370006591 0.898315966 0.236904204 0.527891994 0.827487469 0.191297114 -0.0486986302 -0.935673654 0.349490166 -0.227796301 -0.878185749 0.420593172 -0.291490555 -0.954569042 0.0618979931 -0.543294609 -0.839491725 0.00919990893 -0.449901402 0.617601931 -0.645102024 -0.65560025 0.747800231 0.104800038 -0.841876924 -0.211294204 -0.496586382 -0.96649307 -0.0835994035 0.242698267 0.0453978479 0.995752752 -0.0800962001 0.0928955078 0.990652084 -0.0998951644 0.172500461 0.976002634 -0.132900357 -0.0612998903 0.998098195 -0.00649998849 0.0265988261 -0.993056178 -0.114594951 -0.0441984721 -0.99596554 -0.0780973062 -0.291490555 -0.954569042 0.0618979931 -0.331790924 -0.934574366 0.128396481 0.187890649 0.935353398 0.299685061 0.370006591 0.898315966 0.236904204 0.477216214 0.339811534 0.810427547 0.539172947 0.285685658 0.79226023 0.122004174 -0.948632479 0.291909993 0.370997638 -0.416297376 0.830094755 0.44787854 -0.384781539 0.807061315 -0.0486986302 -0.935673654 0.349490166 0.16789934 0.748697102 -0.641297519 0.610423625 -0.202207819 -0.765829623 0.732095361 0.380397588 -0.565096438 -0.0343994424 -0.219596446 -0.974984229 -0.704501808 0.709701836 0.000700001779 -0.777300298 0.312900126 0.545800149 -0.899016201 -0.269704849 0.345006198 -0.906807899 -0.258602262 -0.332902908 0.00419994071 -0.793088853 -0.609091401 -0.0343994424 -0.219596446 -0.974984229 -0.536113024 -0.817219913 -0.21150516 -0.906807899 -0.258602262 -0.332902908 0.16789934 0.748697102 -0.641297519 0.364320636 0.931152761 -0.015000849 -0.175999328 0.906996548 0.382598549 -0.704501808 0.709701836 0.000700001779 0.364320636 0.931152761 -0.015000849 0.461993724 0.884287953 0.0677990764 0.732095361 0.380397588 -0.565096438 0.81191057 0.356604606 -0.462206006 0.00419994071 -0.793088853 -0.609091401 0.101200506 -0.84350425 -0.527502596 0.610423625 -0.202207819 -0.765829623 0.680031598 -0.274812758 -0.679731607 -0.123199016 0.858093143 0.498495996 -0.175999328 0.906996548 0.382598549 -0.701422751 0.289009362 0.651521087 -0.777300298 0.312900126 0.545800149 -0.483998954 -0.869698167 -0.0967997909 -0.536113024 -0.817219913 -0.21150516 -0.833307266 -0.342402995 0.43400377 -0.899016201 -0.269704849 0.345006198 0.163499638 -0.307799339 0.937298 0.460897267 0.263298422 0.84749496 -0.00760006392 0.724906087 0.688805759 -0.507119834 -0.198807776 0.838632762 0.16189523 0.928172648 -0.335090131 0.462000549 0.857600927 0.226000249 -0.00760006392 0.724906087 0.688805759 -0.491609305 0.83451581 -0.248804688 -0.397290736 -0.783381701 0.477988809 -0.507119834 -0.198807776 0.838632762 -0.69583714 -0.715638161 -0.0606032349 -0.991091609 -0.089199245 -0.0988991633 -0.410508662 0.497910529 -0.763916075 -0.491609305 0.83451581 -0.248804688 -0.7389099 -0.117901579 -0.663408875 -0.991091609 -0.089199245 -0.0988991633 0.16189523 0.928172648 -0.335090131 0.227904007 0.926216245 -0.300305277 -0.410508662 0.497910529 -0.763916075 -0.449901402 0.617601931 -0.645102024 -0.543294609 -0.839491725 0.00919990893 -0.69583714 -0.715638161 -0.0606032349 -0.7389099 -0.117901579 -0.663408875 -0.841876924 -0.211294204 -0.496586382 0.460897267 0.263298422 0.84749496 0.462000549 0.857600927 0.226000249 0.527891994 0.827487469 0.191297114 0.565499306 0.241499692 0.788599014 0.163499638 -0.307799339 0.937298 0.278591335 -0.40298745 0.871772885 -0.227796301 -0.878185749 0.420593172 -0.397290736 -0.783381701 0.477988809 0.701151013 -0.462967664 0.542262077 0.720818996 0.424511194 0.547914505 0.808503687 -0.526402473 -0.26310122 0.893013 0.367605329 -0.259603798 0.240704611 0.498309523 0.832915902 -0.125101373 -0.314103454 0.941110313 -0.468408346 0.696712375 0.543309629 -0.749471843 -0.0878966972 0.656175375 0.172393009 0.982960165 0.0637974143 0.177704751 0.983126283 0.0434011631 0.282598853 0.95799613 -0.0487998016 -0.00750017678 0.990023375 0.140703321 0.0726979375 -0.995571733 -0.0595983081 -0.00369996647 -0.999890924 0.0142998705 -0.258108944 -0.955533147 0.142604947 -0.323710769 -0.933931053 0.15160504 -0.00750017678 0.990023375 0.140703321 -0.0612998903 0.998098195 -0.00649998849 -0.468408346 0.696712375 0.543309629 -0.65560025 0.747800231 0.104800038 0.172500461 0.976002634 -0.132900357 0.282598853 0.95799613 -0.0487998016 0.499487728 0.463688612 -0.731782079 0.893013 0.367605329 -0.259603798 0.0265988261 -0.993056178 -0.114594951 0.0726979375 -0.995571733 -0.0595983081 0.415415585 -0.578921735 -0.70162636 0.808503687 -0.526402473 -0.26310122 -0.323710769 -0.933931053 0.15160504 -0.331790924 -0.934574366 0.128396481 -0.749471843 -0.0878966972 0.656175375 -0.96649307 -0.0835994035 0.242698267 -0.458295465 0.369196326 -0.808492005 -0.48660174 -0.315401137 -0.814702928 -0.523730636 0.357920915 -0.773045182 -0.526908815 -0.354605943 -0.772412956 -0.339512736 0.407115251 -0.847931743 -0.392304987 0.400205076 -0.828210473 -0.536077738 -0.268688858 -0.800266802 -0.598290324 -0.206596673 -0.774187565 0.0277997442 0.932191432 -0.360896707 -0.12599732 0.95157969 -0.280394018 -0.392304987 0.400205076 -0.828210473 -0.458295465 0.369196326 -0.808492005 -0.253702879 -0.915410519 -0.312503576 -0.385993153 -0.889484227 -0.244595647 -0.48660174 -0.315401137 -0.814702928 -0.536077738 -0.268688858 -0.800266802 0.0277997442 0.932191432 -0.360896707 0.156799644 0.881797969 -0.444798976 0.172393009 0.982960165 0.0637974143 0.406482995 0.908861995 0.0934960917 0.177704751 0.983126283 0.0434011631 0.199090943 0.961956203 0.18709147 -0.12599732 0.95157969 -0.280394018 -0.160001725 0.954010367 -0.253502756 0.118797563 -0.985579789 0.120497525 -0.00369996647 -0.999890924 0.0142998705 -0.219693884 -0.926074266 -0.306791484 -0.253702879 -0.915410519 -0.312503576 -0.258108944 -0.955533147 0.142604947 -0.349977255 -0.861244023 0.368476063 -0.385993153 -0.889484227 -0.244595647 -0.539597392 -0.825795949 -0.1639992 0.0840974748 -0.263192117 0.961071134 0.380310923 0.321109235 0.867324889 -0.141003937 0.713019907 0.686819136 -0.525887251 -0.0880978703 0.845979571 -0.441409349 0.452909589 -0.77461648 -0.580883682 0.796377599 -0.168395266 -0.721703053 -0.0788003355 -0.687702894 -0.999786556 0.0170997698 0.0115998434 0.080597952 0.922376573 -0.377790391 0.392998964 0.895097673 0.210599452 -0.141003937 0.713019907 0.686819136 -0.580883682 0.796377599 -0.168395266 -0.401008397 -0.736015379 0.545411408 -0.525887251 -0.0880978703 0.845979571 -0.711678386 -0.701978683 -0.0271991733 -0.999786556 0.0170997698 0.0115998434 -0.539597392 -0.825795949 -0.1639992 -0.598290324 -0.206596673 -0.774187565 -0.711678386 -0.701978683 -0.0271991733 -0.721703053 -0.0788003355 -0.687702894 0.0840974748 -0.263192117 0.961071134 -0.125101373 -0.314103454 0.941110313 -0.349977255 -0.861244023 0.368476063 -0.401008397 -0.736015379 0.545411408 0.080597952 0.922376573 -0.377790391 0.156799644 0.881797969 -0.444798976 -0.339512736 0.407115251 -0.847931743 -0.441409349 0.452909589 -0.77461648 0.240704611 0.498309523 0.832915902 0.380310923 0.321109235 0.867324889 0.392998964 0.895097673 0.210599452 0.406482995 0.908861995 0.0934960917 0.491719455 0.342813551 0.800431669 0.493879974 -0.319087058 0.808867216 0.506991148 0.353593796 0.786086202 0.508009136 -0.334106028 0.793914318 -0.757729471 0.492419124 -0.428216636 -0.760090232 -0.498793602 -0.416494638 -0.837130427 -0.482117504 0.258409381 -0.838278532 0.489387453 0.240393847 0.205287158 0.927341938 0.312880427 0.215294167 0.925974965 0.310191602 -0.065599598 0.997793913 -0.010199938 -0.139396638 0.983676195 -0.11379724 0.157293305 -0.952959478 0.259088963 0.176700622 -0.948003352 0.264700919 -0.092399098 -0.99559027 -0.0161998421 -0.18569541 -0.973275959 -0.135096669 -0.18569541 -0.973275959 -0.135096669 -0.219693884 -0.926074266 -0.306791484 -0.526908815 -0.354605943 -0.772412956 -0.760090232 -0.498793602 -0.416494638 -0.139396638 0.983676195 -0.11379724 -0.160001725 0.954010367 -0.253502756 -0.523730636 0.357920915 -0.773045182 -0.757729471 0.492419124 -0.428216636 0.199090943 0.961956203 0.18709147 0.205287158 0.927341938 0.312880427 0.506991148 0.353593796 0.786086202 0.720818996 0.424511194 0.547914505 0.118797563 -0.985579789 0.120497525 0.157293305 -0.952959478 0.259088963 0.508009136 -0.334106028 0.793914318 0.701151013 -0.462967664 0.542262077 0.674485028 0.308193177 0.670885086 0.682996094 -0.284598351 0.672696114 0.923327386 -0.35711059 -0.141204193 0.926537335 0.356414378 -0.120404847 0.779619873 0.408810407 -0.474412084 0.781121135 -0.419111341 -0.462812543 0.798646927 -0.418224573 -0.43272543 0.80418992 0.409294873 -0.4309946 0.277210534 0.951836109 -0.131004974 0.401092738 0.902483642 0.156997159 0.80418992 0.409294873 -0.4309946 0.926537335 0.356414378 -0.120404847 0.262607098 -0.955425858 -0.134903654 0.374807268 -0.920517802 0.110302135 0.798646927 -0.418224573 -0.43272543 0.923327386 -0.35711059 -0.141204193 0.246799827 0.953499317 -0.172999874 0.277210534 0.951836109 -0.131004974 -0.065599598 0.997793913 -0.010199938 -0.190703183 0.981016457 0.0352005884 0.215294167 0.925974965 0.310191602 0.401092738 0.902483642 0.156997159 0.491719455 0.342813551 0.800431669 0.674485028 0.308193177 0.670885086 0.176700622 -0.948003352 0.264700919 0.374807268 -0.920517802 0.110302135 0.493879974 -0.319087058 0.808867216 0.682996094 -0.284598351 0.672696114 0.250001341 -0.957205057 -0.145800769 0.262607098 -0.955425858 -0.134903654 -0.092399098 -0.99559027 -0.0161998421 -0.191896915 -0.979084253 0.0675989091 -0.729765356 -0.65916872 -0.18149139 -0.737119794 0.643017292 -0.207805589 -0.853807688 -0.404503644 0.32770294 -0.85804069 0.408319384 0.311514795 0.195695177 0.637384236 -0.745281577 0.203001499 -0.664804876 -0.71890533 0.730510414 0.378205419 -0.568608105 0.734198689 -0.392899275 -0.553698957 0.18071042 0.952554882 -0.244914114 0.195695177 0.637384236 -0.745281577 -0.288507521 0.957324922 0.0171004459 -0.737119794 0.643017292 -0.207805589 0.19069092 -0.959254384 -0.208490074 0.203001499 -0.664804876 -0.71890533 -0.280098379 -0.958394527 0.0549996868 -0.729765356 -0.65916872 -0.18149139 0.19069092 -0.959254384 -0.208490074 0.250001341 -0.957205057 -0.145800769 0.734198689 -0.392899275 -0.553698957 0.781121135 -0.419111341 -0.462812543 -0.191896915 -0.979084253 0.0675989091 -0.280098379 -0.958394527 0.0549996868 -0.837130427 -0.482117504 0.258409381 -0.853807688 -0.404503644 0.32770294 0.18071042 0.952554882 -0.244914114 0.246799827 0.953499317 -0.172999874 0.730510414 0.378205419 -0.568608105 0.779619873 0.408810407 -0.474412084 -0.190703183 0.981016457 0.0352005884 -0.288507521 0.957324922 0.0171004459 -0.838278532 0.489387453 0.240393847 -0.85804069 0.408319384 0.311514795 -0.0102000693 -0.350502342 0.936506331 -0.0102995792 0.350885659 0.93636173 -0.0445012972 -0.344510049 0.937727332 -0.0448009856 0.348007649 0.936420619 0.0687014088 0.353207231 -0.933019161 0.0712011009 -0.364405632 -0.928514361 0.226197407 0.489094406 -0.842390358 0.248003796 -0.498907626 -0.830412686 0.00649994193 -0.350896865 -0.936391652 0.00650024461 0.35051316 -0.936535239 0.0268005021 0.345006466 -0.93821764 0.0269005727 -0.348507434 -0.936919928 0.00269992766 0.936074913 -0.351790547 0.0117001785 0.933914304 -0.357305497 -0.00350006181 0.936216533 0.351406187 -0.0151999677 0.935197949 0.353799254 0.00290005677 -0.936218321 -0.351406872 0.0123997312 -0.935279727 -0.353692353 -0.00339990156 -0.936072886 0.351789802 -0.014700491 -0.933831155 0.357411921 0.0576979294 -0.997564197 -0.0391985923 0.0630981028 -0.932471871 0.355689257 0.155598089 -0.93738848 0.311596185 -0.0619987957 -0.997680604 0.0280994549 0.0216993149 0.934770525 -0.354588807 0.0384013318 0.967533469 -0.249808654 -0.00790023617 0.937828064 0.347010374 -0.0205998924 0.933495104 0.357998133 0.0245985892 -0.942045987 -0.334580809 0.0505974889 -0.983251214 -0.175091311 -0.00709992833 -0.924590647 0.380896121 -0.0201991089 -0.927859068 0.372383565 -0.0188006405 -0.308210492 0.951132357 -0.0190003049 0.333905369 0.942415118 -0.0586020127 -0.327211231 0.943132341 -0.0588993169 0.339696079 0.938689172 0.163500711 -0.9385041 0.304101318 0.173095524 -0.935575783 0.307792038 -0.0850023478 -0.98092705 -0.174804822 -0.110702299 -0.990020633 -0.0872018114 0.163795575 0.351690501 0.921675086 0.164995223 -0.315790862 0.934372962 0.427698165 0.369398415 0.824996471 0.431292236 -0.33129403 0.83918494 0.116796926 0.975774288 -0.18499513 0.242696404 0.952685952 -0.182997286 -0.208510816 0.977850735 -0.0182009451 -0.313403428 0.94061029 0.130501434 0.0310995579 0.989985943 -0.137698054 0.0572032407 0.949853837 0.307417423 0.141497344 0.954282105 0.263295084 -0.0993031412 0.992331386 -0.0736023337 0.172500461 0.976002634 -0.132900357 0.282598853 0.95799613 -0.0487998016 -0.00750017678 0.990023375 0.140703321 -0.0612998903 0.998098195 -0.00649998849 0.465486467 0.369189262 0.804376602 0.465495169 -0.346996397 0.81419152 0.466291904 0.362193674 0.807085931 0.468895406 -0.333696753 0.817791998 -0.293009162 0.455514222 -0.84062624 -0.305410892 -0.479417056 -0.82272929 -0.622311175 0.524109423 -0.581410408 -0.642987311 -0.537189364 -0.545889199 0.162100926 0.950105369 0.266501516 0.165703297 0.943518698 0.286905706 -0.0643003508 0.980405331 -0.186201006 -0.130701423 0.976510584 -0.171301857 0.138799608 -0.868697643 -0.475498676 0.25820154 -0.92090553 -0.292001754 -0.339506656 -0.936818302 0.0843016431 -0.450005025 -0.891409993 -0.0537006035 -0.820949852 -0.367077589 0.43737331 -0.823718548 0.391008794 0.410609245 -0.830570102 0.546480358 0.107296139 -0.839545608 -0.508227587 0.192010432 0.602159679 0.504766285 -0.618558645 0.648401916 -0.488501459 -0.583901703 0.778359652 0.38168022 -0.498474151 0.790617645 -0.374008358 -0.484810829 0.170793682 -0.981963694 -0.0810970068 0.300293267 -0.940178871 -0.160896391 -0.148202509 -0.983816624 0.100701705 -0.257791907 -0.952370048 0.162894875 0.610423625 -0.202207819 -0.765829623 0.680031598 -0.274812758 -0.679731607 0.732095361 0.380397588 -0.565096438 0.81191057 0.356604606 -0.462206006 0.706800282 -0.292300105 -0.644200325 0.77323103 -0.338813633 -0.536021531 0.811687529 0.354394555 -0.464292854 0.82088846 0.350095093 -0.45119366 0.338091284 0.93717587 -0.0859977901 0.450507045 0.891113877 0.0544008501 -0.13800256 0.868216157 0.476608843 -0.259987116 0.921354413 0.288985699 -0.706509233 0.292103857 0.644608438 -0.773781359 0.339191824 0.534987152 -0.811759353 -0.354382277 0.464176744 -0.82088846 -0.350095093 0.45119366 -0.410508662 0.497910529 -0.763916075 -0.449901402 0.617601931 -0.645102024 -0.7389099 -0.117901579 -0.663408875 -0.841876924 -0.211294204 -0.496586382 0.0453978479 0.995752752 -0.0800962001 0.0928955078 0.990652084 -0.0998951644 0.187890649 0.935353398 0.299685061 0.370006591 0.898315966 0.236904204 0.122004174 -0.948632479 0.291909993 -0.0441984721 -0.99596554 -0.0780973062 -0.0486986302 -0.935673654 0.349490166 -0.291490555 -0.954569042 0.0618979931 0.370997638 -0.416297376 0.830094755 0.44787854 -0.384781539 0.807061315 0.477216214 0.339811534 0.810427547 0.539172947 0.285685658 0.79226023 0.16789934 0.748697102 -0.641297519 -0.0343994424 -0.219596446 -0.974984229 -0.704501808 0.709701836 0.000700001779 -0.906807899 -0.258602262 -0.332902908 0.364320636 0.931152761 -0.015000849 0.461993724 0.884287953 0.0677990764 -0.123199016 0.858093143 0.498495996 -0.175999328 0.906996548 0.382598549 -0.701422751 0.289009362 0.651521087 -0.777300298 0.312900126 0.545800149 -0.833307266 -0.342402995 0.43400377 -0.899016201 -0.269704849 0.345006198 0.00419994071 -0.793088853 -0.609091401 0.101200506 -0.84350425 -0.527502596 -0.483998954 -0.869698167 -0.0967997909 -0.536113024 -0.817219913 -0.21150516 -0.00760006392 0.724906087 0.688805759 -0.491609305 0.83451581 -0.248804688 -0.507119834 -0.198807776 0.838632762 -0.991091609 -0.089199245 -0.0988991633 0.16189523 0.928172648 -0.335090131 0.227904007 0.926216245 -0.300305277 0.462000549 0.857600927 0.226000249 0.527891994 0.827487469 0.191297114 -0.227796301 -0.878185749 0.420593172 -0.397290736 -0.783381701 0.477988809 -0.543294609 -0.839491725 0.00919990893 -0.69583714 -0.715638161 -0.0606032349 0.163499638 -0.307799339 0.937298 0.278591335 -0.40298745 0.871772885 0.460897267 0.263298422 0.84749496 0.565499306 0.241499692 0.788599014 0.0277997442 0.932191432 -0.360896707 0.172393009 0.982960165 0.0637974143 0.177704751 0.983126283 0.0434011631 -0.12599732 0.95157969 -0.280394018 0.0265988261 -0.993056178 -0.114594951 0.0726979375 -0.995571733 -0.0595983081 -0.323710769 -0.933931053 0.15160504 -0.331790924 -0.934574366 0.128396481 -0.468408346 0.696712375 0.543309629 -0.65560025 0.747800231 0.104800038 -0.749471843 -0.0878966972 0.656175375 -0.96649307 -0.0835994035 0.242698267 0.415415585 -0.578921735 -0.70162636 0.499487728 0.463688612 -0.731782079 0.808503687 -0.526402473 -0.26310122 0.893013 0.367605329 -0.259603798 -0.392304987 0.400205076 -0.828210473 -0.458295465 0.369196326 -0.808492005 -0.48660174 -0.315401137 -0.814702928 -0.536077738 -0.268688858 -0.800266802 -0.523730636 0.357920915 -0.773045182 -0.526908815 -0.354605943 -0.772412956 -0.757729471 0.492419124 -0.428216636 -0.760090232 -0.498793602 -0.416494638 -0.00369996647 -0.999890924 0.0142998705 -0.253702879 -0.915410519 -0.312503576 -0.258108944 -0.955533147 0.142604947 -0.385993153 -0.889484227 -0.244595647 -0.349977255 -0.861244023 0.368476063 -0.401008397 -0.736015379 0.545411408 -0.539597392 -0.825795949 -0.1639992 -0.711678386 -0.701978683 -0.0271991733 -0.141003937 0.713019907 0.686819136 -0.525887251 -0.0880978703 0.845979571 -0.580883682 0.796377599 -0.168395266 -0.999786556 0.0170997698 0.0115998434 -0.339512736 0.407115251 -0.847931743 -0.441409349 0.452909589 -0.77461648 -0.598290324 -0.206596673 -0.774187565 -0.721703053 -0.0788003355 -0.687702894 0.0840974748 -0.263192117 0.961071134 0.240704611 0.498309523 0.832915902 0.380310923 0.321109235 0.867324889 -0.125101373 -0.314103454 0.941110313 0.080597952 0.922376573 -0.377790391 0.156799644 0.881797969 -0.444798976 0.392998964 0.895097673 0.210599452 0.406482995 0.908861995 0.0934960917 0.215294167 0.925974965 0.310191602 0.277210534 0.951836109 -0.131004974 0.401092738 0.902483642 0.156997159 -0.065599598 0.997793913 -0.010199938 0.199090943 0.961956203 0.18709147 0.205287158 0.927341938 0.312880427 -0.139396638 0.983676195 -0.11379724 -0.160001725 0.954010367 -0.253502756 0.506991148 0.353593796 0.786086202 0.508009136 -0.334106028 0.793914318 0.701151013 -0.462967664 0.542262077 0.720818996 0.424511194 0.547914505 0.118797563 -0.985579789 0.120497525 0.157293305 -0.952959478 0.259088963 -0.18569541 -0.973275959 -0.135096669 -0.219693884 -0.926074266 -0.306791484 0.798646927 -0.418224573 -0.43272543 0.80418992 0.409294873 -0.4309946 0.923327386 -0.35711059 -0.141204193 0.926537335 0.356414378 -0.120404847 0.491719455 0.342813551 0.800431669 0.493879974 -0.319087058 0.808867216 0.674485028 0.308193177 0.670885086 0.682996094 -0.284598351 0.672696114 0.176700622 -0.948003352 0.264700919 0.262607098 -0.955425858 -0.134903654 0.374807268 -0.920517802 0.110302135 -0.092399098 -0.99559027 -0.0161998421 0.19069092 -0.959254384 -0.208490074 0.250001341 -0.957205057 -0.145800769 -0.191896915 -0.979084253 0.0675989091 -0.280098379 -0.958394527 0.0549996868 0.195695177 0.637384236 -0.745281577 0.203001499 -0.664804876 -0.71890533 -0.729765356 -0.65916872 -0.18149139 -0.737119794 0.643017292 -0.207805589 0.730510414 0.378205419 -0.568608105 0.734198689 -0.392899275 -0.553698957 0.779619873 0.408810407 -0.474412084 0.781121135 -0.419111341 -0.462812543 -0.837130427 -0.482117504 0.258409381 -0.838278532 0.489387453 0.240393847 -0.853807688 -0.404503644 0.32770294 -0.85804069 0.408319384 0.311514795 0.18071042 0.952554882 -0.244914114 0.246799827 0.953499317 -0.172999874 -0.190703183 0.981016457 0.0352005884 -0.288507521 0.957324922 0.0171004459 </float_array>
          <technique_common>
            <accessor count="976" offset="0" source="#Mesh-normals-array" stride="3">
              <param name="X" type="float" />
              <param name="Y" type="float" />
              <param name="Z" type="float" />
            </accessor>
          </technique_common>
        </source>
        <source id="Mesh-tex0" name="Mesh-tex0">
          <float_array id="Mesh-tex0-array" count="1952"> 0.125000015 0.750000119 0.37500006 1.00000012 0.875000119 0.750000119 0.62500006 1.00000012 0.125000015 0.50000006 0.37500006 0.25 0.875000119 0.50000006 0.62500006 0.25 0.37500006 0.750000119 0.375 0.75 0.37500006 0.750000119 0.375 0.75 0.62500006 0.750000119 0.625 0.75 0.62500006 0.750000119 0.625 0.75 0.37500006 0.50000006 0.375 0.5 0.37500006 0.50000006 0.375 0.5 0.62500006 0.50000006 0.625 0.5 0.62500006 0.50000006 0.625 0.5 0.583333313 0.541666687 0.583333313 0.541666687 0.583333313 0.541666687 0.583333313 0.541666687 0.416666716 0.541666746 0.416666716 0.541666746 0.416666716 0.541666746 0.416666716 0.541666746 0.405000001 0.720000029 0.405000001 0.720000029 0.405000001 0.720000029 0.405000001 0.720000029 0.405000001 0.720000029 0.595000029 0.720000088 0.595000029 0.720000088 0.595000029 0.720000088 0.595000029 0.720000088 0.595000029 0.720000088 0.583333313 0.541666687 0.583333313 0.541666687 0.583333313 0.541666687 0.583333313 0.541666687 0.416666716 0.541666746 0.416666716 0.541666746 0.416666716 0.541666746 0.416666716 0.541666746 0.405000001 0.720000029 0.405000001 0.720000029 0.405000001 0.720000029 0.405000001 0.720000029 0.405000001 0.720000029 0.595000029 0.720000029 0.595000029 0.720000029 0.595000029 0.720000029 0.595000029 0.720000029 0.595000029 0.720000029 0.583333313 0.541666687 0.583333313 0.541666687 0.583333313 0.541666687 0.583333313 0.541666687 0.416666716 0.541666746 0.416666716 0.541666746 0.416666716 0.541666746 0.416666716 0.541666746 0.404999971 0.720000029 0.404999971 0.720000029 0.404999971 0.720000029 0.404999971 0.720000029 0.404999971 0.720000029 0.595000029 0.720000029 0.595000029 0.720000029 0.595000029 0.720000029 0.595000029 0.720000029 0.595000029 0.720000029 0.583333433 0.75000006 0.583333373 0.75000006 0.583333433 0.75000006 0.583333373 0.75000006 0.416666657 0.75000006 0.416666657 0.75000006 0.416666657 0.75000006 0.416666657 0.75000006 0.583333313 0.75000006 0.583333313 0.75000006 0.583333313 0.75000006 0.583333313 0.75000006 0.416666716 0.75000006 0.416666716 0.75000006 0.416666716 0.75000006 0.416666716 0.75000006 0.583333373 0.75000006 0.583333433 0.75000006 0.583333373 0.75000006 0.583333433 0.75000006 0.416666657 0.75000006 0.416666657 0.75000006 0.416666657 0.75000006 0.416666657 0.75000006 0.583333313 0.75000006 0.583333313 0.75000006 0.583333313 0.75000006 0.583333313 0.75000006 0.416666716 0.75000006 0.416666716 0.75000006 0.416666716 0.75000006 0.416666716 0.75000006 0.583333313 0.541666687 0.583333313 0.541666687 0.583333313 0.541666687 0.583333313 0.541666687 0.416666716 0.541666746 0.416666716 0.541666746 0.416666716 0.541666746 0.416666716 0.541666746 0.405000001 0.720000029 0.405000001 0.720000029 0.405000001 0.720000029 0.405000001 0.720000029 0.405000001 0.720000029 0.595000029 0.720000029 0.595000029 0.720000029 0.595000029 0.720000029 0.595000029 0.720000029 0.595000029 0.720000029 0.5625 0.75000006 0.5625 0.75000006 0.5625 0.75000006 0.43750003 0.75000006 0.43750003 0.75000006 0.43750003 0.75000006 0.56250006 0.75000006 0.56250006 0.75000006 0.56250006 0.75000006 0.43750003 0.75000006 0.43750003 0.75000006 0.43750003 0.75000006 0.625 0.5 0.625 0.5 0.62500006 0.50000006 0.375 0.5 0.375 0.5 0.37500006 0.50000006 0.375 0.75 0.375 0.75 0.37500006 0.750000119 0.625 0.75 0.625 0.75 0.62500006 0.750000119 0.595000029 0.75 0.595000029 0.75 0.595000029 0.75 0.595000029 0.75 0.595000029 0.75 0.405000031 0.75000006 0.405000031 0.75000006 0.405000031 0.75000006 0.405000031 0.75000006 0.405000031 0.75000006 0.595000029 0.75000006 0.595000029 0.75000006 0.595000029 0.75000006 0.595000029 0.75000006 0.595000029 0.75000006 0.404999971 0.75 0.404999971 0.75 0.404999971 0.75 0.404999971 0.75 0.404999971 0.75 0.583333313 0.75000006 0.583333373 0.75000006 0.583333433 0.75000006 0.583333313 0.75000006 0.416666687 0.75000006 0.416666716 0.75000006 0.416666657 0.75000006 0.416666716 0.75000006 0.583333373 0.75000006 0.583333433 0.75000006 0.583333373 0.75000006 0.583333373 0.75000006 0.416666687 0.75000006 0.416666657 0.75000006 0.416666657 0.75000006 0.416666657 0.75000006 0.5625 0.75000006 0.5625 0.75000006 0.5625 0.75000006 0.43750003 0.75000006 0.43750003 0.75000006 0.43750003 0.75000006 0.56250006 0.75000006 0.56250006 0.75000006 0.56250006 0.75000006 0.4375 0.75000006 0.4375 0.75000006 0.4375 0.75000006 0.583333373 0.75000006 0.583333373 0.75000006 0.583333373 0.75000006 0.583333373 0.75000006 0.416666657 0.75000006 0.416666657 0.75000006 0.416666657 0.75000006 0.416666657 0.75000006 0.595000029 0.75 0.595000029 0.75 0.595000029 0.75 0.595000029 0.75 0.595000029 0.75 0.405000001 0.75000006 0.405000001 0.75000006 0.405000001 0.75000006 0.405000001 0.75000006 0.405000001 0.75000006 0.56250006 0.75000006 0.56250006 0.75000006 0.56250006 0.75000006 0.43750003 0.75000006 0.43750003 0.75000006 0.43750003 0.75000006 0.583333373 0.75000006 0.583333373 0.75000006 0.583333373 0.75000006 0.583333373 0.75000006 0.416666657 0.75000006 0.416666687 0.75000006 0.416666657 0.75000006 0.416666657 0.75000006 0.5625 0.75000006 0.5625 0.75000006 0.5625 0.75000006 0.43750003 0.75000006 0.43750003 0.75000006 0.43750003 0.75000006 0.56250006 0.75000006 0.56250006 0.75000006 0.56250006 0.75000006 0.4375 0.75000006 0.4375 0.75000006 0.4375 0.75000006 0.125000015 0.62500006 0.125000015 0.62500006 0.50000006 1.00000012 0.50000006 1.00000012 0.875000119 0.62500006 0.875000119 0.62500006 0.50000006 0.25 0.50000006 0.25 0.25000003 0.50000006 0.37500003 0.37500006 0.25000003 0.50000006 0.37500003 0.37500006 0.750000119 0.50000006 0.62500006 0.37500006 0.750000119 0.50000006 0.62500006 0.37500006 0.50000006 0.50000006 0.50000006 0.50000006 0.50000006 0.50000006 0.50000006 0.50000006 0.37500003 0.625000119 0.37500003 0.62500006 0.37500003 0.625000119 0.37500003 0.62500006 0.62500006 0.625000119 0.62500006 0.625000119 0.62500006 0.625000119 0.62500006 0.625000119 0.50000006 0.75000006 0.50000006 0.75000006 0.50000006 0.75000006 0.50000006 0.75000006 0.25000003 0.75000006 0.37500003 0.87500006 0.25000003 0.75000006 0.37500003 0.87500006 0.750000119 0.75000006 0.62500006 0.87500006 0.750000119 0.75000006 0.62500006 0.87500006 0.50000006 0.510416687 0.50000006 0.510416687 0.50000006 0.510416687 0.50000006 0.510416687 0.383298635 0.626250029 0.383298635 0.626250029 0.383298635 0.626250029 0.383298635 0.626250029 0.616701424 0.626249969 0.616701424 0.626249969 0.616701424 0.626249969 0.616701424 0.626249969 0.50000006 0.743819475 0.50000006 0.743819475 0.50000006 0.743819475 0.50000006 0.743819475 0.411944449 0.713055551 0.411944449 0.713055551 0.411944449 0.713055551 0.411944449 0.713055551 0.588055611 0.713055551 0.588055611 0.713055551 0.588055611 0.713055551 0.588055611 0.713055551 0.413194478 0.538194537 0.413194478 0.538194537 0.413194478 0.538194537 0.413194478 0.538194537 0.586805522 0.538194478 0.586805522 0.538194478 0.586805522 0.538194478 0.586805522 0.538194478 0.50000006 0.510416687 0.50000006 0.510416687 0.50000006 0.510416687 0.50000006 0.510416687 0.383298635 0.626250029 0.383298635 0.626250029 0.383298635 0.626250029 0.383298635 0.626250029 0.616701424 0.626249969 0.616701424 0.626249969 0.616701424 0.626249969 0.616701424 0.626249969 0.5 0.743819416 0.5 0.743819416 0.5 0.743819416 0.5 0.743819416 0.618819416 0.710833251 0.618819416 0.710833251 0.618819416 0.710833251 0.618819416 0.710833251 0.583333313 0.541666687 0.583333313 0.541666687 0.583333433 0.541666746 0.583333433 0.541666746 0.416666716 0.541666746 0.416666716 0.541666746 0.416666746 0.541666746 0.416666746 0.541666746 0.381180584 0.710833311 0.381180584 0.710833371 0.381180584 0.710833311 0.381180584 0.710833371 0.50000006 0.510416687 0.50000006 0.510416687 0.50000006 0.510416687 0.50000006 0.510416687 0.383298635 0.626250029 0.383298635 0.626250029 0.383298635 0.626250029 0.383298635 0.626250029 0.616701424 0.626249969 0.616701424 0.626249969 0.616701424 0.626249969 0.616701424 0.626249969 0.50000006 0.743819475 0.50000006 0.743819475 0.50000006 0.743819475 0.50000006 0.743819475 0.58583343 0.710833311 0.58583343 0.710833311 0.58583343 0.710833311 0.58583343 0.710833311 0.583333313 0.541666687 0.583333313 0.541666687 0.583333433 0.541666746 0.583333433 0.541666746 0.416666716 0.541666746 0.416666716 0.541666746 0.416666746 0.541666746 0.416666746 0.541666746 0.414166689 0.710833251 0.414166689 0.710833251 0.414166689 0.710833251 0.414166689 0.710833251 0.50000006 0.750000119 0.5 0.75000006 0.5 0.75000006 0.50000006 0.750000119 0.50000006 0.750000119 0.50000006 0.750000119 0.50000006 0.75000006 0.50000006 0.75000006 0.614583313 0.750000119 0.614583373 0.75000006 0.614583373 0.75000006 0.614583313 0.750000119 0.385416687 0.75000006 0.385416716 0.750000119 0.385416716 0.750000119 0.385416687 0.75000006 0.415416688 0.746909797 0.415416688 0.746909797 0.415416688 0.746909797 0.415416688 0.746909797 0.415416688 0.746909797 0.415416688 0.746909797 0.415416688 0.746909797 0.415416688 0.746909797 0.584583342 0.746909797 0.584583342 0.746909797 0.584583342 0.746909797 0.584583342 0.746909797 0.584583402 0.746909797 0.584583402 0.746909797 0.584583402 0.746909797 0.584583402 0.746909797 0.5 0.75000006 0.50000006 0.750000119 0.5 0.75000006 0.50000006 0.750000119 0.50000006 0.75000006 0.50000006 0.750000119 0.50000006 0.750000119 0.50000006 0.75000006 0.614583373 0.75000006 0.614583313 0.750000119 0.614583313 0.750000119 0.614583373 0.75000006 0.385416716 0.750000119 0.385416687 0.75000006 0.385416687 0.75000006 0.385416716 0.750000119 0.583333373 0.750000119 0.583333373 0.750000119 0.583333373 0.750000119 0.583333373 0.750000119 0.583333433 0.750000119 0.583333433 0.750000119 0.583333433 0.750000119 0.583333433 0.750000119 0.416666716 0.750000119 0.416666716 0.750000119 0.416666716 0.750000119 0.416666716 0.750000119 0.416666746 0.750000119 0.416666746 0.750000119 0.416666746 0.750000119 0.416666746 0.750000119 0.50000006 0.510416687 0.50000006 0.510416687 0.50000006 0.510416687 0.50000006 0.510416687 0.383298635 0.626250029 0.383298635 0.626250029 0.383298635 0.626250029 0.383298635 0.626250029 0.616701424 0.626249969 0.616701424 0.626249969 0.616701424 0.626249969 0.616701424 0.626249969 0.5 0.743819416 0.5 0.743819475 0.5 0.743819416 0.5 0.743819475 0.381180614 0.710833251 0.381180614 0.710833251 0.381180584 0.710833311 0.381180584 0.710833311 0.618819475 0.710833311 0.618819416 0.710833311 0.618819416 0.710833311 0.618819475 0.710833311 0.416666716 0.541666746 0.416666716 0.541666746 0.416666746 0.541666746 0.416666746 0.541666746 0.583333313 0.541666687 0.583333433 0.541666746 0.583333433 0.541666746 0.583333313 0.541666687 0.50000006 0.75000006 0.50000006 0.75000006 0.50000006 0.75000006 0.50000006 0.75000006 0.50000006 0.75000006 0.50000006 0.75000006 0.50000006 0.75000006 0.50000006 0.75000006 0.576196074 0.75000006 0.576196015 0.75000006 0.576196074 0.75000006 0.576196015 0.75000006 0.423803985 0.75000006 0.423804015 0.75000006 0.423804015 0.75000006 0.423803985 0.75000006 0.420235336 0.75000006 0.420235336 0.75000006 0.420235336 0.75000006 0.420235336 0.75000006 0.579764664 0.75000006 0.579764664 0.75000006 0.579764664 0.75000006 0.579764664 0.75000006 0.420235366 0.75000006 0.420235366 0.75000006 0.420235366 0.75000006 0.420235366 0.75000006 0.579764724 0.75000006 0.579764724 0.75000006 0.579764724 0.75000006 0.579764724 0.75000006 0.50000006 0.50000006 0.50000006 0.50000006 0.50000006 0.50000006 0.50000006 0.50000006 0.37500003 0.62500006 0.37500003 0.62500006 0.37500003 0.625000119 0.37500003 0.625000119 0.62500006 0.625000119 0.62500006 0.625000119 0.62500006 0.625000119 0.62500006 0.625000119 0.50000006 0.75000006 0.50000006 0.75000006 0.50000006 0.75000006 0.50000006 0.75000006 0.411944479 0.713055551 0.411944479 0.713055551 0.411944479 0.713055551 0.411944479 0.713055551 0.588055611 0.713055551 0.588055611 0.713055551 0.588055611 0.713055551 0.588055611 0.713055551 0.413194448 0.538194478 0.413194448 0.538194478 0.413194448 0.538194478 0.413194448 0.538194478 0.586805582 0.538194478 0.586805582 0.538194478 0.586805582 0.538194478 0.586805582 0.538194478 0.50000006 0.74999994 0.50000006 0.74999994 0.50000006 0.74999994 0.50000006 0.74999994 0.5 0.74999994 0.5 0.74999994 0.5 0.74999994 0.5 0.74999994 0.381180614 0.74999994 0.381180614 0.74999994 0.381180614 0.74999994 0.381180614 0.74999994 0.618819475 0.74999994 0.618819475 0.74999994 0.618819475 0.74999994 0.618819475 0.74999994 0.414166689 0.746909678 0.414166689 0.746909678 0.414166689 0.746909678 0.414166689 0.746909678 0.414166689 0.746909618 0.414166689 0.746909618 0.414166689 0.746909618 0.414166689 0.746909618 0.58583343 0.746909678 0.58583343 0.746909678 0.58583343 0.746909678 0.58583343 0.746909678 0.585833311 0.746909678 0.585833311 0.746909678 0.585833311 0.746909678 0.585833311 0.746909678 0.50000006 0.750000119 0.50000006 0.750000119 0.50000006 0.75000006 0.50000006 0.75000006 0.5 0.75000006 0.50000006 0.750000119 0.50000006 0.750000119 0.5 0.75000006 0.416666687 0.75000006 0.416666687 0.75000006 0.416666716 0.750000119 0.416666716 0.750000119 0.583333373 0.75000006 0.583333373 0.75000006 0.583333373 0.750000119 0.583333373 0.750000119 0.383298635 0.75000006 0.383298635 0.75000006 0.383298635 0.75000006 0.383298635 0.75000006 0.383298635 0.75000006 0.383298635 0.75000006 0.383298635 0.75000006 0.383298635 0.75000006 0.616701424 0.75000006 0.616701484 0.75000006 0.616701424 0.75000006 0.616701484 0.75000006 0.616701484 0.75000006 0.616701484 0.75000006 0.616701484 0.75000006 0.616701484 0.75000006 0.50000006 0.75000006 0.50000006 0.75000006 0.50000006 0.75000006 0.50000006 0.75000006 0.5 0.75000006 0.5 0.75000006 0.5 0.75000006 0.5 0.75000006 0.423804045 0.75000006 0.423804045 0.75000006 0.423804045 0.75000006 0.423804045 0.75000006 0.576196074 0.75000006 0.576196074 0.75000006 0.576196074 0.75000006 0.576196074 0.75000006 0.579764664 0.75000006 0.579764664 0.75000006 0.579764664 0.75000006 0.579764664 0.75000006 0.581014752 0.75000006 0.581014752 0.75000006 0.581014752 0.75000006 0.581014752 0.75000006 0.420235336 0.75000006 0.420235336 0.75000006 0.420235336 0.75000006 0.420235336 0.75000006 0.418985397 0.75000006 0.418985397 0.75000006 0.418985397 0.75000006 0.418985397 0.75000006 0.5 0.75000006 0.5 0.75000006 0.5 0.75000006 0.5 0.75000006 0.5 0.74999994 0.5 0.74999994 0.5 0.74999994 0.5 0.74999994 0.383298606 0.75 0.383298606 0.75 0.383298606 0.75 0.383298606 0.75 0.616701484 0.75000006 0.616701484 0.75000006 0.616701484 0.75000006 0.616701484 0.75000006 0.584583342 0.75000006 0.584583342 0.75000006 0.584583342 0.75000006 0.584583342 0.75000006 0.415416658 0.75 0.415416658 0.75 0.415416658 0.75 0.415416658 0.75 0.415416688 0.75000006 0.415416688 0.75000006 0.415416688 0.75000006 0.415416688 0.75000006 0.584583402 0.75000006 0.584583402 0.75000006 0.584583402 0.75000006 0.584583402 0.75000006 0.5 0.75000006 0.5 0.75000006 0.5 0.75000006 0.5 0.75000006 0.5 0.75000006 0.5 0.75000006 0.5 0.75000006 0.5 0.75000006 0.420235366 0.75000006 0.420235366 0.75000006 0.420235366 0.75000006 0.420235366 0.75000006 0.579764724 0.75000006 0.579764724 0.75000006 0.579764724 0.75000006 0.579764724 0.75000006 0.383298635 0.75000006 0.383298635 0.75000006 0.383298635 0.75000006 0.383298635 0.75000006 0.420235336 0.75000006 0.420235336 0.75000006 0.420235336 0.75000006 0.420235336 0.75000006 0.579764664 0.75000006 0.579764664 0.75000006 0.579764664 0.75000006 0.579764664 0.75000006 0.616701484 0.75000006 0.616701484 0.75000006 0.616701484 0.75000006 0.616701484 0.75000006 0.50000006 0.75000006 0.50000006 0.75000006 0.50000006 0.75000006 0.50000006 0.75000006 0.5 0.75000006 0.5 0.75000006 0.5 0.75000006 0.5 0.75000006 0.423804045 0.75000006 0.423804045 0.75000006 0.423804045 0.75000006 0.423804045 0.75000006 0.576196074 0.75000006 0.576196074 0.75000006 0.576196074 0.75000006 0.576196074 0.75000006 0.579764664 0.75000006 0.579764664 0.75000006 0.579764664 0.75000006 0.579764664 0.75000006 0.581014752 0.75000006 0.581014752 0.75000006 0.581014752 0.75000006 0.581014752 0.75000006 0.420235336 0.75000006 0.420235336 0.75000006 0.420235336 0.75000006 0.420235336 0.75000006 0.418985397 0.75000006 0.418985397 0.75000006 0.418985397 0.75000006 0.418985397 0.75000006 0.50000006 0.37500006 0.50000006 0.37500006 0.50000006 0.37500006 0.50000006 0.37500006 0.5 0.741944432 0.5 0.741944432 0.5 0.741944432 0.5 0.741944432 0.5 0.875 0.5 0.875 0.5 0.875 0.5 0.875 0.25 0.625 0.25 0.625 0.25 0.625 0.25 0.625 0.750000119 0.62500006 0.750000119 0.62500006 0.750000119 0.62500006 0.750000119 0.62500006 0.618680537 0.625625014 0.618680537 0.625625014 0.618680537 0.625625014 0.618680537 0.625625014 0.383368105 0.625312507 0.383368105 0.625312507 0.383368105 0.625312507 0.383368105 0.625312507 0.616631925 0.625312448 0.616631925 0.625312448 0.616631925 0.625312448 0.616631925 0.625312448 0.50000006 0.508680582 0.50000006 0.508680582 0.50000006 0.508680582 0.50000006 0.508680582 0.615208328 0.625625014 0.615208328 0.625625014 0.615208328 0.625625014 0.615208328 0.625625014 0.50000006 0.510416746 0.50000006 0.510416746 0.50000006 0.510416746 0.50000006 0.510416746 0.384791702 0.745416701 0.384791702 0.745416701 0.384791702 0.745416701 0.384791702 0.745416701 0.381319463 0.625625014 0.381319463 0.625625014 0.381319463 0.625625014 0.381319463 0.625625014 0.384166718 0.745416641 0.384166718 0.745416641 0.384166718 0.745416641 0.384166718 0.745416641 0.50000006 0.510416746 0.50000006 0.510416746 0.50000006 0.510416746 0.50000006 0.510416746 0.50000006 0.740833342 0.50000006 0.740833342 0.50000006 0.740833342 0.50000006 0.740833342 0.384791672 0.625625014 0.384791672 0.625625014 0.384791672 0.625625014 0.384791672 0.625625014 0.614583373 0.75000006 0.614583373 0.75000006 0.614583373 0.75000006 0.614583373 0.75000006 0.50000006 0.74888891 0.50000006 0.74888891 0.50000006 0.74888891 0.50000006 0.74888891 0.50000006 0.74888891 0.50000006 0.74888891 0.50000006 0.74888891 0.50000006 0.74888891 0.615208447 0.745416701 0.615208447 0.745416701 0.615208447 0.745416701 0.615208447 0.745416701 0.5 0.75000006 0.5 0.75000006 0.5 0.75000006 0.5 0.75000006 0.500000119 0.75000006 0.500000119 0.75000006 0.500000119 0.75000006 0.500000119 0.75000006 0.385416657 0.75000006 0.385416657 0.75000006 0.385416657 0.75000006 0.385416657 0.75000006 0.50000006 0.75000006 0.50000006 0.75000006 0.50000006 0.75000006 0.50000006 0.75000006 0.50000006 0.741944432 0.50000006 0.741944432 0.50000006 0.741944432 0.50000006 0.741944432 0.381319463 0.625625014 0.381319463 0.625625014 0.381319463 0.625625014 0.381319463 0.625625014 0.618680596 0.625625014 0.618680596 0.625625014 0.618680596 0.625625014 0.618680596 0.625625014 0.50000006 0.510416746 0.50000006 0.510416746 0.50000006 0.510416746 0.50000006 0.510416746 0.50000006 0.74999994 0.50000006 0.74999994 0.50000006 0.74999994 0.50000006 0.74999994 0.390239239 0.75000006 0.390239239 0.75000006 0.390239239 0.75000006 0.390239239 0.75000006 0.5 0.75000006 0.5 0.75000006 0.5 0.75000006 0.5 0.75000006 0.60976088 0.75000006 0.60976088 0.75000006 0.60976088 0.75000006 0.60976088 0.75000006 0.50000006 0.625 0.50000006 0.625 0.50000006 0.625 0.50000006 0.625 0.383368105 0.625312507 0.383368105 0.625312507 0.383368105 0.625312507 0.383368105 0.625312507 0.616631925 0.625312448 0.616631925 0.625312448 0.616631925 0.625312448 0.616631925 0.625312448 0.50000006 0.508680582 0.50000006 0.508680582 0.50000006 0.508680582 0.50000006 0.508680582 0.381319463 0.75000006 0.381319463 0.75000006 0.381319463 0.75000006 0.381319463 0.75000006 0.615833282 0.745416641 0.615833282 0.745416641 0.615833282 0.745416641 0.615833282 0.745416641 0.50000006 0.74888891 0.50000006 0.74888891 0.50000006 0.74888891 0.50000006 0.74888891 0.50000006 0.74888885 0.50000006 0.74888885 0.50000006 0.74888885 0.50000006 0.74888885 0.500000119 0.75000006 0.500000119 0.75000006 0.500000119 0.75000006 0.500000119 0.75000006 0.50000006 0.75 0.50000006 0.75 0.50000006 0.75 0.50000006 0.75 0.618680596 0.75000006 0.618680596 0.75000006 0.618680596 0.75000006 0.618680596 0.75000006 0.610073388 0.74999994 0.610073388 0.74999994 0.610073388 0.74999994 0.610073388 0.74999994 0.50000006 0.74999994 0.50000006 0.74999994 0.50000006 0.74999994 0.50000006 0.74999994 0.5 0.75000006 0.5 0.75000006 0.5 0.75000006 0.5 0.75000006 0.5 0.74999994 0.5 0.74999994 0.5 0.74999994 0.5 0.74999994 0.389926732 0.74999994 0.389926732 0.74999994 0.389926732 0.74999994 0.389926732 0.74999994 0.385779381 0.75000006 0.385779381 0.75000006 0.385779381 0.75000006 0.385779381 0.75000006 0.384791672 0.749999881 0.384791672 0.749999881 0.384791672 0.749999881 0.384791672 0.749999881 0.50000006 0.75000006 0.50000006 0.75000006 0.50000006 0.75000006 0.50000006 0.75000006 0.615208387 0.75000006 0.615208387 0.75000006 0.615208387 0.75000006 0.615208387 0.75000006 0.50000006 0.75000006 0.50000006 0.75000006 0.50000006 0.75000006 0.50000006 0.75000006 0.5 0.75000006 0.5 0.75000006 0.5 0.75000006 0.5 0.75000006 0.614220738 0.74999994 0.614220738 0.74999994 0.614220738 0.74999994 0.614220738 0.74999994 0.610073388 0.74999994 0.610073388 0.74999994 0.610073388 0.74999994 0.610073388 0.74999994 0.50000006 0.74999994 0.50000006 0.74999994 0.50000006 0.74999994 0.50000006 0.74999994 0.5 0.75000006 0.5 0.75000006 0.5 0.75000006 0.5 0.75000006 0.5 0.74999994 0.5 0.74999994 0.5 0.74999994 0.5 0.74999994 0.389926732 0.74999994 0.389926732 0.74999994 0.389926732 0.74999994 0.389926732 0.74999994 </float_array>
          <technique_common>
            <accessor count="976" offset="0" source="#Mesh-tex0-array" stride="2">
              <param name="S" type="float" />
              <param name="T" type="float" />
            </accessor>
          </technique_common>
        </source>
        <vertices id="Mesh-vertices">
          <input semantic="POSITION" source="#Mesh-positions" />
        </vertices>
        <polylist count="488" material="defaultMaterial">
          <input offset="0" semantic="VERTEX" source="#Mesh-vertices" />
          <input offset="0" semantic="NORMAL" source="#Mesh-normals" />
          <input offset="0" semantic="TEXCOORD" source="#Mesh-tex0" set="0" />
          <vcount>3 3 3 3 3 3 3 3 3 3 3 3 3 3 3 3 3 3 3 3 3 3 3 3 3 3 3 3 3 3 3 3 3 3 3 3 3 3 3 3 3 3 3 3 3 3 3 3 3 3 3 3 3 3 3 3 3 3 3 3 3 3 3 3 3 3 3 3 3 3 3 3 3 3 3 3 3 3 3 3 3 3 3 3 3 3 3 3 3 3 3 3 3 3 3 3 3 3 3 3 3 3 3 3 3 3 3 3 3 3 3 3 3 3 3 3 3 3 3 3 3 3 3 3 3 3 3 3 3 3 3 3 3 3 3 3 3 3 3 3 3 3 3 3 3 3 3 3 3 3 3 3 3 3 3 3 3 3 3 3 3 3 3 3 3 3 3 3 3 3 3 3 3 3 3 3 3 3 3 3 3 3 3 3 3 3 3 3 3 3 3 3 3 3 3 3 3 3 3 3 3 3 3 3 3 3 3 3 3 3 3 3 3 3 3 3 3 3 3 3 3 3 3 3 3 3 3 3 3 3 3 3 3 3 3 3 3 3 3 3 3 3 3 3 3 3 3 3 3 3 3 3 3 3 3 3 3 3 3 3 3 3 3 3 3 3 3 3 3 3 3 3 3 3 3 3 3 3 3 3 3 3 3 3 3 3 3 3 3 3 3 3 3 3 3 3 3 3 3 3 3 3 3 3 3 3 3 3 3 3 3 3 3 3 3 3 3 3 3 3 3 3 3 3 3 3 3 3 3 3 3 3 3 3 3 3 3 3 3 3 3 3 3 3 3 3 3 3 3 3 3 3 3 3 3 3 3 3 3 3 3 3 3 3 3 3 3 3 3 3 3 3 3 3 3 3 3 3 3 3 3 3 3 3 3 3 3 3 3 3 3 3 3 3 3 3 3 3 3 3 3 3 3 3 3 3 3 3 3 3 3 3 3 3 3 3 3 3 3 3 3 3 3 3 3 3 3 3 3 3 3 3 3 3 3 3 3 3 3 3 3 3 3 3 3 3 3 3 3 3 3 3 3 3 3 3 3 3 3 3 3 3 3 3 3 3 3 3 3 3 3 3 3 3 3 3 3 3 3 3 3 3 3 3 3 3 3 3 </vcount>
          <p>5 253 733 5 733 251 255 18 261 255 261 735 734 260 22 734 22 259 250 732 257 250 257 7 15 306 737 15 737 275 307 40 297 307 297 739 738 296 35 738 35 303 274 736 302 274 302 11 10 279 742 10 742 272 277 1 247 277 247 741 740 246 3 740 3 281 273 743 283 273 283 14 4 245 746 4 746 252 244 0 276 244 276 744 745 278 8 745 8 264 254 747 266 254 266 16 20 270 751 20 751 258 268 12 282 268 282 749 748 280 2 748 2 248 256 750 249 256 249 6 24 336 753 24 753 294 337 42 324 337 324 754 755 326 55 755 55 334 293 752 332 293 332 38 9 300 756 9 756 265 301 33 289 301 289 757 758 291 30 758 30 308 267 759 310 267 310 17 21 314 763 21 763 271 312 26 295 312 295 762 761 292 37 761 37 305 269 760 304 269 304 13 19 311 767 19 767 263 309 31 287 309 287 765 764 286 27 764 27 313 262 766 315 262 315 23 43 369 769 43 769 325 368 61 357 368 357 768 770 359 76 770 76 364 327 771 365 327 365 56 29 342 772 29 772 284 343 48 316 343 316 774 775 317 44 775 44 339 285 773 338 285 338 25 34 400 776 34 776 345 401 82 392 401 392 777 779 395 91 779 91 397 347 778 396 347 396 52 32 344 780 32 780 288 346 50 322 346 322 783 782 320 46 782 46 341 290 781 340 290 340 28 69 560 784 69 784 462 561 159 550 561 550 785 786 551 170 786 170 556 463 787 557 463 557 120 49 374 788 49 788 318 375 66 350 375 350 790 789 349 63 789 63 370 319 791 371 319 371 45 58 367 795 58 795 329 366 77 363 366 363 793 792 362 72 792 72 378 328 794 379 328 379 53 51 377 799 51 799 323 376 71 355 376 355 798 797 353 64 797 64 373 321 796 372 321 372 47 87 432 802 87 802 391 433 102 422 433 422 803 800 421 95 800 95 428 388 801 429 388 429 78 54 399 806 54 806 330 398 93 387 398 387 805 804 386 89 804 89 406 331 807 407 331 407 59 41 410 809 41 809 299 411 81 382 411 382 811 810 381 84 810 84 403 298 808 402 298 402 36 57 404 814 57 814 335 405 86 390 405 390 815 813 389 79 813 79 409 333 812 408 333 408 39 96 499 817 96 817 412 498 129 477 498 477 816 818 478 133 818 133 494 414 819 495 414 495 100 80 431 821 80 821 380 430 97 413 430 413 820 823 415 101 823 101 439 383 822 438 383 438 85 83 436 824 83 824 393 437 98 424 437 424 825 826 427 107 826 107 440 394 827 441 394 441 90 92 443 829 92 829 384 442 109 417 442 417 828 831 418 104 831 104 435 385 830 434 385 434 88 126 531 835 126 835 458 530 150 522 530 522 834 832 520 147 832 147 526 456 833 527 456 527 121 68 460 836 68 836 352 461 118 448 461 448 837 839 450 114 839 114 469 354 838 468 354 468 65 60 472 840 60 840 356 475 112 452 475 452 842 843 454 123 843 123 466 358 841 465 358 465 75 67 470 846 67 846 351 471 116 446 471 446 847 844 445 111 844 111 473 348 845 474 348 474 62 130 485 849 130 849 479 487 136 483 487 483 851 850 480 138 850 138 491 476 848 488 476 488 131 99 493 853 99 853 425 492 132 489 492 489 852 855 490 137 855 137 501 426 854 500 426 500 106 108 502 856 108 856 416 503 139 481 503 481 857 859 482 135 859 135 507 419 858 506 419 506 105 103 504 862 103 862 423 505 134 486 505 486 863 860 484 128 860 128 496 420 861 497 420 497 94 145 514 864 145 864 510 515 148 521 515 521 865 867 523 151 867 151 519 511 866 517 511 517 142 119 525 869 119 869 449 524 146 512 524 512 868 870 513 144 870 144 533 451 871 534 451 534 115 113 538 872 113 872 453 539 141 516 539 516 873 875 518 149 875 149 529 455 874 528 455 528 125 117 535 879 117 879 447 532 143 509 532 509 878 876 508 140 876 140 536 444 877 537 444 537 110 157 592 882 157 882 549 594 176 581 594 581 883 880 580 184 880 184 588 548 881 590 548 590 167 124 569 887 124 887 467 568 164 555 568 555 886 885 552 152 885 152 565 464 884 564 464 564 73 122 559 889 122 889 457 558 171 546 558 546 888 890 547 166 890 166 570 459 891 571 459 571 127 74 566 892 74 892 360 567 155 542 567 542 894 895 543 161 895 161 563 361 893 562 361 562 70 174 586 898 174 898 573 587 181 578 587 578 899 896 577 187 896 187 582 572 897 583 572 583 178 179 658 900 179 900 574 659 216 640 659 640 902 903 641 211 903 211 655 575 901 654 575 654 175 163 600 906 163 906 554 602 180 585 602 585 907 905 584 173 905 173 599 553 904 597 553 597 156 165 626 908 165 908 601 627 189 616 627 616 909 911 618 194 911 194 622 603 910 620 603 620 182 193 614 912 193 912 606 615 199 609 615 609 914 915 611 196 915 196 619 607 913 617 607 617 190 183 621 918 183 918 579 623 195 610 623 610 919 917 608 198 917 198 631 576 916 630 576 630 186 168 632 921 168 921 544 633 191 605 633 605 922 920 604 188 920 188 624 545 923 625 545 625 162 185 629 925 185 925 589 628 197 612 628 612 924 926 613 192 926 192 634 591 927 635 591 635 169 205 688 928 205 928 645 689 221 677 689 677 930 929 676 229 929 229 685 646 931 686 646 686 213 158 660 932 158 932 593 661 204 644 661 644 933 934 647 214 934 214 656 595 935 657 595 657 177 154 667 938 154 938 540 666 203 639 666 639 937 936 638 207 936 207 662 541 939 663 541 663 160 172 653 943 172 943 598 652 209 651 652 651 942 941 648 200 941 200 665 596 940 664 596 664 153 220 683 946 220 946 670 682 227 674 682 674 944 945 675 231 945 231 678 671 947 679 671 679 223 202 694 949 202 949 637 695 219 669 695 669 951 950 668 222 950 222 691 636 948 690 636 690 206 208 698 955 208 955 650 697 225 680 697 680 953 954 681 218 954 218 693 649 952 692 649 692 201 210 720 958 210 958 699 721 232 714 721 714 959 956 712 238 956 238 716 696 957 717 696 717 224 236 711 963 236 963 701 709 242 704 709 704 960 961 705 239 961 239 713 700 962 715 700 715 233 226 719 967 226 967 673 718 240 707 718 707 965 964 706 243 964 243 726 672 966 727 672 727 230 217 730 969 217 969 643 731 237 703 731 703 971 970 702 234 970 234 723 642 968 722 642 722 212 228 725 973 228 973 684 724 241 708 724 708 972 975 710 235 975 235 729 687 974 728 687 728 215 </p>
        </polylist>
      </mesh>
    </geometry>
  </library_geometries>
  <library_controllers>
  </library_controllers>
  <library_visual_scenes>
    <visual_scene id="ROOT" name="ROOT">
      <node id="Cylinder" name="Cylinder" type="NODE">
        <matrix sid="matrix">-0.00841450877 2.59649277 0 0 -2.59649277 -0.00841450877 0 1.14464211 0 0 2.59650612 0 0 0 0 1</matrix>
      </node>
      <node id="Cube" name="Cube" type="NODE">
        <matrix sid="matrix">2.75080299 0 0 0 0 2.75080299 0 -6.09371519 0 0 2.75080299 0 0 0 0 1</matrix>
        <instance_geometry url="#Mesh">
          <bind_material>
            <technique_common>
              <instance_material symbol="defaultMaterial" target="#material_0">
                <bind_vertex_input semantic="CHANNEL0" input_semantic="TEXCOORD" input_set="0"/>
              </instance_material>
            </technique_common>
          </bind_material>
        </instance_geometry>
      </node>
    </visual_scene>
  </library_visual_scenes>
  <scene>
    <instance_visual_scene url="#ROOT" />
  </scene>
</COLLADA>
