<?xml version="1.0" encoding="UTF-8" standalone="no" ?>
<COLLADA xmlns="http://www.collada.org/2005/11/COLLADASchema" version="1.4.1">
  <asset>
    <contributor>
      <author>Assimp</author>
      <authoring_tool>Khronos glTF Blender I/O v5.1.18</authoring_tool>
    </contributor>
    <created>2026-04-26T17:09:32</created>
    <modified>2026-04-26T17:09:32</modified>
    <unit name="meter" meter="1" />
    <up_axis>Y_UP</up_axis>
  </asset>
  <library_images>
  </library_images>
  <library_effects>
    <effect id="Material-fx" name="Material">
      <profile_COMMON>
        <technique sid="standard">
          <phong>
            <emission>
              <color sid="emission">0   0   0   1</color>
            </emission>
            <diffuse>
              <color sid="diffuse">0.800000012   0.800000012   0.800000012   1</color>
            </diffuse>
            <shininess>
              <float sid="shininess">250</float>
            </shininess>
            <transparency>
              <float sid="transparency">1</float>
            </transparency>
          </phong>
        </technique>
      </profile_COMMON>
    </effect>
    <effect id="material_1-fx" name="">
      <profile_COMMON>
        <technique sid="standard">
          <phong>
            <emission>
              <color sid="emission">0   0   0   1</color>
            </emission>
            <diffuse>
              <color sid="diffuse">1   1   1   1</color>
            </diffuse>
            <shininess>
              <float sid="shininess">0</float>
            </shininess>
            <transparency>
              <float sid="transparency">1</float>
            </transparency>
          </phong>
        </technique>
      </profile_COMMON>
    </effect>
  </library_effects>
  <library_materials>
    <material id="Material" name="Material">
      <instance_effect url="#Material-fx"/>
    </material>
    <material id="material_1" name="">
      <instance_effect url="#material_1-fx"/>
    </material>
  </library_materials>
  <library_geometries>
    <geometry id="Mesh" name="Mesh" >
      <mesh>
        <source id="Mesh-positions" name="Mesh-positions">
          <float_array id="Mesh-positions-array" count="3252"> 1.87321818 0.666666687 -0.666666687 1.87321818 0.666666687 -0.666666687 1.87321818 0.666666687 -0.666666687 1.87321818 0.666666687 -0.666666687 1.87321818 -0.666666687 -0.666666687 1.87321818 -0.666666687 -0.666666687 1.87321818 -0.666666687 -0.666666687 1.87321818 -0.666666687 -0.666666687 1.87321818 0.666666687 0.666666687 1.87321818 0.666666687 0.666666687 1.87321818 0.666666687 0.666666687 1.87321818 0.666666687 0.666666687 1.87321818 -0.666666687 0.666666746 1.87321818 -0.666666687 0.666666746 1.87321818 -0.666666687 0.666666746 1.87321818 -0.666666687 0.666666746 -1.00000012 0.666666746 -0.666666746 -1.00000012 0.666666746 -0.666666746 -1.00000012 -0.666666746 -0.666666746 -1.00000012 -0.666666746 -0.666666746 -1.00000012 0.666666746 0.666666746 -1.00000012 0.666666746 0.666666746 -1.00000012 -0.666666746 0.666666746 -1.00000012 -0.666666746 0.666666746 7.06423092 0.666666746 -0.65148139 7.06423092 0.666666746 -0.65148139 7.06423092 0.666666746 -0.65148139 7.06423092 0.666666746 -0.65148139 7.06423092 -0.666666746 -0.65148139 7.06423092 -0.666666746 -0.65148139 7.06423092 -0.666666746 -0.65148139 7.06423092 -0.666666746 -0.65148139 7.17637253 0.666666687 0.65148139 7.17637253 0.666666687 0.65148139 7.17637253 0.666666687 0.65148139 7.17637253 0.666666687 0.65148139 7.17637253 -0.666666746 0.65148139 7.17637253 -0.666666746 0.65148139 7.17637253 -0.666666746 0.65148139 7.17637253 -0.666666746 0.65148139 8.66338158 0.666666687 -0.746634722 8.66338158 0.666666687 -0.746634722 8.66338158 0.666666687 -0.746634722 8.66338158 0.666666687 -0.746634722 8.66338158 -0.666666687 -0.746634722 8.66338158 -0.666666687 -0.746634722 8.66338158 -0.666666687 -0.746634722 8.66338158 -0.666666687 -0.746634722 9.75627422 0.75999999 1.44367135 9.75627422 0.75999999 1.44367135 9.75627422 0.75999999 1.44367135 9.75627422 0.75999999 1.44367135 9.75627422 0.75999999 1.44367135 9.75627422 -0.75999999 1.44367146 9.75627422 -0.75999999 1.44367146 9.75627422 -0.75999999 1.44367146 9.75627422 -0.75999999 1.44367146 9.75627422 -0.75999999 1.44367146 10.8951511 0.666666687 -2.01756859 10.8951511 0.666666687 -2.01756859 10.8951511 0.666666687 -2.01756859 10.8951511 0.666666687 -2.01756859 10.8951502 -0.666666687 -2.01756859 10.8951502 -0.666666687 -2.01756859 10.8951502 -0.666666687 -2.01756859 10.8951502 -0.666666687 -2.01756859 11.8919544 0.75999999 0.244829267 11.8919544 0.75999999 0.244829267 11.8919544 0.75999999 0.244829267 11.8919544 0.75999999 0.244829267 11.8919544 0.75999999 0.244829267 11.8919544 -0.75999999 0.244829148 11.8919544 -0.75999999 0.244829148 11.8919544 -0.75999999 0.244829148 11.8919544 -0.75999999 0.244829148 11.8919544 -0.75999999 0.244829148 13.2071638 0.666666627 6.96994495 13.2071638 0.666666627 6.96994495 13.2071638 0.666666627 6.96994495 13.2071638 0.666666627 6.96994495 13.2071648 -0.666666687 6.96994495 13.2071648 -0.666666687 6.96994495 13.2071648 -0.666666687 6.96994495 13.2071648 -0.666666687 6.96994495 14.2150745 0.666666687 6.2821312 14.2150745 0.666666687 6.2821312 14.2150745 0.666666687 6.2821312 14.2150745 0.666666687 6.2821312 14.2150745 -0.666666687 6.28213072 14.2150745 -0.666666687 6.28213072 14.2150745 -0.666666687 6.28213072 14.2150745 -0.666666687 6.28213072 15.7163239 0.666666687 -4.82212925 15.7163239 0.666666687 -4.82212925 15.7163239 0.666666687 -4.82212925 15.7163239 0.666666687 -4.82212925 15.7163219 -0.666666627 -4.82212877 15.7163219 -0.666666627 -4.82212877 15.7163219 -0.666666627 -4.82212877 15.7163219 -0.666666627 -4.82212877 16.4629803 0.666666627 -3.74119759 16.4629803 0.666666627 -3.74119759 16.4629803 0.666666627 -3.74119759 16.4629803 0.666666627 -3.74119759 16.4629803 -0.666666687 -3.74119782 16.4629803 -0.666666687 -3.74119782 16.4629803 -0.666666687 -3.74119782 16.4629803 -0.666666687 -3.74119782 13.9403448 0.759999931 9.42075539 13.9403448 0.759999931 9.42075539 13.9403448 0.759999931 9.42075539 13.9403448 0.759999931 9.42075539 13.9403448 0.759999931 9.42075539 13.9403448 -0.75999999 9.42075634 13.9403448 -0.75999999 9.42075634 13.9403448 -0.75999999 9.42075634 13.9403448 -0.75999999 9.42075634 13.9403448 -0.75999999 9.42075634 15.2583704 0.666666627 7.83462143 15.2583704 0.666666627 7.83462143 15.2583704 0.666666627 7.83462143 15.2583704 0.666666627 7.83462143 15.2583714 -0.666666627 7.83462191 15.2583714 -0.666666627 7.83462191 15.2583714 -0.666666627 7.83462191 15.2583714 -0.666666627 7.83462191 16.2113132 0.759999931 11.0589151 16.2113132 0.759999931 11.0589151 16.2113132 0.759999931 11.0589151 16.2113132 0.759999931 11.0589151 16.2113132 0.759999931 11.0589151 16.2113113 -0.75999999 11.0589142 16.2113113 -0.75999999 11.0589142 16.2113113 -0.75999999 11.0589142 16.2113113 -0.75999999 11.0589142 16.2113113 -0.75999999 11.0589142 17.6434994 0.666666627 9.5435667 17.6434994 0.666666627 9.5435667 17.6434994 0.666666627 9.5435667 17.6434994 0.666666627 9.5435667 17.6434994 -0.666666627 9.5435667 17.6434994 -0.666666627 9.5435667 17.6434994 -0.666666627 9.5435667 17.6434994 -0.666666627 9.5435667 11.8461905 0.49999994 13.0154743 11.8461905 0.49999994 13.0154743 11.8461905 0.49999994 13.0154743 11.8461905 -0.49999997 13.0154734 11.8461905 -0.49999997 13.0154734 11.8461905 -0.49999997 13.0154734 12.75916 0.49999997 13.6609526 12.75916 0.49999997 13.6609526 12.75916 0.49999997 13.6609526 12.75916 -0.500000119 13.6609526 12.75916 -0.500000119 13.6609526 12.75916 -0.500000119 13.6609526 21.3958397 0.499999851 13.5206966 21.3958397 0.499999851 13.5206966 21.3958397 0.499999851 13.5206966 21.3958378 -0.50000006 13.5206966 21.3958378 -0.50000006 13.5206966 21.3958378 -0.50000006 13.5206966 21.9308662 0.499999851 12.7639561 21.9308662 0.499999851 12.7639561 21.9308662 0.499999851 12.7639561 21.9308643 -0.5 12.7639542 21.9308643 -0.5 12.7639542 21.9308643 -0.5 12.7639542 16.2082386 0.759999931 -6.28938007 16.2082386 0.759999931 -6.28938007 16.2082386 0.759999931 -6.28938007 16.2082386 0.759999931 -6.28938007 16.2082386 0.759999931 -6.28938007 16.2082386 -0.75999999 -6.28938007 16.2082386 -0.75999999 -6.28938007 16.2082386 -0.75999999 -6.28938007 16.2082386 -0.75999999 -6.28938007 16.2082386 -0.75999999 -6.28938007 19.2255936 0.759999931 -4.22646093 19.2255936 0.759999931 -4.22646093 19.2255936 0.759999931 -4.22646093 19.2255936 0.759999931 -4.22646093 19.2255936 0.759999931 -4.22646093 19.2255917 -0.75999999 -4.22646093 19.2255917 -0.75999999 -4.22646093 19.2255917 -0.75999999 -4.22646093 19.2255917 -0.75999999 -4.22646093 19.2255917 -0.75999999 -4.22646093 16.9367485 0.666666448 -7.77773285 16.9367485 0.666666448 -7.77773285 16.9367485 0.666666448 -7.77773285 16.9367485 0.666666448 -7.77773285 16.9367485 -0.666666687 -7.77773285 16.9367485 -0.666666687 -7.77773285 16.9367485 -0.666666687 -7.77773285 16.9367485 -0.666666687 -7.77773285 20.5026379 0.666666448 -5.44908381 20.5026379 0.666666448 -5.44908381 20.5026379 0.666666448 -5.44908381 20.5026379 0.666666448 -5.44908381 20.502636 -0.666666687 -5.44908428 20.502636 -0.666666687 -5.44908428 20.502636 -0.666666687 -5.44908428 20.502636 -0.666666687 -5.44908428 24.8858681 0.499999851 -0.974721193 24.8858681 0.499999851 -0.974721193 24.8858681 0.499999851 -0.974721193 24.8858681 -0.50000006 -0.974721134 24.8858681 -0.50000006 -0.974721134 24.8858681 -0.50000006 -0.974721134 25.5166912 0.499999851 -1.93881226 25.5166912 0.499999851 -1.93881226 25.5166912 0.499999851 -1.93881226 25.5166912 -0.5 -1.93881226 25.5166912 -0.5 -1.93881226 25.5166912 -0.5 -1.93881226 10.1832018 0.759999871 -9.50310135 10.1832018 0.759999871 -9.50310135 10.1832018 0.759999871 -9.50310135 10.1832018 0.759999871 -9.50310135 10.1832018 0.759999871 -9.50310135 10.1832018 -0.759999931 -9.50310135 10.1832018 -0.759999931 -9.50310135 10.1832018 -0.759999931 -9.50310135 10.1832018 -0.759999931 -9.50310135 10.1832018 -0.759999931 -9.50310135 12.5977201 0.759999871 -11.7952414 12.5977201 0.759999871 -11.7952414 12.5977201 0.759999871 -11.7952414 12.5977201 0.759999871 -11.7952414 12.5977201 0.759999871 -11.7952414 12.5977192 -0.759999931 -11.7952404 12.5977192 -0.759999931 -11.7952404 12.5977192 -0.759999931 -11.7952404 12.5977192 -0.759999931 -11.7952404 12.5977192 -0.759999931 -11.7952404 8.0753336 0.666666567 -11.1839752 8.0753336 0.666666567 -11.1839752 8.0753336 0.666666567 -11.1839752 8.0753336 0.666666567 -11.1839752 8.07533455 -0.666666508 -11.1839752 8.07533455 -0.666666508 -11.1839752 8.07533455 -0.666666508 -11.1839752 8.07533455 -0.666666508 -11.1839752 10.8185492 0.666666567 -13.7188606 10.8185492 0.666666567 -13.7188606 10.8185492 0.666666567 -13.7188606 10.8185492 0.666666567 -13.7188606 10.8185492 -0.666666508 -13.7188616 10.8185492 -0.666666508 -13.7188616 10.8185492 -0.666666508 -13.7188616 10.8185492 -0.666666508 -13.7188616 6.14724922 0.499999881 -7.47393799 6.14724922 0.499999881 -7.47393799 6.14724922 0.499999881 -7.47393799 6.14724922 -0.5 -7.47393703 6.14724922 -0.5 -7.47393703 6.14724922 -0.5 -7.47393703 5.32337189 0.499999911 -8.36552525 5.32337189 0.499999911 -8.36552525 5.32337189 0.499999911 -8.36552525 5.32337189 -0.5 -8.36552525 5.32337189 -0.5 -8.36552525 5.32337189 -0.5 -8.36552525 15.1070051 0.499999881 -15.7532587 15.1070051 0.499999881 -15.7532587 15.1070051 0.499999881 -15.7532587 15.1070042 -0.49999997 -15.7532587 15.1070042 -0.49999997 -15.7532587 15.1070042 -0.49999997 -15.7532587 14.2831278 0.499999911 -16.644846 14.2831278 0.499999911 -16.644846 14.2831278 0.499999911 -16.644846 14.2831287 -0.49999997 -16.644846 14.2831287 -0.49999997 -16.644846 14.2831287 -0.49999997 -16.644846 -1.00000012 -0.916666746 -0 -1.00000012 -0.916666746 -0 0.109152265 -0.666666746 -0.666666806 0.109152265 -0.666666746 -0.666666806 1.87321818 0 -0.916666746 1.87321818 0 -0.916666746 1.87321818 0 -0.916666746 1.87321818 0 -0.916666746 -1.00000012 0 0.916666746 -1.00000012 0 0.916666746 1.87321818 0 0.916666746 1.87321818 0 0.916666746 1.87321818 0 0.916666746 1.87321818 0 0.916666746 -1.00000012 0 -0.916666746 -1.00000012 0 -0.916666746 0.109152272 0.666666746 0.666666746 0.109152272 0.666666746 0.666666746 1.87321818 0.916666746 -0 1.87321818 0.916666746 -0 1.87321818 0.916666746 -0 1.87321818 0.916666746 -0 0.109152272 -0.666666746 0.666666746 0.109152272 -0.666666746 0.666666746 -1.00000012 0.916666746 -0 -1.00000012 0.916666746 -0 0.109152272 0.666666746 -0.666666746 0.109152272 0.666666746 -0.666666746 1.87321818 -0.916666746 -0 1.87321818 -0.916666746 -0 1.87321818 -0.916666746 -0 1.87321818 -0.916666746 -0 7.04320431 -1.86264515e-09 -0.895786941 7.04320431 -1.86264515e-09 -0.895786941 7.04320431 -1.86264515e-09 -0.895786941 7.04320431 -1.86264515e-09 -0.895786941 7.19739914 0 0.895786941 7.19739914 0 0.895786941 7.19739914 0 0.895786941 7.19739914 0 0.895786941 7.1203022 0.916666687 1.86264515e-09 7.1203022 0.916666687 1.86264515e-09 7.1203022 0.916666687 1.86264515e-09 7.1203022 0.916666687 1.86264515e-09 7.12030172 -0.916666687 -1.86264515e-09 7.12030172 -0.916666687 -1.86264515e-09 7.12030172 -0.916666687 -1.86264515e-09 7.12030172 -0.916666687 -1.86264515e-09 4.59593964 -0.666666746 0.664768577 4.59593964 -0.666666746 0.664768577 4.59593964 -0.666666746 0.664768577 4.59593964 -0.666666746 0.664768577 4.59593964 0.666666746 0.664768517 4.59593964 0.666666746 0.664768517 4.59593964 0.666666746 0.664768517 4.59593964 0.666666746 0.664768517 4.58192205 0.666666746 -0.664768577 4.58192205 0.666666746 -0.664768577 4.58192205 0.666666746 -0.664768577 4.58192205 0.666666746 -0.664768577 4.58192205 -0.666666746 -0.664768517 4.58192205 -0.666666746 -0.664768517 4.58192205 -0.666666746 -0.664768517 4.58192205 -0.666666746 -0.664768517 8.55824852 -3.7252903e-09 -0.968162358 8.55824852 -3.7252903e-09 -0.968162358 8.55824852 -3.7252903e-09 -0.968162358 8.55824852 -3.7252903e-09 -0.968162358 9.80651855 -1.86264515e-08 1.97781837 9.80651855 -1.86264515e-08 1.97781837 9.80651855 -1.86264515e-08 1.97781837 9.80651855 -1.86264515e-08 1.97781837 8.99881744 0.933611095 -0.0515371859 8.99881744 0.933611095 -0.0515371859 8.99881744 0.933611095 -0.0515371859 8.99881744 0.933611095 -0.0515371859 8.99881744 -0.933611035 -0.0515372157 8.99881744 -0.933611035 -0.0515372157 8.99881744 -0.933611035 -0.0515372157 8.99881744 -0.933611035 -0.0515372157 8.21624851 -0.666666687 -0.640597582 8.21624851 -0.666666687 -0.640597582 8.21624851 -0.666666687 -0.640597582 8.21624851 -0.666666687 -0.640597582 8.6021986 -0.676666737 0.709229231 8.6021986 -0.676666737 0.709229231 8.6021986 -0.676666737 0.709229231 8.6021986 -0.676666737 0.709229231 8.6021986 0.676666737 0.709229231 8.6021986 0.676666737 0.709229231 8.6021986 0.676666737 0.709229231 8.6021986 0.676666737 0.709229231 8.21624947 0.666666687 -0.640597582 8.21624947 0.666666687 -0.640597582 8.21624947 0.666666687 -0.640597582 8.21624947 0.666666687 -0.640597582 10.7689915 -3.7252903e-09 -2.23340178 10.7689915 -3.7252903e-09 -2.23340178 10.7689915 -3.7252903e-09 -2.23340178 10.7689915 -3.7252903e-09 -2.23340178 12.5486975 -1.3038516e-08 0.446056366 12.5486975 -1.3038516e-08 0.446056366 12.5486975 -1.3038516e-08 0.446056366 12.5486975 -1.3038516e-08 0.446056366 11.2641344 0.933611095 -1.32662129 11.2641344 0.933611095 -1.32662129 11.2641344 0.933611095 -1.32662129 11.2641344 0.933611095 -1.32662129 11.2641354 -0.933611035 -1.32662129 11.2641354 -0.933611035 -1.32662129 11.2641354 -0.933611035 -1.32662129 11.2641354 -0.933611035 -1.32662129 9.36601543 -0.666666687 -1.12795448 9.36601543 -0.666666687 -1.12795448 9.36601543 -0.666666687 -1.12795448 9.36601543 -0.666666687 -1.12795448 10.6637163 -0.950555384 1.23735309 10.6637163 -0.950555384 1.23735309 10.6637163 -0.950555384 1.23735309 10.6637163 -0.950555384 1.23735309 10.6637173 0.950555503 1.23735297 10.6637173 0.950555503 1.23735297 10.6637173 0.950555503 1.23735297 10.6637173 0.950555503 1.23735297 9.36601543 0.666666627 -1.12795448 9.36601543 0.666666627 -1.12795448 9.36601543 0.666666627 -1.12795448 9.36601543 0.666666627 -1.12795448 13.0181808 -2.60770321e-08 7.0989089 13.0181808 -2.60770321e-08 7.0989089 13.0181808 -2.60770321e-08 7.0989089 13.0181808 -2.60770321e-08 7.0989089 14.4040585 -1.86264515e-08 6.15316629 14.4040585 -1.86264515e-08 6.15316629 14.4040585 -1.86264515e-08 6.15316629 14.4040585 -1.86264515e-08 6.15316629 13.7111187 -0.916666627 6.62603855 13.7111187 -0.916666627 6.62603855 13.7111187 -0.916666627 6.62603855 13.7111187 -0.916666627 6.62603855 13.7111187 0.916666567 6.6260376 13.7111187 0.916666567 6.6260376 13.7111187 0.916666567 6.6260376 13.7111187 0.916666567 6.6260376 11.6548843 0.676666617 4.36990404 11.6548843 0.676666617 4.36990404 11.6548843 0.676666617 4.36990404 11.6548843 0.676666617 4.36990404 12.8260193 0.676666677 3.67841864 12.8260193 0.676666677 3.67841864 12.8260193 0.676666677 3.67841864 12.8260193 0.676666677 3.67841864 11.6548843 -0.676666677 4.36990404 11.6548843 -0.676666677 4.36990404 11.6548843 -0.676666677 4.36990404 11.6548843 -0.676666677 4.36990404 12.8260183 -0.676666677 3.67841864 12.8260183 -0.676666677 3.67841864 12.8260183 -0.676666677 3.67841864 12.8260183 -0.676666677 3.67841864 15.5763235 -1.90921128e-08 -5.02480412 15.5763235 -1.90921128e-08 -5.02480412 15.5763235 -1.90921128e-08 -5.02480412 15.5763235 -1.90921128e-08 -5.02480412 16.6029797 -2.60770321e-08 -3.53852367 16.6029797 -2.60770321e-08 -3.53852367 16.6029797 -2.60770321e-08 -3.53852367 16.6029797 -2.60770321e-08 -3.53852367 16.0896511 0.916666567 -4.28166342 16.0896511 0.916666567 -4.28166342 16.0896511 0.916666567 -4.28166342 16.0896511 0.916666567 -4.28166342 16.0896511 -0.916666627 -4.28166294 16.0896511 -0.916666627 -4.28166294 16.0896511 -0.916666627 -4.28166294 16.0896511 -0.916666627 -4.28166294 14.1182318 0.676666617 -2.2243886 14.1182318 0.676666617 -2.2243886 14.1182318 0.676666617 -2.2243886 14.1182318 0.676666617 -2.2243886 13.3980408 0.666666627 -3.47887063 13.3980408 0.666666627 -3.47887063 13.3980408 0.666666627 -3.47887063 13.3980408 0.666666627 -3.47887063 13.3980398 -0.666666687 -3.47887087 13.3980398 -0.666666687 -3.47887087 13.3980398 -0.666666687 -3.47887087 13.3980398 -0.666666687 -3.47887087 14.1182327 -0.676666677 -2.2243886 14.1182327 -0.676666677 -2.2243886 14.1182327 -0.676666677 -2.2243886 14.1182327 -0.676666677 -2.2243886 13.5088062 -6.33299351e-08 9.59547806 13.5088062 -6.33299351e-08 9.59547806 13.5088062 -6.33299351e-08 9.59547806 13.5088062 -6.33299351e-08 9.59547806 15.4031754 -8.05594027e-08 7.65748024 15.4031754 -8.05594027e-08 7.65748024 15.4031754 -8.05594027e-08 7.65748024 15.4031754 -8.05594027e-08 7.65748024 14.8156424 -0.933611035 8.37333488 14.8156424 -0.933611035 8.37333488 14.8156424 -0.933611035 8.37333488 14.8156424 -0.933611035 8.37333488 14.8156414 0.933610916 8.37333393 14.8156414 0.933610916 8.37333393 14.8156414 0.933610916 8.37333393 14.8156414 0.933610916 8.37333393 13.9401751 0.676666617 8.31877136 13.9401751 0.676666617 8.31877136 13.9401751 0.676666617 8.31877136 13.9401751 0.676666617 8.31877136 14.8932018 0.666666627 7.44063473 14.8932018 0.666666627 7.44063473 14.8932018 0.666666627 7.44063473 14.8932018 0.666666627 7.44063473 14.8932018 -0.666666687 7.44063377 14.8932018 -0.666666687 7.44063377 14.8932018 -0.666666687 7.44063377 14.8932018 -0.666666687 7.44063377 13.9401751 -0.676666737 8.31877136 13.9401751 -0.676666737 8.31877136 13.9401751 -0.676666737 8.31877136 13.9401751 -0.676666737 8.31877136 16.4084244 -6.33299351e-08 11.6921978 16.4084244 -6.33299351e-08 11.6921978 16.4084244 -6.33299351e-08 11.6921978 16.4084244 -6.33299351e-08 11.6921978 17.7772579 -8.05594027e-08 9.35438061 17.7772579 -8.05594027e-08 9.35438061 17.7772579 -8.05594027e-08 9.35438061 17.7772579 -8.05594027e-08 9.35438061 17.2115707 -0.933611035 10.0998106 17.2115707 -0.933611035 10.0998106 17.2115707 -0.933611035 10.0998106 17.2115707 -0.933611035 10.0998106 17.2115669 0.933610916 10.0998096 17.2115669 0.933610916 10.0998096 17.2115669 0.933610916 10.0998096 17.2115669 0.933610916 10.0998096 16.0162544 -0.666666627 8.39025784 16.0162544 -0.666666627 8.39025784 16.0162544 -0.666666627 8.39025784 16.0162544 -0.666666627 8.39025784 14.6701221 -0.950555384 10.1604862 14.6701221 -0.950555384 10.1604862 14.6701221 -0.950555384 10.1604862 14.6701221 -0.950555384 10.1604862 14.6701212 0.950555325 10.1604862 14.6701212 0.950555325 10.1604862 14.6701212 0.950555325 10.1604862 14.6701212 0.950555325 10.1604862 16.0162544 0.666666627 8.39025784 16.0162544 0.666666627 8.39025784 16.0162544 0.666666627 8.39025784 16.0162544 0.666666627 8.39025784 11.5506201 -6.14672899e-08 13.2213221 11.5506201 -6.14672899e-08 13.2213221 11.5506201 -6.14672899e-08 13.2213221 11.5506201 -6.14672899e-08 13.2213221 12.6636524 -6.89178705e-08 14.0082493 12.6636524 -6.89178705e-08 14.0082493 12.6636524 -6.89178705e-08 14.0082493 12.6636524 -6.89178705e-08 14.0082493 12.1071358 -0.60956794 13.6147861 12.1071358 -0.60956794 13.6147861 12.1071358 -0.60956794 13.6147861 12.1071358 -0.60956794 13.6147861 12.1071367 0.609567761 13.6147861 12.1071367 0.609567761 13.6147861 12.1071367 0.609567761 13.6147861 12.1071367 0.609567761 13.6147861 13.9426365 -0.648117244 12.4569721 13.9426365 -0.648117244 12.4569721 13.9426365 -0.648117244 12.4569721 13.9426365 -0.648117244 12.4569721 12.6677265 -0.648117304 11.5520506 12.6677265 -0.648117304 11.5520506 12.6677265 -0.648117304 11.5520506 12.6677265 -0.648117304 11.5520506 12.6677265 0.648117125 11.5520515 12.6677265 0.648117125 11.5520515 12.6677265 0.648117125 11.5520515 12.6677265 0.648117125 11.5520515 13.9426355 0.648117125 12.456974 13.9426355 0.648117125 12.456974 13.9426355 0.648117125 12.456974 13.9426355 0.648117125 12.456974 21.7196598 -6.51925802e-08 13.8740044 21.7196598 -6.51925802e-08 13.8740044 21.7196598 -6.51925802e-08 13.8740044 21.7196598 -6.51925802e-08 13.8740044 22.3719292 -6.89178705e-08 12.9514322 22.3719292 -6.89178705e-08 12.9514322 22.3719292 -6.89178705e-08 12.9514322 22.3719292 -6.89178705e-08 12.9514322 22.0457935 -0.60956794 13.4127178 22.0457935 -0.60956794 13.4127178 22.0457935 -0.60956794 13.4127178 22.0457935 -0.60956794 13.4127178 22.0457973 0.609567702 13.4127188 22.0457973 0.609567702 13.4127188 22.0457973 0.609567702 13.4127188 22.0457973 0.609567702 13.4127188 19.3943481 0.648117185 12.3673325 19.3943481 0.648117185 12.3673325 19.3943481 0.648117185 12.3673325 19.3943481 0.648117185 12.3673325 20.1460724 0.638117194 11.3453217 20.1460724 0.638117194 11.3453217 20.1460724 0.638117194 11.3453217 20.1460724 0.638117194 11.3453217 20.1460743 -0.638117194 11.3453207 20.1460743 -0.638117194 11.3453207 20.1460743 -0.638117194 11.3453207 20.1460743 -0.638117194 11.3453207 19.394352 -0.648117304 12.3673334 19.394352 -0.648117304 12.3673334 19.394352 -0.648117304 12.3673334 19.394352 -0.648117304 12.3673334 15.6834974 -6.70552254e-08 -6.39219141 15.6834974 -6.70552254e-08 -6.39219141 15.6834974 -6.70552254e-08 -6.39219141 15.6834974 -6.70552254e-08 -6.39219141 19.5347595 -6.33299351e-08 -3.71133447 19.5347595 -6.33299351e-08 -3.71133447 19.5347595 -6.33299351e-08 -3.71133447 19.5347595 -6.33299351e-08 -3.71133447 17.6743126 0.950555384 -5.3697238 17.6743126 0.950555384 -5.3697238 17.6743126 0.950555384 -5.3697238 17.6743126 0.950555384 -5.3697238 17.6743126 -0.950555503 -5.36972523 17.6743126 -0.950555503 -5.36972523 17.6743126 -0.950555503 -5.36972523 17.6743126 -0.950555503 -5.36972523 17.7730255 -0.676666737 -4.41172314 17.7730255 -0.676666737 -4.41172314 17.7730255 -0.676666737 -4.41172314 17.7730255 -0.676666737 -4.41172314 17.7730236 0.676666617 -4.41172314 17.7730236 0.676666617 -4.41172314 17.7730236 0.676666617 -4.41172314 17.7730236 0.676666617 -4.41172314 16.6738319 0.676666558 -5.48279047 16.6738319 0.676666558 -5.48279047 16.6738319 0.676666558 -5.48279047 16.6738319 0.676666558 -5.48279047 16.6738319 -0.676666737 -5.48279047 16.6738319 -0.676666737 -5.48279047 16.6738319 -0.676666737 -5.48279047 16.6738319 -0.676666737 -5.48279047 17.103426 -7.35744834e-08 -8.01116467 17.103426 -7.35744834e-08 -8.01116467 17.103426 -7.35744834e-08 -8.01116467 17.103426 -7.35744834e-08 -8.01116467 20.6603413 -6.61239028e-08 -5.69010735 20.6603413 -6.61239028e-08 -5.69010735 20.6603413 -6.61239028e-08 -5.69010735 20.6603413 -6.61239028e-08 -5.69010735 18.6013069 0.666666627 -6.69258881 18.6013069 0.666666627 -6.69258881 18.6013069 0.666666627 -6.69258881 18.6013069 0.666666627 -6.69258881 18.6013069 -0.666666687 -6.69258881 18.6013069 -0.666666687 -6.69258881 18.6013069 -0.666666687 -6.69258881 18.6013069 -0.666666687 -6.69258881 16.5090885 -0.933611035 -7.12859201 16.5090885 -0.933611035 -7.12859201 16.5090885 -0.933611035 -7.12859201 16.5090885 -0.933611035 -7.12859201 20.0361824 -0.933611155 -4.81378984 20.0361824 -0.933611155 -4.81378984 20.0361824 -0.933611155 -4.81378984 20.0361824 -0.933611155 -4.81378984 20.0361805 0.933610976 -4.81378937 20.0361805 0.933610976 -4.81378937 20.0361805 0.933610976 -4.81378937 20.0361805 0.933610976 -4.81378937 16.5090885 0.933610916 -7.12859201 16.5090885 0.933610916 -7.12859201 16.5090885 0.933610916 -7.12859201 16.5090885 0.933610916 -7.12859201 25.2713242 -6.51925802e-08 -0.571650386 25.2713242 -6.51925802e-08 -0.571650386 25.2713242 -6.51925802e-08 -0.571650386 25.2713242 -6.51925802e-08 -0.571650386 26.0403843 -6.89178705e-08 -1.74700856 26.0403843 -6.89178705e-08 -1.74700856 26.0403843 -6.89178705e-08 -1.74700856 26.0403843 -6.89178705e-08 -1.74700856 25.6558571 -0.60956794 -1.1593293 25.6558571 -0.60956794 -1.1593293 25.6558571 -0.60956794 -1.1593293 25.6558571 -0.60956794 -1.1593293 25.6558552 0.609567702 -1.15932918 25.6558552 0.609567702 -1.15932918 25.6558552 0.609567702 -1.15932918 25.6558552 0.609567702 -1.15932918 22.5585938 0.648117185 -2.28288174 22.5585938 0.648117185 -2.28288174 22.5585938 0.648117185 -2.28288174 22.5585938 0.648117185 -2.28288174 23.4049187 0.638117194 -3.51075363 23.4049187 0.638117194 -3.51075363 23.4049187 0.638117194 -3.51075363 23.4049187 0.638117194 -3.51075363 22.5585938 -0.648117304 -2.28288198 22.5585938 -0.648117304 -2.28288198 22.5585938 -0.648117304 -2.28288198 22.5585938 -0.648117304 -2.28288198 23.4049206 -0.638117254 -3.51075339 23.4049206 -0.638117254 -3.51075339 23.4049206 -0.638117254 -3.51075339 23.4049206 -0.638117254 -3.51075339 10.2691851 -5.58793545e-08 -8.86380291 10.2691851 -5.58793545e-08 -8.86380291 10.2691851 -5.58793545e-08 -8.86380291 10.2691851 -5.58793545e-08 -8.86380291 13.3333693 -7.07805157e-08 -11.8060369 13.3333693 -7.07805157e-08 -11.8060369 13.3333693 -7.07805157e-08 -11.8060369 13.3333693 -7.07805157e-08 -11.8060369 11.5343323 -0.950555384 -10.5244265 11.5343323 -0.950555384 -10.5244265 11.5343323 -0.950555384 -10.5244265 11.5343323 -0.950555384 -10.5244265 11.5343304 0.950555205 -10.5244274 11.5343304 0.950555205 -10.5244274 11.5343304 0.950555205 -10.5244274 11.5343304 0.950555205 -10.5244274 13.4680777 -0.686666608 -8.124403 13.4680777 -0.686666608 -8.124403 13.4680777 -0.686666608 -8.124403 13.4680777 -0.686666608 -8.124403 14.5789003 -0.676666677 -9.43511677 14.5789003 -0.676666677 -9.43511677 14.5789003 -0.676666677 -9.43511677 14.5789003 -0.676666677 -9.43511677 14.5789003 0.676666558 -9.43511581 14.5789003 0.676666558 -9.43511581 14.5789003 0.676666558 -9.43511581 14.5789003 0.676666558 -9.43511581 13.4680777 0.686666608 -8.12440491 13.4680777 0.686666608 -8.12440491 13.4680777 0.686666608 -8.12440491 13.4680777 0.686666608 -8.12440491 7.86936474 -2.09547579e-08 -11.4068718 7.86936474 -2.09547579e-08 -11.4068718 7.86936474 -2.09547579e-08 -11.4068718 7.86936474 -2.09547579e-08 -11.4068718 10.6125803 -2.09547579e-08 -13.9417601 10.6125803 -2.09547579e-08 -13.9417601 10.6125803 -2.09547579e-08 -13.9417601 10.6125803 -2.09547579e-08 -13.9417601 9.40001392 -0.666666627 -12.4080563 9.40001392 -0.666666627 -12.4080563 9.40001392 -0.666666627 -12.4080563 9.40001297 0.666666567 -12.4080553 9.40001297 0.666666567 -12.4080553 9.40001297 0.666666567 -12.4080553 11.4378929 0.933610916 -13.0475159 11.4378929 0.933610916 -13.0475159 11.4378929 0.933610916 -13.0475159 11.4378929 0.933610916 -13.0475159 8.72907448 0.933610976 -10.5393314 8.72907448 0.933610976 -10.5393314 8.72907448 0.933610976 -10.5393314 8.72907448 0.933610976 -10.5393314 11.4378929 -0.933611035 -13.0475159 11.4378929 -0.933611035 -13.0475159 11.4378929 -0.933611035 -13.0475159 11.4378929 -0.933611035 -13.0475159 8.72907448 -0.933610976 -10.5393314 8.72907448 -0.933610976 -10.5393314 8.72907448 -0.933610976 -10.5393314 8.72907448 -0.933610976 -10.5393314 5.99266195 -5.49480319e-08 -7.14998531 5.99266195 -5.49480319e-08 -7.14998531 5.99266195 -5.49480319e-08 -7.14998531 5.99266195 -5.49480319e-08 -7.14998531 4.98824453 -4.47034836e-08 -8.23695087 4.98824453 -4.47034836e-08 -8.23695087 4.98824453 -4.47034836e-08 -8.23695087 4.98824453 -4.47034836e-08 -8.23695087 5.49045324 0.609567761 -7.69346952 5.49045324 0.609567761 -7.69346952 5.49045324 0.609567761 -7.69346952 5.49045324 0.609567761 -7.69346952 5.49045372 -0.609567821 -7.69346905 5.49045372 -0.609567821 -7.69346905 5.49045372 -0.609567821 -7.69346905 5.49045372 -0.609567821 -7.69346905 6.41049767 -0.638117194 -9.59838295 6.41049767 -0.638117194 -9.59838295 6.41049767 -0.638117194 -9.59838295 6.41049767 -0.638117194 -9.59838295 6.41049767 0.638117194 -9.5983839 6.41049767 0.638117194 -9.5983839 6.41049767 0.638117194 -9.5983839 6.41049767 0.638117194 -9.5983839 7.56131792 -0.648117244 -8.40419483 7.56131792 -0.648117244 -8.40419483 7.56131792 -0.648117244 -8.40419483 7.56131792 -0.648117244 -8.40419483 7.56131744 0.648117185 -8.40419388 7.56131744 0.648117185 -8.40419388 7.56131744 0.648117185 -8.40419388 7.56131744 0.648117185 -8.40419388 15.4832687 -4.47034836e-08 -15.9198437 15.4832687 -4.47034836e-08 -15.9198437 15.4832687 -4.47034836e-08 -15.9198437 15.4832687 -4.47034836e-08 -15.9198437 14.4788494 -4.28408384e-08 -17.0068073 14.4788494 -4.28408384e-08 -17.0068073 14.4788494 -4.28408384e-08 -17.0068073 14.4788494 -4.28408384e-08 -17.0068073 14.9810591 0.609567702 -16.4633255 14.9810591 0.609567702 -16.4633255 14.9810591 0.609567702 -16.4633255 14.9810591 0.609567702 -16.4633255 14.9810581 -0.609567821 -16.4633236 14.9810581 -0.609567821 -16.4633236 14.9810581 -0.609567821 -16.4633236 14.9810581 -0.609567821 -16.4633236 12.7725973 -0.638117194 -15.4773245 12.7725973 -0.638117194 -15.4773245 12.7725973 -0.638117194 -15.4773245 12.7725973 -0.638117194 -15.4773245 13.8992786 -0.648117244 -14.2685585 13.8992786 -0.648117244 -14.2685585 13.8992786 -0.648117244 -14.2685585 13.8992786 -0.648117244 -14.2685585 13.8992786 0.648117125 -14.2685595 13.8992786 0.648117125 -14.2685595 13.8992786 0.648117125 -14.2685595 13.8992786 0.648117125 -14.2685595 12.7725973 0.638117075 -15.4773245 12.7725973 0.638117075 -15.4773245 12.7725973 0.638117075 -15.4773245 12.7725973 0.638117075 -15.4773245 0.109152272 0.916666687 -0 0.109152272 0.916666687 -0 0.109152272 0 0.916666687 0.109152272 0 0.916666687 0.109152272 -0.916666746 -0 0.109152272 -0.916666746 -0 4.59856796 0 0.914056778 4.59856796 0 0.914056778 4.59856796 0 0.914056778 4.59856796 0 0.914056778 0.109152272 0 -0.916666746 0.109152272 0 -0.916666746 8.39447403 -0.919166744 0.000172760338 8.39447403 -0.919166744 0.000172760338 8.39447403 -0.919166744 0.000172760338 8.39447403 -0.919166744 0.000172760338 4.57929325 0 -0.914056778 4.57929325 0 -0.914056778 4.57929325 0 -0.914056778 4.57929325 0 -0.914056778 4.58893061 -0.916666687 -0 4.58893061 -0.916666687 -0 4.58893061 -0.916666687 -0 4.58893061 -0.916666687 -0 4.58893061 0.916666687 -0 4.58893061 0.916666687 -0 4.58893061 0.916666687 -0 4.58893061 0.916666687 -0 9.7699585 -0.949444413 -0.40554738 9.7699585 -0.949444413 -0.40554738 9.7699585 -0.949444413 -0.40554738 9.7699585 -0.949444413 -0.40554738 8.67368221 0 0.989726961 8.67368221 0 0.989726961 8.67368221 0 0.989726961 8.67368221 0 0.989726961 8.39447308 0.919166625 0.000172764063 8.39447308 0.919166625 0.000172764063 8.39447308 0.919166625 0.000172764063 8.39447308 0.919166625 0.000172764063 8.15316868 2.86381692e-08 -0.873514175 8.15316868 2.86381692e-08 -0.873514175 8.15316868 2.86381692e-08 -0.873514175 8.15316868 2.86381692e-08 -0.873514175 13.7434587 0.919166565 -2.88528347 13.7434587 0.919166565 -2.88528347 13.7434587 0.919166565 -2.88528347 13.7434587 0.919166565 -2.88528347 12.2221241 0.921666563 4.04763746 12.2221241 0.921666563 4.04763746 12.2221241 0.921666563 4.04763746 12.2221241 0.921666563 4.04763746 9.76995564 0.949444413 -0.405547351 9.76995564 0.949444413 -0.405547351 9.76995564 0.949444413 -0.405547351 9.76995564 0.949444413 -0.405547351 9.24248314 -3.18977982e-08 -1.34449935 9.24248314 -3.18977982e-08 -1.34449935 9.24248314 -3.18977982e-08 -1.34449935 9.24248314 -3.18977982e-08 -1.34449935 14.4371042 0.919166505 7.86097813 14.4371042 0.919166505 7.86097813 14.4371042 0.919166505 7.86097813 14.4371042 0.919166505 7.86097813 11.4723396 -2.04890966e-08 4.5191474 11.4723396 -2.04890966e-08 4.5191474 11.4723396 -2.04890966e-08 4.5191474 11.4723396 -2.04890966e-08 4.5191474 12.2221251 -0.921666563 4.04763746 12.2221251 -0.921666563 4.04763746 12.2221251 -0.921666563 4.04763746 12.2221251 -0.921666563 4.04763746 13.0800972 -1.67638063e-08 3.5707767 13.0800972 -1.67638063e-08 3.5707767 13.0800972 -1.67638063e-08 3.5707767 13.0800972 -1.67638063e-08 3.5707767 17.9745979 -3.7252903e-08 -4.1893177 17.9745979 -3.7252903e-08 -4.1893177 17.9745979 -3.7252903e-08 -4.1893177 17.9745979 -3.7252903e-08 -4.1893177 13.2701502 -3.19560058e-08 -3.69305897 13.2701502 -3.19560058e-08 -3.69305897 13.2701502 -3.19560058e-08 -3.69305897 13.2701502 -3.19560058e-08 -3.69305897 13.7434578 -0.919166565 -2.88528371 13.7434578 -0.919166565 -2.88528371 13.7434578 -0.919166565 -2.88528371 13.7434578 -0.919166565 -2.88528371 14.2991266 -2.04890966e-08 -1.98762333 14.2991266 -2.04890966e-08 -1.98762333 14.2991266 -2.04890966e-08 -1.98762333 14.2991266 -2.04890966e-08 -1.98762333 15.5795536 -0.949444354 8.98161125 15.5795536 -0.949444354 8.98161125 15.5795536 -0.949444354 8.98161125 15.5795536 -0.949444354 8.98161125 15.0600948 -6.36209734e-08 7.28758097 15.0600948 -6.36209734e-08 7.28758097 15.0600948 -6.36209734e-08 7.28758097 15.0600948 -6.36209734e-08 7.28758097 14.4371042 -0.919166565 7.8609767 14.4371042 -0.919166565 7.8609767 14.4371042 -0.919166565 7.8609767 14.4371042 -0.919166565 7.8609767 13.7391806 -3.7252903e-08 8.48656082 13.7391806 -3.7252903e-08 8.48656082 13.7391806 -3.7252903e-08 8.48656082 13.7391806 -3.7252903e-08 8.48656082 19.8266582 0.880586267 11.8634253 19.8266582 0.880586267 11.8634253 19.8266582 0.880586267 11.8634253 19.8266582 0.880586267 11.8634253 13.2574396 -0.883086383 12.0181828 13.2574396 -0.883086383 12.0181828 13.2574396 -0.883086383 12.0181828 13.2574396 -0.883086383 12.0181828 15.5795536 0.949444234 8.9816103 15.5795536 0.949444234 8.9816103 15.5795536 0.949444234 8.9816103 15.5795536 0.949444234 8.9816103 16.1513939 -6.54836185e-08 8.20257664 16.1513939 -6.54836185e-08 8.20257664 16.1513939 -6.54836185e-08 8.20257664 16.1513939 -6.54836185e-08 8.20257664 11.6967764 -5.0291419e-08 14.1952 11.6967764 -5.0291419e-08 14.1952 11.6967764 -5.0291419e-08 14.1952 11.6967764 -5.0291419e-08 14.1952 12.4134455 -6.23986125e-08 11.4481354 12.4134455 -6.23986125e-08 11.4481354 12.4134455 -6.23986125e-08 11.4481354 12.4134455 -6.23986125e-08 11.4481354 13.2574415 0.883086324 12.0181818 13.2574415 0.883086324 12.0181818 13.2574415 0.883086324 12.0181818 13.2574415 0.883086324 12.0181818 14.1621742 -8.00937414e-08 12.6899872 14.1621742 -8.00937414e-08 12.6899872 14.1621742 -8.00937414e-08 12.6899872 14.1621742 -8.00937414e-08 12.6899872 22.8483887 -5.77419996e-08 13.9801617 22.8483887 -5.77419996e-08 13.9801617 22.8483887 -5.77419996e-08 13.9801617 22.8483887 -5.77419996e-08 13.9801617 20.3121719 -4.28408384e-08 11.1903849 20.3121719 -4.28408384e-08 11.1903849 20.3121719 -4.28408384e-08 11.1903849 20.3121719 -4.28408384e-08 11.1903849 19.8266602 -0.880586386 11.8634253 19.8266602 -0.880586386 11.8634253 19.8266602 -0.880586386 11.8634253 19.8266602 -0.880586386 11.8634253 19.3169346 -7.35744834e-08 12.6245117 19.3169346 -7.35744834e-08 12.6245117 19.3169346 -7.35744834e-08 12.6245117 19.3169346 -7.35744834e-08 12.6245117 18.1663036 -0.949444413 -6.04513788 18.1663036 -0.949444413 -6.04513788 18.1663036 -0.949444413 -6.04513788 18.1663036 -0.949444413 -6.04513788 17.2239037 0.921666563 -4.962183 17.2239037 0.921666563 -4.962183 17.2239037 0.921666563 -4.962183 17.2239037 0.921666563 -4.962183 16.4594841 -4.3772161e-08 -5.66810799 16.4594841 -4.3772161e-08 -5.66810799 16.4594841 -4.3772161e-08 -5.66810799 16.4594841 -4.3772161e-08 -5.66810799 17.2239056 -0.921666682 -4.96218252 17.2239056 -0.921666682 -4.96218252 17.2239056 -0.921666682 -4.96218252 17.2239056 -0.921666682 -4.96218252 18.7601376 -5.40167093e-08 -6.93266249 18.7601376 -5.40167093e-08 -6.93266249 18.7601376 -5.40167093e-08 -6.93266249 18.7601376 -5.40167093e-08 -6.93266249 23.0360203 0.880586267 -2.86825895 23.0360203 0.880586267 -2.86825895 23.0360203 0.880586267 -2.86825895 23.0360203 0.880586267 -2.86825895 18.1663055 0.949444294 -6.04513693 18.1663055 0.949444294 -6.04513693 18.1663055 0.949444294 -6.04513693 18.1663055 0.949444294 -6.04513693 14.0254679 -0.92416662 -8.78134251 14.0254679 -0.92416662 -8.78134251 14.0254679 -0.92416662 -8.78134251 14.0254679 -0.92416662 -8.78134251 26.6098232 -5.77419996e-08 -0.535129607 26.6098232 -5.77419996e-08 -0.535129607 26.6098232 -5.77419996e-08 -0.535129607 26.6098232 -5.77419996e-08 -0.535129607 22.4847698 -5.86733222e-08 -2.0013423 22.4847698 -5.86733222e-08 -2.0013423 22.4847698 -5.86733222e-08 -2.0013423 22.4847698 -5.86733222e-08 -2.0013423 23.0360203 -0.880586386 -2.86825895 23.0360203 -0.880586386 -2.86825895 23.0360203 -0.880586386 -2.86825895 23.0360203 -0.880586386 -2.86825895 23.6011162 -4.28408384e-08 -3.71278119 23.6011162 -4.28408384e-08 -3.71278119 23.6011162 -4.28408384e-08 -3.71278119 23.6011162 -4.28408384e-08 -3.71278119 10.0724745 0.949444234 -11.7298012 10.0724745 0.949444234 -11.7298012 10.0724745 0.949444234 -11.7298012 10.0724745 0.949444234 -11.7298012 14.8194809 -6.70552254e-08 -9.65378284 14.8194809 -6.70552254e-08 -9.65378284 14.8194809 -6.70552254e-08 -9.65378284 14.8194809 -6.70552254e-08 -9.65378284 14.025466 0.924166501 -8.78134251 14.025466 0.924166501 -8.78134251 14.025466 0.924166501 -8.78134251 14.025466 0.924166501 -8.78134251 13.2642326 -6.33299351e-08 -7.88580227 13.2642326 -6.33299351e-08 -7.88580227 13.2642326 -6.33299351e-08 -7.88580227 13.2642326 -6.33299351e-08 -7.88580227 9.19404507 -5.05824573e-08 -12.6309519 9.19404507 -5.05824573e-08 -12.6309519 13.3383646 -0.880586386 -14.9189224 13.3383646 -0.880586386 -14.9189224 13.3383646 -0.880586386 -14.9189224 13.3383646 -0.880586386 -14.9189224 10.0724745 -0.949444354 -11.7298002 10.0724745 -0.949444354 -11.7298002 10.0724745 -0.949444354 -11.7298002 10.0724745 -0.949444354 -11.7298002 6.18865156 -5.21540642e-08 -9.79002953 6.18865156 -5.21540642e-08 -9.79002953 6.18865156 -5.21540642e-08 -9.79002953 6.18865156 -5.21540642e-08 -9.79002953 4.97659731 -6.14672899e-08 -7.21863651 4.97659731 -6.14672899e-08 -7.21863651 4.97659731 -6.14672899e-08 -7.21863651 4.97659731 -6.14672899e-08 -7.21863651 6.93252563 -0.880586267 -8.99829388 6.93252563 -0.880586267 -8.99829388 6.93252563 -0.880586267 -8.99829388 6.93252563 -0.880586267 -8.99829388 6.93252611 0.880586147 -8.99829388 6.93252611 0.880586147 -8.99829388 6.93252611 0.880586147 -8.99829388 6.93252611 0.880586147 -8.99829388 7.74681711 -6.51925802e-08 -8.12281132 7.74681711 -6.51925802e-08 -8.12281132 7.74681711 -6.51925802e-08 -8.12281132 7.74681711 -6.51925802e-08 -8.12281132 15.5812387 -4.84287739e-08 -17.0179272 15.5812387 -4.84287739e-08 -17.0179272 15.5812387 -4.84287739e-08 -17.0179272 15.5812387 -4.84287739e-08 -17.0179272 14.1850834 -6.70552254e-08 -14.0852633 14.1850834 -6.70552254e-08 -14.0852633 14.1850834 -6.70552254e-08 -14.0852633 14.1850834 -6.70552254e-08 -14.0852633 13.3383627 0.880586207 -14.9189215 13.3383627 0.880586207 -14.9189215 13.3383627 0.880586207 -14.9189215 13.3383627 0.880586207 -14.9189215 12.6030884 -5.77419996e-08 -15.7173338 12.6030884 -5.77419996e-08 -15.7173338 12.6030884 -5.77419996e-08 -15.7173338 12.6030884 -5.77419996e-08 -15.7173338 </float_array>
          <technique_common>
            <accessor count="1084" offset="0" source="#Mesh-positions-array" stride="3">
              <param name="X" type="float" />
              <param name="Y" type="float" />
              <param name="Z" type="float" />
            </accessor>
          </technique_common>
        </source>
        <source id="Mesh-normals" name="Mesh-normals">
          <float_array id="Mesh-normals-array" count="3252"> 0 -0.351112485 0.936333299 0 -0.936333299 0.351112485 -9.99953481e-05 -0.936156511 0.35158366 -0.000799990608 -0.350695908 0.936489046 0 0.351112485 0.936333299 0 0.936333299 0.351112485 -9.99953481e-05 0.936156511 0.35158366 -0.000799990608 0.350695908 0.936489046 0 -0.351112485 -0.936333299 0 -0.936333299 -0.351112485 -9.99953481e-05 -0.936156511 -0.35158366 -0.000799990608 -0.350695908 -0.936489046 0 0.351112485 -0.936333299 0 0.936333299 -0.351112485 -9.99953481e-05 0.936156511 -0.35158366 -0.000799990608 0.350695908 -0.936489046 0 -0.351112485 0.936333299 0 -0.936333299 0.351112485 0 0.351112485 0.936333299 0 0.936333299 0.351112485 0 -0.351112485 -0.936333299 0 -0.936333299 -0.351112485 0 0.351112485 -0.936333299 0 0.936333299 -0.351112485 -0.000699989207 -0.931985676 0.362494439 -0.000900023442 -0.934824407 0.355109245 -0.00600005034 -0.34710291 0.937807858 -0.0137998629 -0.336196661 0.941690683 -0.000699989207 0.931985676 0.362494439 -0.000900023442 0.934824407 0.355109245 -0.00600005034 0.34710291 0.937807858 -0.0137998629 0.336196661 0.941690683 0.0116997957 -0.939483643 -0.342394054 0.0499010943 -0.360507905 -0.931420445 -0.000900023442 -0.934824407 -0.355109245 -0.00569966249 -0.347279429 -0.937744439 0.0116997957 0.939483643 -0.342394054 0.0499010943 0.360507905 -0.931420445 -0.000900023442 0.934824407 -0.355109245 -0.00569966249 0.347279429 -0.937744439 0.063898772 -0.938181996 0.34019348 0.153292075 -0.945651054 0.286785156 0.21560742 -0.339311689 0.915631473 0.449586332 -0.347489446 0.822874963 0.063898772 0.938181996 0.34019348 0.153292075 0.945651054 0.286785156 0.21560742 0.339311689 0.915631473 0.449586332 0.347489446 0.822874963 0.0881981924 -0.990979671 -0.100897931 0.148703024 -0.957819521 -0.245905012 0.227897882 -0.961091042 -0.156098559 0.567722797 -0.369114816 -0.735829532 0.791272938 -0.320589036 -0.520682156 0.0881981924 0.990979671 -0.100897931 0.148703024 0.957819521 -0.245905012 0.227897882 0.961091042 -0.156098559 0.567722797 0.369114816 -0.735829532 0.791272938 0.320589036 -0.520682156 0.162298173 -0.946389258 0.279296845 0.170798957 -0.942794263 0.286298275 0.471087247 -0.350690514 0.809378147 0.47207725 -0.35078311 0.80876106 0.162298173 0.946389258 0.279296845 0.170798957 0.942794263 0.286298275 0.471087247 0.350690514 0.809378147 0.47207725 0.35078311 0.80876106 -0.0849000588 -0.996300697 -0.0133000091 -0.128106341 -0.983748674 -0.125806227 -0.189800411 -0.980102122 0.0581001267 -0.656870723 -0.542575777 -0.523576617 -0.835998833 -0.518299282 0.180199742 -0.0849000588 0.996300697 -0.0133000091 -0.128106341 0.983748674 -0.125806227 -0.189800411 0.980102122 0.0581001267 -0.656870723 0.542575777 -0.523576617 -0.835998833 0.518299282 0.180199742 0.313797802 -0.930893421 -0.186998695 0.318198204 -0.931694746 -0.175199017 0.811327815 -0.325011134 -0.485916674 0.831406713 -0.338702738 -0.440503567 0.313797802 0.930893421 -0.186998695 0.318198204 0.931694746 -0.175199017 0.811327815 0.325011134 -0.485916674 0.831406713 0.338702738 -0.440503567 -0.309302628 -0.935808003 0.169101447 -0.329198658 -0.924096227 0.194099218 -0.819063723 -0.319385856 0.476578861 -0.830249429 -0.350220829 0.433625817 -0.309302628 0.935808003 0.169101447 -0.329198658 0.924096227 0.194099218 -0.819063723 0.319385856 0.476578861 -0.830249429 0.350220829 0.433625817 0.177200109 -0.936500549 0.302600175 0.185303673 -0.942418694 0.278405517 0.469406426 -0.348004758 0.811511159 0.540218472 -0.36191237 0.759725928 0.177200109 0.936500549 0.302600175 0.185303673 0.942418694 0.278405517 0.469406426 0.348004758 0.811511159 0.540218472 0.36191237 0.759725928 -0.157191053 -0.942546427 -0.294783264 -0.175206482 -0.944434941 -0.278110296 -0.409805894 -0.368305296 -0.834512055 -0.511121452 -0.375115722 -0.773332417 -0.157191053 0.942546427 -0.294783264 -0.175206482 0.944434941 -0.278110296 -0.409805894 0.368305296 -0.834512055 -0.511121452 0.375115722 -0.773332417 0.11990004 -0.992600322 0.0192000065 0.21839276 -0.970367789 0.103396572 0.28208667 -0.959354699 -0.00809961744 0.803807557 -0.368003458 0.467404425 0.919085622 -0.378394097 0.109998278 0.11990004 0.992600322 0.0192000065 0.21839276 0.970367789 0.103396572 0.28208667 0.959354699 -0.00809961744 0.803807557 0.368003458 0.467404425 0.919085622 0.378394097 0.109998278 -0.211605385 -0.933523774 0.289407372 -0.277898192 -0.929393947 0.242898405 -0.557787836 -0.325992882 0.763283372 -0.69433713 -0.321717203 0.643734396 -0.211605385 0.933523774 0.289407372 -0.277898192 0.929393947 0.242898405 -0.557787836 0.325992882 0.763283372 -0.69433713 0.321717203 0.643734396 0.0763007849 -0.977510035 -0.196602017 0.292294651 -0.493290991 -0.819285035 -0.00869969558 -0.99606508 -0.0881969109 -0.0924971029 -0.982969165 -0.158795029 -0.376209348 -0.563714027 -0.735318303 0.0763007849 0.977510035 -0.196602017 0.292294651 0.493290991 -0.819285035 -0.00869969558 0.99606508 -0.0881969109 -0.0924971029 0.982969165 -0.158795029 -0.376209348 0.563714027 -0.735318303 -0.207106262 -0.934128225 0.29070878 -0.217007697 -0.932033062 0.290210307 -0.54618603 -0.327991635 0.770780325 -0.554090619 -0.328994423 0.764687061 -0.207106262 0.934128225 0.29070878 -0.217007697 0.932033062 0.290210307 -0.54618603 0.327991635 0.770780325 -0.554090619 0.328994423 0.764687061 0.30380854 -0.950526774 0.0648018271 0.778092325 -0.60769397 -0.158998415 0.833513796 -0.362205982 0.417206883 0.30380854 0.950526774 0.0648018271 0.778092325 0.60769397 -0.158998415 0.833513796 0.362205982 0.417206883 -0.109498404 -0.607691169 -0.78658855 -0.148494095 -0.952162206 -0.267089397 -0.613409221 -0.408006132 -0.676210105 -0.109498404 0.607691169 -0.78658855 -0.148494095 0.952162206 -0.267089397 -0.613409221 0.408006132 -0.676210105 0.0370995589 -0.615592718 -0.787190676 0.113901444 -0.939311922 -0.323604107 0.440382302 -0.345986098 -0.828466713 0.0370995589 0.615592718 -0.787190676 0.113901444 0.939311922 -0.323604107 0.440382302 0.345986098 -0.828466713 -0.269311368 -0.934039354 0.234609872 -0.613211215 -0.306305587 0.728113294 -0.729771614 -0.615576088 0.297488451 -0.269311368 0.934039354 0.234609872 -0.613211215 0.306305587 0.728113294 -0.729771614 0.615576088 0.297488451 0.103399418 -0.992894471 -0.0588996671 0.140094116 -0.97235918 -0.186792165 0.272607416 -0.957726061 -0.0919024944 0.514485359 -0.333290488 -0.790077448 0.743278563 -0.258592546 -0.616982162 0.103399418 0.992894471 -0.0588996671 0.140094116 0.97235918 -0.186792165 0.272607416 0.957726061 -0.0919024944 0.514485359 0.333290488 -0.790077448 0.743278563 0.258592546 -0.616982162 0.0199990571 -0.993153214 -0.11509458 0.0243007876 -0.960531175 -0.277108967 0.108102404 -0.970121622 -0.217204839 0.208403885 -0.387007207 -0.898216724 0.460399657 -0.377599746 -0.803399384 0.0199990571 0.993153214 -0.11509458 0.0243007876 0.960531175 -0.277108967 0.108102404 0.970121622 -0.217204839 0.208403885 0.387007207 -0.898216724 0.460399657 0.377599746 -0.803399384 -0.169999555 -0.953597486 0.248499349 -0.178794011 -0.942968428 0.280790597 -0.501297355 -0.395697922 0.769495964 -0.528994441 -0.410395712 0.742792189 -0.169999555 0.953597486 0.248499349 -0.178794011 0.942968428 0.280790597 -0.501297355 0.395697922 0.769495964 -0.528994441 0.410395712 0.742792189 -0.183201373 -0.94850713 0.25840193 -0.184307605 -0.943638921 0.274911314 -0.502499163 -0.396499336 0.768298686 -0.512178242 -0.39748314 0.761367679 -0.183201373 0.94850713 0.25840193 -0.184307605 0.943638921 0.274911314 -0.502499163 0.396499336 0.768298686 -0.512178242 0.39748314 0.761367679 0.0895030797 -0.955932915 -0.279609621 0.429389507 -0.373690873 -0.822179914 -0.0151000442 -0.689002037 -0.724602163 0.0895030797 0.955932915 -0.279609621 0.429389507 0.373690873 -0.822179914 -0.0151000442 0.689002037 -0.724602163 -0.221505433 -0.954323411 0.200504914 -0.576789081 -0.371392965 0.72758621 -0.670012534 -0.689012885 0.276305169 -0.221505433 0.954323411 0.200504914 -0.576789081 0.371392965 0.72758621 -0.670012534 0.689012885 0.276305169 0.00649968488 -0.996351659 -0.085095875 0.0733978301 -0.983170927 -0.167295054 0.296306789 -0.513011813 -0.805618465 -0.0622018091 -0.984228611 -0.165604815 -0.267487586 -0.56287384 -0.782063663 0.00649968488 0.996351659 -0.085095875 0.0733978301 0.983170927 -0.167295054 0.296306789 0.513011813 -0.805618465 -0.0622018091 0.984228611 -0.165604815 -0.267487586 0.56287384 -0.782063663 -0.0745976493 -0.997168541 0.00949969981 -0.129804745 -0.984835923 0.115104198 -0.150995165 -0.985768557 -0.0738976374 -0.673017561 -0.538314044 0.507213295 -0.746321976 -0.581117094 -0.324509561 -0.0745976493 0.997168541 0.00949969981 -0.129804745 0.984835923 0.115104198 -0.150995165 0.985768557 -0.0738976374 -0.673017561 0.538314044 0.507213295 -0.746321976 0.581117094 -0.324509561 0.192194417 -0.95947212 0.206094012 0.203405887 -0.958427727 0.200105786 0.617713511 -0.414309055 0.668414593 0.630934119 -0.41512242 0.655435383 0.192194417 0.95947212 0.206094012 0.203405887 0.958427727 0.200105786 0.617713511 0.414309055 0.668414593 0.630934119 0.41512242 0.655435383 0.18530494 -0.958125591 0.218305826 0.190903515 -0.959317625 0.208003834 0.605401874 -0.41510126 0.679102063 0.617713511 -0.414309055 0.668414593 0.18530494 0.958125591 0.218305826 0.190903515 0.959317625 0.208003834 0.605401874 0.41510126 0.679102063 0.617713511 0.414309055 0.668414593 0.0939009339 -0.61830616 -0.78030777 -0.0779991746 -0.957089841 -0.27909705 -0.451216131 -0.425715238 -0.784328103 0.0939009339 0.61830616 -0.78030777 -0.0779991746 0.957089841 -0.27909705 -0.451216131 0.425715238 -0.784328103 0.271896511 -0.955187738 0.116998494 0.722405195 -0.385402739 0.57410413 0.785291612 -0.618293405 -0.0320996568 0.271896511 0.955187738 0.116998494 0.722405195 0.385402739 0.57410413 0.785291612 0.618293405 -0.0320996568 -0.258698434 -0.959594131 -0.110699326 -0.730083287 -0.428790182 -0.532087862 -0.759275854 -0.650179327 -0.0276991185 -0.258698434 0.959594131 -0.110699326 -0.730083287 0.428790182 -0.532087862 -0.759275854 0.650179327 -0.0276991185 0.108299367 -0.956694424 0.270198435 0.531221032 -0.38651529 0.753929853 -0.032299418 -0.650188327 0.75908637 0.108299367 0.956694424 0.270198435 0.531221032 0.38651529 0.753929853 -0.032299418 0.650188327 0.75908637 0 0.936333299 0.351112485 0 0.936333299 -0.351112485 0 0.351112485 0.936333299 0 0.936333299 0.351112485 0 0.351112485 0.936333299 0 -0.351112485 0.936333299 -0.000799990608 0.350695908 0.936489046 -0.000799990608 -0.350695908 0.936489046 0 0.351112485 -0.936333299 0 -0.351112485 -0.936333299 0 0.351112485 -0.936333299 0 -0.351112485 -0.936333299 -0.000799990608 0.350695908 -0.936489046 -0.000799990608 -0.350695908 -0.936489046 0 0.351112485 0.936333299 0 -0.351112485 0.936333299 0 -0.351112485 -0.936333299 0 -0.936333299 -0.351112485 0 -0.936333299 0.351112485 0 -0.936333299 -0.351112485 -9.99953481e-05 -0.936156511 0.35158366 -9.99953481e-05 -0.936156511 -0.35158366 0 0.351112485 -0.936333299 0 0.936333299 -0.351112485 0 -0.936333299 0.351112485 0 -0.936333299 -0.351112485 0 -0.351112485 0.936333299 0 -0.936333299 0.351112485 0 0.936333299 0.351112485 0 0.936333299 -0.351112485 -9.99953481e-05 0.936156511 0.35158366 -9.99953481e-05 0.936156511 -0.35158366 -0.00600005034 0.34710291 0.937807858 -0.00600005034 -0.34710291 0.937807858 -0.0137998629 0.336196661 0.941690683 -0.0137998629 -0.336196661 0.941690683 0.0499010943 0.360507905 -0.931420445 0.0499010943 -0.360507905 -0.931420445 -0.00569966249 0.347279429 -0.937744439 -0.00569966249 -0.347279429 -0.937744439 0.0116997957 -0.939483643 -0.342394054 -0.000699989207 -0.931985676 0.362494439 -0.000900023442 -0.934824407 0.355109245 -0.000900023442 -0.934824407 -0.355109245 0.0116997957 0.939483643 -0.342394054 -0.000699989207 0.931985676 0.362494439 -0.000900023442 0.934824407 0.355109245 -0.000900023442 0.934824407 -0.355109245 -9.99953481e-05 0.936156511 -0.35158366 -0.000799990608 0.350695908 -0.936489046 -0.000900023442 0.934824407 -0.355109245 -0.00569966249 0.347279429 -0.937744439 -9.99953481e-05 -0.936156511 -0.35158366 -0.000799990608 -0.350695908 -0.936489046 -0.000900023442 -0.934824407 -0.355109245 -0.00569966249 -0.347279429 -0.937744439 -9.99953481e-05 -0.936156511 0.35158366 -0.000799990608 -0.350695908 0.936489046 -0.000900023442 -0.934824407 0.355109245 -0.00600005034 -0.34710291 0.937807858 -9.99953481e-05 0.936156511 0.35158366 -0.000799990608 0.350695908 0.936489046 -0.000900023442 0.934824407 0.355109245 -0.00600005034 0.34710291 0.937807858 0.21560742 0.339311689 0.915631473 0.21560742 -0.339311689 0.915631473 0.449586332 0.347489446 0.822874963 0.449586332 -0.347489446 0.822874963 0.567722797 0.369114816 -0.735829532 0.567722797 -0.369114816 -0.735829532 0.791272938 0.320589036 -0.520682156 0.791272938 -0.320589036 -0.520682156 0.063898772 -0.938181996 0.34019348 0.0881981924 -0.990979671 -0.100897931 0.148703024 -0.957819521 -0.245905012 0.153292075 -0.945651054 0.286785156 0.063898772 0.938181996 0.34019348 0.0881981924 0.990979671 -0.100897931 0.148703024 0.957819521 -0.245905012 0.153292075 0.945651054 0.286785156 0.063898772 0.938181996 0.34019348 0.21560742 0.339311689 0.915631473 -0.000699989207 0.931985676 0.362494439 -0.0137998629 0.336196661 0.941690683 0.0116997957 0.939483643 -0.342394054 0.0499010943 0.360507905 -0.931420445 0.148703024 0.957819521 -0.245905012 0.567722797 0.369114816 -0.735829532 0.0116997957 -0.939483643 -0.342394054 0.0499010943 -0.360507905 -0.931420445 0.148703024 -0.957819521 -0.245905012 0.567722797 -0.369114816 -0.735829532 0.063898772 -0.938181996 0.34019348 0.21560742 -0.339311689 0.915631473 -0.000699989207 -0.931985676 0.362494439 -0.0137998629 -0.336196661 0.941690683 0.471087247 0.350690514 0.809378147 0.471087247 -0.350690514 0.809378147 0.47207725 0.35078311 0.80876106 0.47207725 -0.35078311 0.80876106 -0.656870723 0.542575777 -0.523576617 -0.656870723 -0.542575777 -0.523576617 -0.835998833 0.518299282 0.180199742 -0.835998833 -0.518299282 0.180199742 0.162298173 -0.946389258 0.279296845 0.170798957 -0.942794263 0.286298275 -0.0849000588 -0.996300697 -0.0133000091 -0.128106341 -0.983748674 -0.125806227 0.162298173 0.946389258 0.279296845 0.170798957 0.942794263 0.286298275 -0.0849000588 0.996300697 -0.0133000091 -0.128106341 0.983748674 -0.125806227 0.153292075 0.945651054 0.286785156 0.162298173 0.946389258 0.279296845 0.449586332 0.347489446 0.822874963 0.471087247 0.350690514 0.809378147 0.0881981924 0.990979671 -0.100897931 0.227897882 0.961091042 -0.156098559 -0.0849000588 0.996300697 -0.0133000091 -0.189800411 0.980102122 0.0581001267 0.0881981924 -0.990979671 -0.100897931 0.227897882 -0.961091042 -0.156098559 -0.0849000588 -0.996300697 -0.0133000091 -0.189800411 -0.980102122 0.0581001267 0.153292075 -0.945651054 0.286785156 0.162298173 -0.946389258 0.279296845 0.449586332 -0.347489446 0.822874963 0.471087247 -0.350690514 0.809378147 0.811327815 0.325011134 -0.485916674 0.811327815 -0.325011134 -0.485916674 0.831406713 0.338702738 -0.440503567 0.831406713 -0.338702738 -0.440503567 -0.819063723 0.319385856 0.476578861 -0.819063723 -0.319385856 0.476578861 -0.830249429 0.350220829 0.433625817 -0.830249429 -0.350220829 0.433625817 0.313797802 0.930893421 -0.186998695 0.318198204 0.931694746 -0.175199017 -0.309302628 0.935808003 0.169101447 -0.329198658 0.924096227 0.194099218 0.313797802 -0.930893421 -0.186998695 0.318198204 -0.931694746 -0.175199017 -0.309302628 -0.935808003 0.169101447 -0.329198658 -0.924096227 0.194099218 0.227897882 -0.961091042 -0.156098559 0.313797802 -0.930893421 -0.186998695 0.791272938 -0.320589036 -0.520682156 0.811327815 -0.325011134 -0.485916674 -0.189800411 -0.980102122 0.0581001267 -0.309302628 -0.935808003 0.169101447 -0.830249429 -0.350220829 0.433625817 -0.835998833 -0.518299282 0.180199742 0.227897882 0.961091042 -0.156098559 0.313797802 0.930893421 -0.186998695 0.791272938 0.320589036 -0.520682156 0.811327815 0.325011134 -0.485916674 -0.189800411 0.980102122 0.0581001267 -0.309302628 0.935808003 0.169101447 -0.830249429 0.350220829 0.433625817 -0.835998833 0.518299282 0.180199742 0.469406426 0.348004758 0.811511159 0.469406426 -0.348004758 0.811511159 0.540218472 0.36191237 0.759725928 0.540218472 -0.36191237 0.759725928 -0.409805894 0.368305296 -0.834512055 -0.409805894 -0.368305296 -0.834512055 -0.511121452 0.375115722 -0.773332417 -0.511121452 -0.375115722 -0.773332417 0.177200109 -0.936500549 0.302600175 0.185303673 -0.942418694 0.278405517 -0.157191053 -0.942546427 -0.294783264 -0.175206482 -0.944434941 -0.278110296 0.177200109 0.936500549 0.302600175 0.185303673 0.942418694 0.278405517 -0.157191053 0.942546427 -0.294783264 -0.175206482 0.944434941 -0.278110296 -0.128106341 -0.983748674 -0.125806227 -0.175206482 -0.944434941 -0.278110296 -0.511121452 -0.375115722 -0.773332417 -0.656870723 -0.542575777 -0.523576617 0.170798957 -0.942794263 0.286298275 0.177200109 -0.936500549 0.302600175 0.469406426 -0.348004758 0.811511159 0.47207725 -0.35078311 0.80876106 0.170798957 0.942794263 0.286298275 0.177200109 0.936500549 0.302600175 0.469406426 0.348004758 0.811511159 0.47207725 0.35078311 0.80876106 -0.128106341 0.983748674 -0.125806227 -0.175206482 0.944434941 -0.278110296 -0.511121452 0.375115722 -0.773332417 -0.656870723 0.542575777 -0.523576617 0.803807557 0.368003458 0.467404425 0.803807557 -0.368003458 0.467404425 0.919085622 0.378394097 0.109998278 0.919085622 -0.378394097 0.109998278 -0.557787836 0.325992882 0.763283372 -0.557787836 -0.325992882 0.763283372 -0.69433713 0.321717203 0.643734396 -0.69433713 -0.321717203 0.643734396 0.11990004 0.992600322 0.0192000065 0.28208667 0.959354699 -0.00809961744 -0.211605385 0.933523774 0.289407372 -0.277898192 0.929393947 0.242898405 0.11990004 -0.992600322 0.0192000065 0.28208667 -0.959354699 -0.00809961744 -0.211605385 -0.933523774 0.289407372 -0.277898192 -0.929393947 0.242898405 0.28208667 -0.959354699 -0.00809961744 0.318198204 -0.931694746 -0.175199017 0.831406713 -0.338702738 -0.440503567 0.919085622 -0.378394097 0.109998278 -0.277898192 -0.929393947 0.242898405 -0.329198658 -0.924096227 0.194099218 -0.69433713 -0.321717203 0.643734396 -0.819063723 -0.319385856 0.476578861 -0.277898192 0.929393947 0.242898405 -0.329198658 0.924096227 0.194099218 -0.69433713 0.321717203 0.643734396 -0.819063723 0.319385856 0.476578861 0.28208667 0.959354699 -0.00809961744 0.318198204 0.931694746 -0.175199017 0.831406713 0.338702738 -0.440503567 0.919085622 0.378394097 0.109998278 0.292294651 0.493290991 -0.819285035 0.292294651 -0.493290991 -0.819285035 -0.376209348 0.563714027 -0.735318303 -0.376209348 -0.563714027 -0.735318303 -0.54618603 0.327991635 0.770780325 -0.54618603 -0.327991635 0.770780325 -0.554090619 0.328994423 0.764687061 -0.554090619 -0.328994423 0.764687061 0.0763007849 0.977510035 -0.196602017 -0.00869969558 0.99606508 -0.0881969109 -0.207106262 0.934128225 0.29070878 -0.217007697 0.932033062 0.290210307 0.0763007849 -0.977510035 -0.196602017 -0.00869969558 -0.99606508 -0.0881969109 -0.207106262 -0.934128225 0.29070878 -0.217007697 -0.932033062 0.290210307 -0.207106262 0.934128225 0.29070878 -0.211605385 0.933523774 0.289407372 -0.54618603 0.327991635 0.770780325 -0.557787836 0.325992882 0.763283372 0.11990004 0.992600322 0.0192000065 0.21839276 0.970367789 0.103396572 -0.00869969558 0.99606508 -0.0881969109 -0.0924971029 0.982969165 -0.158795029 0.11990004 -0.992600322 0.0192000065 0.21839276 -0.970367789 0.103396572 -0.00869969558 -0.99606508 -0.0881969109 -0.0924971029 -0.982969165 -0.158795029 -0.207106262 -0.934128225 0.29070878 -0.211605385 -0.933523774 0.289407372 -0.54618603 -0.327991635 0.770780325 -0.557787836 -0.325992882 0.763283372 0.778092325 0.60769397 -0.158998415 0.778092325 -0.60769397 -0.158998415 0.833513796 0.362205982 0.417206883 0.833513796 -0.362205982 0.417206883 -0.109498404 0.607691169 -0.78658855 -0.109498404 -0.607691169 -0.78658855 -0.613409221 0.408006132 -0.676210105 -0.613409221 -0.408006132 -0.676210105 0.30380854 0.950526774 0.0648018271 0.778092325 0.60769397 -0.158998415 -0.109498404 0.607691169 -0.78658855 -0.148494095 0.952162206 -0.267089397 0.30380854 -0.950526774 0.0648018271 0.778092325 -0.60769397 -0.158998415 -0.109498404 -0.607691169 -0.78658855 -0.148494095 -0.952162206 -0.267089397 -0.0924971029 0.982969165 -0.158795029 -0.148494095 0.952162206 -0.267089397 -0.376209348 0.563714027 -0.735318303 -0.613409221 0.408006132 -0.676210105 0.21839276 0.970367789 0.103396572 0.30380854 0.950526774 0.0648018271 0.803807557 0.368003458 0.467404425 0.833513796 0.362205982 0.417206883 0.21839276 -0.970367789 0.103396572 0.30380854 -0.950526774 0.0648018271 0.803807557 -0.368003458 0.467404425 0.833513796 -0.362205982 0.417206883 -0.0924971029 -0.982969165 -0.158795029 -0.148494095 -0.952162206 -0.267089397 -0.376209348 -0.563714027 -0.735318303 -0.613409221 -0.408006132 -0.676210105 0.0370995589 0.615592718 -0.787190676 0.0370995589 -0.615592718 -0.787190676 0.440382302 0.345986098 -0.828466713 0.440382302 -0.345986098 -0.828466713 -0.613211215 0.306305587 0.728113294 -0.613211215 -0.306305587 0.728113294 -0.729771614 0.615576088 0.297488451 -0.729771614 -0.615576088 0.297488451 0.0370995589 0.615592718 -0.787190676 0.113901444 0.939311922 -0.323604107 -0.269311368 0.934039354 0.234609872 -0.729771614 0.615576088 0.297488451 0.0370995589 -0.615592718 -0.787190676 0.113901444 -0.939311922 -0.323604107 -0.269311368 -0.934039354 0.234609872 -0.729771614 -0.615576088 0.297488451 0.0763007849 -0.977510035 -0.196602017 0.113901444 -0.939311922 -0.323604107 0.292294651 -0.493290991 -0.819285035 0.440382302 -0.345986098 -0.828466713 -0.217007697 -0.932033062 0.290210307 -0.269311368 -0.934039354 0.234609872 -0.554090619 -0.328994423 0.764687061 -0.613211215 -0.306305587 0.728113294 -0.217007697 0.932033062 0.290210307 -0.269311368 0.934039354 0.234609872 -0.554090619 0.328994423 0.764687061 -0.613211215 0.306305587 0.728113294 0.0763007849 0.977510035 -0.196602017 0.113901444 0.939311922 -0.323604107 0.292294651 0.493290991 -0.819285035 0.440382302 0.345986098 -0.828466713 0.514485359 0.333290488 -0.790077448 0.514485359 -0.333290488 -0.790077448 0.743278563 0.258592546 -0.616982162 0.743278563 -0.258592546 -0.616982162 0.208403885 0.387007207 -0.898216724 0.208403885 -0.387007207 -0.898216724 0.460399657 0.377599746 -0.803399384 0.460399657 -0.377599746 -0.803399384 0.0199990571 -0.993153214 -0.11509458 0.0243007876 -0.960531175 -0.277108967 0.103399418 -0.992894471 -0.0588996671 0.272607416 -0.957726061 -0.0919024944 0.0199990571 0.993153214 -0.11509458 0.0243007876 0.960531175 -0.277108967 0.103399418 0.992894471 -0.0588996671 0.272607416 0.957726061 -0.0919024944 0.0243007876 0.960531175 -0.277108967 0.208403885 0.387007207 -0.898216724 -0.157191053 0.942546427 -0.294783264 -0.409805894 0.368305296 -0.834512055 0.0243007876 -0.960531175 -0.277108967 0.208403885 -0.387007207 -0.898216724 -0.157191053 -0.942546427 -0.294783264 -0.409805894 -0.368305296 -0.834512055 0.185303673 -0.942418694 0.278405517 0.272607416 -0.957726061 -0.0919024944 0.540218472 -0.36191237 0.759725928 0.743278563 -0.258592546 -0.616982162 0.185303673 0.942418694 0.278405517 0.272607416 0.957726061 -0.0919024944 0.540218472 0.36191237 0.759725928 0.743278563 0.258592546 -0.616982162 -0.501297355 0.395697922 0.769495964 -0.501297355 -0.395697922 0.769495964 -0.528994441 0.410395712 0.742792189 -0.528994441 -0.410395712 0.742792189 -0.502499163 0.396499336 0.768298686 -0.502499163 -0.396499336 0.768298686 -0.512178242 0.39748314 0.761367679 -0.512178242 -0.39748314 0.761367679 -0.178794011 -0.942968428 0.280790597 -0.184307605 -0.943638921 0.274911314 -0.501297355 -0.395697922 0.769495964 -0.502499163 -0.396499336 0.768298686 -0.178794011 0.942968428 0.280790597 -0.184307605 0.943638921 0.274911314 -0.501297355 0.395697922 0.769495964 -0.502499163 0.396499336 0.768298686 0.103399418 0.992894471 -0.0588996671 0.140094116 0.97235918 -0.186792165 -0.169999555 0.953597486 0.248499349 -0.178794011 0.942968428 0.280790597 0.0199990571 0.993153214 -0.11509458 0.108102404 0.970121622 -0.217204839 -0.183201373 0.94850713 0.25840193 -0.184307605 0.943638921 0.274911314 0.0199990571 -0.993153214 -0.11509458 0.108102404 -0.970121622 -0.217204839 -0.183201373 -0.94850713 0.25840193 -0.184307605 -0.943638921 0.274911314 0.103399418 -0.992894471 -0.0588996671 0.140094116 -0.97235918 -0.186792165 -0.169999555 -0.953597486 0.248499349 -0.178794011 -0.942968428 0.280790597 0.429389507 0.373690873 -0.822179914 0.429389507 -0.373690873 -0.822179914 -0.0151000442 0.689002037 -0.724602163 -0.0151000442 -0.689002037 -0.724602163 -0.576789081 0.371392965 0.72758621 -0.576789081 -0.371392965 0.72758621 -0.670012534 0.689012885 0.276305169 -0.670012534 -0.689012885 0.276305169 0.0895030797 0.955932915 -0.279609621 -0.0151000442 0.689002037 -0.724602163 -0.221505433 0.954323411 0.200504914 -0.670012534 0.689012885 0.276305169 0.0895030797 -0.955932915 -0.279609621 -0.0151000442 -0.689002037 -0.724602163 -0.221505433 -0.954323411 0.200504914 -0.670012534 -0.689012885 0.276305169 0.0895030797 -0.955932915 -0.279609621 0.108102404 -0.970121622 -0.217204839 0.429389507 -0.373690873 -0.822179914 0.460399657 -0.377599746 -0.803399384 -0.183201373 -0.94850713 0.25840193 -0.221505433 -0.954323411 0.200504914 -0.512178242 -0.39748314 0.761367679 -0.576789081 -0.371392965 0.72758621 0.0895030797 0.955932915 -0.279609621 0.108102404 0.970121622 -0.217204839 0.429389507 0.373690873 -0.822179914 0.460399657 0.377599746 -0.803399384 -0.183201373 0.94850713 0.25840193 -0.221505433 0.954323411 0.200504914 -0.512178242 0.39748314 0.761367679 -0.576789081 0.371392965 0.72758621 0.296306789 0.513011813 -0.805618465 0.296306789 -0.513011813 -0.805618465 -0.267487586 0.56287384 -0.782063663 -0.267487586 -0.56287384 -0.782063663 -0.673017561 0.538314044 0.507213295 -0.673017561 -0.538314044 0.507213295 -0.746321976 0.581117094 -0.324509561 -0.746321976 -0.581117094 -0.324509561 0.00649968488 0.996351659 -0.085095875 0.0733978301 0.983170927 -0.167295054 -0.0745976493 0.997168541 0.00949969981 -0.129804745 0.984835923 0.115104198 0.00649968488 -0.996351659 -0.085095875 0.0733978301 -0.983170927 -0.167295054 -0.0745976493 -0.997168541 0.00949969981 -0.129804745 -0.984835923 0.115104198 0.0733978301 0.983170927 -0.167295054 0.140094116 0.97235918 -0.186792165 0.296306789 0.513011813 -0.805618465 0.514485359 0.333290488 -0.790077448 -0.129804745 0.984835923 0.115104198 -0.169999555 0.953597486 0.248499349 -0.528994441 0.410395712 0.742792189 -0.673017561 0.538314044 0.507213295 -0.129804745 -0.984835923 0.115104198 -0.169999555 -0.953597486 0.248499349 -0.528994441 -0.410395712 0.742792189 -0.673017561 -0.538314044 0.507213295 0.0733978301 -0.983170927 -0.167295054 0.140094116 -0.97235918 -0.186792165 0.296306789 -0.513011813 -0.805618465 0.514485359 -0.333290488 -0.790077448 0.617713511 0.414309055 0.668414593 0.617713511 -0.414309055 0.668414593 0.630934119 0.41512242 0.655435383 0.630934119 -0.41512242 0.655435383 0.605401874 0.41510126 0.679102063 0.605401874 -0.41510126 0.679102063 0.617713511 0.414309055 0.668414593 0.617713511 -0.414309055 0.668414593 0.190903515 0.959317625 0.208003834 0.192194417 0.95947212 0.206094012 0.617713511 0.414309055 0.668414593 0.190903515 -0.959317625 0.208003834 0.192194417 -0.95947212 0.206094012 0.617713511 -0.414309055 0.668414593 0.18530494 -0.958125591 0.218305826 0.190903515 -0.959317625 0.208003834 -0.0745976493 -0.997168541 0.00949969981 -0.150995165 -0.985768557 -0.0738976374 0.00649968488 -0.996351659 -0.085095875 0.192194417 -0.95947212 0.206094012 0.203405887 -0.958427727 0.200105786 -0.0622018091 -0.984228611 -0.165604815 0.18530494 0.958125591 0.218305826 0.190903515 0.959317625 0.208003834 -0.0745976493 0.997168541 0.00949969981 -0.150995165 0.985768557 -0.0738976374 0.00649968488 0.996351659 -0.085095875 0.192194417 0.95947212 0.206094012 0.203405887 0.958427727 0.200105786 -0.0622018091 0.984228611 -0.165604815 0.0939009339 0.61830616 -0.78030777 0.0939009339 -0.61830616 -0.78030777 -0.451216131 0.425715238 -0.784328103 -0.451216131 -0.425715238 -0.784328103 0.722405195 0.385402739 0.57410413 0.722405195 -0.385402739 0.57410413 0.785291612 0.618293405 -0.0320996568 0.785291612 -0.618293405 -0.0320996568 0.0939009339 -0.61830616 -0.78030777 0.271896511 -0.955187738 0.116998494 0.785291612 -0.618293405 -0.0320996568 -0.0779991746 -0.957089841 -0.27909705 0.0939009339 0.61830616 -0.78030777 0.271896511 0.955187738 0.116998494 0.785291612 0.618293405 -0.0320996568 -0.0779991746 0.957089841 -0.27909705 0.203405887 0.958427727 0.200105786 0.271896511 0.955187738 0.116998494 0.630934119 0.41512242 0.655435383 0.722405195 0.385402739 0.57410413 0.203405887 -0.958427727 0.200105786 0.271896511 -0.955187738 0.116998494 0.630934119 -0.41512242 0.655435383 0.722405195 -0.385402739 0.57410413 -0.0622018091 0.984228611 -0.165604815 -0.0779991746 0.957089841 -0.27909705 -0.267487586 0.56287384 -0.782063663 -0.451216131 0.425715238 -0.784328103 -0.0622018091 -0.984228611 -0.165604815 -0.0779991746 -0.957089841 -0.27909705 -0.267487586 -0.56287384 -0.782063663 -0.451216131 -0.425715238 -0.784328103 -0.730083287 0.428790182 -0.532087862 -0.730083287 -0.428790182 -0.532087862 -0.759275854 0.650179327 -0.0276991185 -0.759275854 -0.650179327 -0.0276991185 0.531221032 0.38651529 0.753929853 0.531221032 -0.38651529 0.753929853 -0.032299418 0.650188327 0.75908637 -0.032299418 -0.650188327 0.75908637 0.108299367 -0.956694424 0.270198435 -0.032299418 -0.650188327 0.75908637 -0.258698434 -0.959594131 -0.110699326 -0.759275854 -0.650179327 -0.0276991185 0.108299367 0.956694424 0.270198435 -0.032299418 0.650188327 0.75908637 -0.258698434 0.959594131 -0.110699326 -0.759275854 0.650179327 -0.0276991185 0.108299367 0.956694424 0.270198435 0.18530494 0.958125591 0.218305826 0.531221032 0.38651529 0.753929853 0.605401874 0.41510126 0.679102063 -0.150995165 0.985768557 -0.0738976374 -0.258698434 0.959594131 -0.110699326 -0.730083287 0.428790182 -0.532087862 -0.746321976 0.581117094 -0.324509561 -0.150995165 -0.985768557 -0.0738976374 -0.258698434 -0.959594131 -0.110699326 -0.730083287 -0.428790182 -0.532087862 -0.746321976 -0.581117094 -0.324509561 0.108299367 -0.956694424 0.270198435 0.18530494 -0.958125591 0.218305826 0.531221032 -0.38651529 0.753929853 0.605401874 -0.41510126 0.679102063 0 -0.936333299 0.351112485 0 -0.936333299 -0.351112485 0 0.351112485 -0.936333299 0 -0.351112485 -0.936333299 0 0.936333299 0.351112485 0 0.936333299 -0.351112485 -0.000799990608 0.350695908 -0.936489046 -0.000799990608 -0.350695908 -0.936489046 -0.00569966249 0.347279429 -0.937744439 -0.00569966249 -0.347279429 -0.937744439 0 0.351112485 0.936333299 0 -0.351112485 0.936333299 0.0116997957 0.939483643 -0.342394054 0.063898772 0.938181996 0.34019348 0.148703024 0.957819521 -0.245905012 -0.000699989207 0.931985676 0.362494439 -0.000799990608 0.350695908 0.936489046 -0.000799990608 -0.350695908 0.936489046 -0.00600005034 0.34710291 0.937807858 -0.00600005034 -0.34710291 0.937807858 -9.99953481e-05 0.936156511 0.35158366 -9.99953481e-05 0.936156511 -0.35158366 -0.000900023442 0.934824407 0.355109245 -0.000900023442 0.934824407 -0.355109245 -9.99953481e-05 -0.936156511 0.35158366 -9.99953481e-05 -0.936156511 -0.35158366 -0.000900023442 -0.934824407 0.355109245 -0.000900023442 -0.934824407 -0.355109245 0.0881981924 0.990979671 -0.100897931 0.153292075 0.945651054 0.286785156 0.162298173 0.946389258 0.279296845 -0.0849000588 0.996300697 -0.0133000091 0.0499010943 0.360507905 -0.931420445 0.0499010943 -0.360507905 -0.931420445 0.567722797 0.369114816 -0.735829532 0.567722797 -0.369114816 -0.735829532 0.0116997957 -0.939483643 -0.342394054 0.063898772 -0.938181996 0.34019348 0.148703024 -0.957819521 -0.245905012 -0.000699989207 -0.931985676 0.362494439 0.21560742 0.339311689 0.915631473 0.21560742 -0.339311689 0.915631473 -0.0137998629 0.336196661 0.941690683 -0.0137998629 -0.336196661 0.941690683 0.170798957 -0.942794263 0.286298275 0.177200109 -0.936500549 0.302600175 -0.128106341 -0.983748674 -0.125806227 -0.175206482 -0.944434941 -0.278110296 0.227897882 -0.961091042 -0.156098559 0.313797802 -0.930893421 -0.186998695 -0.189800411 -0.980102122 0.0581001267 -0.309302628 -0.935808003 0.169101447 0.0881981924 -0.990979671 -0.100897931 0.153292075 -0.945651054 0.286785156 0.162298173 -0.946389258 0.279296845 -0.0849000588 -0.996300697 -0.0133000091 0.449586332 0.347489446 0.822874963 0.449586332 -0.347489446 0.822874963 0.471087247 0.350690514 0.809378147 0.471087247 -0.350690514 0.809378147 0.28208667 -0.959354699 -0.00809961744 0.318198204 -0.931694746 -0.175199017 -0.277898192 -0.929393947 0.242898405 -0.329198658 -0.924096227 0.194099218 0.791272938 0.320589036 -0.520682156 0.791272938 -0.320589036 -0.520682156 0.811327815 0.325011134 -0.485916674 0.811327815 -0.325011134 -0.485916674 0.227897882 0.961091042 -0.156098559 0.313797802 0.930893421 -0.186998695 -0.189800411 0.980102122 0.0581001267 -0.309302628 0.935808003 0.169101447 -0.830249429 0.350220829 0.433625817 -0.830249429 -0.350220829 0.433625817 -0.835998833 0.518299282 0.180199742 -0.835998833 -0.518299282 0.180199742 0.208403885 0.387007207 -0.898216724 0.208403885 -0.387007207 -0.898216724 -0.409805894 0.368305296 -0.834512055 -0.409805894 -0.368305296 -0.834512055 0.469406426 0.348004758 0.811511159 0.469406426 -0.348004758 0.811511159 0.47207725 0.35078311 0.80876106 0.47207725 -0.35078311 0.80876106 0.170798957 0.942794263 0.286298275 0.177200109 0.936500549 0.302600175 -0.128106341 0.983748674 -0.125806227 -0.175206482 0.944434941 -0.278110296 -0.511121452 0.375115722 -0.773332417 -0.511121452 -0.375115722 -0.773332417 -0.656870723 0.542575777 -0.523576617 -0.656870723 -0.542575777 -0.523576617 0.11990004 0.992600322 0.0192000065 -0.00869969558 0.99606508 -0.0881969109 -0.207106262 0.934128225 0.29070878 -0.211605385 0.933523774 0.289407372 -0.69433713 0.321717203 0.643734396 -0.69433713 -0.321717203 0.643734396 -0.819063723 0.319385856 0.476578861 -0.819063723 -0.319385856 0.476578861 0.28208667 0.959354699 -0.00809961744 0.318198204 0.931694746 -0.175199017 -0.277898192 0.929393947 0.242898405 -0.329198658 0.924096227 0.194099218 0.831406713 0.338702738 -0.440503567 0.831406713 -0.338702738 -0.440503567 0.919085622 0.378394097 0.109998278 0.919085622 -0.378394097 0.109998278 0.0763007849 -0.977510035 -0.196602017 0.113901444 -0.939311922 -0.323604107 -0.217007697 -0.932033062 0.290210307 -0.269311368 -0.934039354 0.234609872 0.21839276 0.970367789 0.103396572 0.30380854 0.950526774 0.0648018271 -0.0924971029 0.982969165 -0.158795029 -0.148494095 0.952162206 -0.267089397 0.11990004 -0.992600322 0.0192000065 -0.00869969558 -0.99606508 -0.0881969109 -0.207106262 -0.934128225 0.29070878 -0.211605385 -0.933523774 0.289407372 -0.54618603 0.327991635 0.770780325 -0.54618603 -0.327991635 0.770780325 -0.557787836 0.325992882 0.763283372 -0.557787836 -0.325992882 0.763283372 0.778092325 0.60769397 -0.158998415 0.778092325 -0.60769397 -0.158998415 -0.109498404 0.607691169 -0.78658855 -0.109498404 -0.607691169 -0.78658855 0.803807557 0.368003458 0.467404425 0.803807557 -0.368003458 0.467404425 0.833513796 0.362205982 0.417206883 0.833513796 -0.362205982 0.417206883 0.21839276 -0.970367789 0.103396572 0.30380854 -0.950526774 0.0648018271 -0.0924971029 -0.982969165 -0.158795029 -0.148494095 -0.952162206 -0.267089397 -0.376209348 0.563714027 -0.735318303 -0.376209348 -0.563714027 -0.735318303 -0.613409221 0.408006132 -0.676210105 -0.613409221 -0.408006132 -0.676210105 0.0370995589 0.615592718 -0.787190676 0.0370995589 -0.615592718 -0.787190676 -0.729771614 0.615576088 0.297488451 -0.729771614 -0.615576088 0.297488451 -0.554090619 0.328994423 0.764687061 -0.554090619 -0.328994423 0.764687061 -0.613211215 0.306305587 0.728113294 -0.613211215 -0.306305587 0.728113294 0.0763007849 0.977510035 -0.196602017 0.113901444 0.939311922 -0.323604107 -0.217007697 0.932033062 0.290210307 -0.269311368 0.934039354 0.234609872 0.292294651 0.493290991 -0.819285035 0.292294651 -0.493290991 -0.819285035 0.440382302 0.345986098 -0.828466713 0.440382302 -0.345986098 -0.828466713 0.0199990571 0.993153214 -0.11509458 0.103399418 0.992894471 -0.0588996671 -0.178794011 0.942968428 0.280790597 -0.184307605 0.943638921 0.274911314 0.0243007876 -0.960531175 -0.277108967 0.185303673 -0.942418694 0.278405517 0.272607416 -0.957726061 -0.0919024944 -0.157191053 -0.942546427 -0.294783264 0.540218472 0.36191237 0.759725928 0.540218472 -0.36191237 0.759725928 0.743278563 0.258592546 -0.616982162 0.743278563 -0.258592546 -0.616982162 0.0243007876 0.960531175 -0.277108967 0.185303673 0.942418694 0.278405517 0.272607416 0.957726061 -0.0919024944 -0.157191053 0.942546427 -0.294783264 -0.501297355 0.395697922 0.769495964 -0.501297355 -0.395697922 0.769495964 -0.502499163 0.396499336 0.768298686 -0.502499163 -0.396499336 0.768298686 0.0895030797 -0.955932915 -0.279609621 0.108102404 -0.970121622 -0.217204839 -0.183201373 -0.94850713 0.25840193 -0.221505433 -0.954323411 0.200504914 0.0199990571 -0.993153214 -0.11509458 0.103399418 -0.992894471 -0.0588996671 -0.178794011 -0.942968428 0.280790597 -0.184307605 -0.943638921 0.274911314 0.0733978301 0.983170927 -0.167295054 0.140094116 0.97235918 -0.186792165 -0.129804745 0.984835923 0.115104198 -0.169999555 0.953597486 0.248499349 -0.0151000442 0.689002037 -0.724602163 -0.0151000442 -0.689002037 -0.724602163 -0.670012534 0.689012885 0.276305169 -0.670012534 -0.689012885 0.276305169 0.429389507 0.373690873 -0.822179914 0.429389507 -0.373690873 -0.822179914 0.460399657 0.377599746 -0.803399384 0.460399657 -0.377599746 -0.803399384 0.0895030797 0.955932915 -0.279609621 0.108102404 0.970121622 -0.217204839 -0.183201373 0.94850713 0.25840193 -0.221505433 0.954323411 0.200504914 -0.512178242 0.39748314 0.761367679 -0.512178242 -0.39748314 0.761367679 -0.576789081 0.371392965 0.72758621 -0.576789081 -0.371392965 0.72758621 0.00649968488 -0.996351659 -0.085095875 0.190903515 -0.959317625 0.208003834 0.192194417 -0.95947212 0.206094012 -0.0745976493 -0.997168541 0.00949969981 -0.528994441 0.410395712 0.742792189 -0.528994441 -0.410395712 0.742792189 -0.673017561 0.538314044 0.507213295 -0.673017561 -0.538314044 0.507213295 0.0733978301 -0.983170927 -0.167295054 0.140094116 -0.97235918 -0.186792165 -0.129804745 -0.984835923 0.115104198 -0.169999555 -0.953597486 0.248499349 0.296306789 0.513011813 -0.805618465 0.296306789 -0.513011813 -0.805618465 0.514485359 0.333290488 -0.790077448 0.514485359 -0.333290488 -0.790077448 0.617713511 0.414309055 0.668414593 0.617713511 -0.414309055 0.668414593 0.108299367 0.956694424 0.270198435 0.18530494 0.958125591 0.218305826 -0.150995165 0.985768557 -0.0738976374 -0.258698434 0.959594131 -0.110699326 0.00649968488 0.996351659 -0.085095875 0.190903515 0.959317625 0.208003834 0.192194417 0.95947212 0.206094012 -0.0745976493 0.997168541 0.00949969981 0.630934119 0.41512242 0.655435383 0.630934119 -0.41512242 0.655435383 0.722405195 0.385402739 0.57410413 0.722405195 -0.385402739 0.57410413 0.0939009339 0.61830616 -0.78030777 0.0939009339 -0.61830616 -0.78030777 0.785291612 0.618293405 -0.0320996568 0.785291612 -0.618293405 -0.0320996568 0.203405887 0.958427727 0.200105786 0.271896511 0.955187738 0.116998494 -0.0622018091 0.984228611 -0.165604815 -0.0779991746 0.957089841 -0.27909705 0.203405887 -0.958427727 0.200105786 0.271896511 -0.955187738 0.116998494 -0.0622018091 -0.984228611 -0.165604815 -0.0779991746 -0.957089841 -0.27909705 -0.267487586 0.56287384 -0.782063663 -0.267487586 -0.56287384 -0.782063663 -0.451216131 0.425715238 -0.784328103 -0.451216131 -0.425715238 -0.784328103 -0.032299418 0.650188327 0.75908637 -0.032299418 -0.650188327 0.75908637 -0.759275854 0.650179327 -0.0276991185 -0.759275854 -0.650179327 -0.0276991185 -0.730083287 0.428790182 -0.532087862 -0.730083287 -0.428790182 -0.532087862 -0.746321976 0.581117094 -0.324509561 -0.746321976 -0.581117094 -0.324509561 0.108299367 -0.956694424 0.270198435 0.18530494 -0.958125591 0.218305826 -0.150995165 -0.985768557 -0.0738976374 -0.258698434 -0.959594131 -0.110699326 0.531221032 0.38651529 0.753929853 0.531221032 -0.38651529 0.753929853 0.605401874 0.41510126 0.679102063 0.605401874 -0.41510126 0.679102063 </float_array>
          <technique_common>
            <accessor count="1084" offset="0" source="#Mesh-normals-array" stride="3">
              <param name="X" type="float" />
              <param name="Y" type="float" />
              <param name="Z" type="float" />
            </accessor>
          </technique_common>
        </source>
        <source id="Mesh-tex0" name="Mesh-tex0">
          <float_array id="Mesh-tex0-array" count="2168"> 0.62500006 0.50000006 0.62500006 0.50000006 0.625 0.5 0.625 0.5 0.37500006 0.50000006 0.37500006 0.50000006 0.375 0.5 0.375 0.5 0.62500006 0.750000119 0.62500006 0.750000119 0.625 0.75 0.625 0.75 0.37500006 0.750000119 0.37500006 0.750000119 0.375 0.75 0.375 0.75 0.62500006 0.25 0.875000119 0.50000006 0.37500006 0.25 0.125000015 0.50000006 0.62500006 1.00000012 0.875000119 0.750000119 0.37500006 1.00000012 0.125000015 0.750000119 0.583333313 0.541666687 0.583333313 0.541666687 0.583333313 0.541666687 0.583333313 0.541666687 0.416666716 0.541666746 0.416666716 0.541666746 0.416666716 0.541666746 0.416666716 0.541666746 0.583333373 0.708333313 0.583333373 0.708333313 0.583333373 0.708333313 0.583333373 0.708333313 0.416666657 0.708333313 0.416666657 0.708333313 0.416666657 0.708333313 0.416666657 0.708333313 0.583333313 0.541666687 0.583333313 0.541666687 0.583333313 0.541666687 0.583333313 0.541666687 0.416666716 0.541666746 0.416666716 0.541666746 0.416666716 0.541666746 0.416666716 0.541666746 0.595000029 0.720000088 0.595000029 0.720000088 0.595000029 0.720000088 0.595000029 0.720000088 0.595000029 0.720000088 0.405000031 0.720000029 0.405000031 0.720000029 0.405000031 0.720000029 0.405000031 0.720000029 0.405000031 0.720000029 0.583333313 0.541666687 0.583333313 0.541666687 0.583333313 0.541666687 0.583333313 0.541666687 0.416666716 0.541666746 0.416666716 0.541666746 0.416666716 0.541666746 0.416666716 0.541666746 0.595000088 0.720000029 0.595000088 0.720000029 0.595000088 0.720000029 0.595000088 0.720000029 0.595000088 0.720000029 0.405000031 0.720000029 0.405000031 0.720000029 0.405000031 0.720000029 0.405000031 0.720000029 0.405000031 0.720000029 0.583333373 0.75000006 0.583333373 0.75000006 0.583333373 0.75000006 0.583333373 0.75000006 0.416666657 0.75000006 0.416666657 0.75000006 0.416666657 0.75000006 0.416666657 0.75000006 0.583333313 0.75000006 0.583333313 0.75000006 0.583333313 0.75000006 0.583333313 0.75000006 0.416666716 0.75000006 0.416666716 0.75000006 0.416666716 0.75000006 0.416666716 0.75000006 0.583333313 0.541666687 0.583333313 0.541666687 0.583333313 0.541666687 0.583333313 0.541666687 0.416666716 0.541666746 0.416666716 0.541666746 0.416666716 0.541666746 0.416666716 0.541666746 0.583333373 0.708333313 0.583333373 0.708333313 0.583333373 0.708333313 0.583333373 0.708333313 0.416666657 0.708333313 0.416666657 0.708333313 0.416666657 0.708333313 0.416666657 0.708333313 0.595000029 0.75 0.595000029 0.75 0.595000029 0.75 0.595000029 0.75 0.595000029 0.75 0.405000001 0.75 0.405000001 0.75 0.405000001 0.75 0.405000001 0.75 0.405000001 0.75 0.583333313 0.75000006 0.583333313 0.75000006 0.583333313 0.75000006 0.583333313 0.75000006 0.416666716 0.75000006 0.416666716 0.75000006 0.416666716 0.75000006 0.416666716 0.75000006 0.595000088 0.75 0.595000088 0.75 0.595000088 0.75 0.595000088 0.75 0.595000088 0.75 0.405000031 0.75000006 0.405000031 0.75000006 0.405000031 0.75000006 0.405000031 0.75000006 0.405000031 0.75000006 0.583333313 0.75000006 0.583333313 0.75000006 0.583333313 0.75000006 0.583333313 0.75000006 0.416666716 0.75000006 0.416666716 0.75000006 0.416666716 0.75000006 0.416666716 0.75000006 0.56250006 0.75000006 0.56250006 0.75000006 0.56250006 0.75000006 0.43750003 0.75000006 0.43750003 0.75000006 0.43750003 0.75000006 0.56250006 0.75000006 0.56250006 0.75000006 0.56250006 0.75000006 0.43750003 0.75000006 0.43750003 0.75000006 0.43750003 0.75000006 0.56250006 0.75000006 0.56250006 0.75000006 0.56250006 0.75000006 0.43750003 0.75000006 0.43750003 0.75000006 0.43750003 0.75000006 0.5625 0.75000006 0.5625 0.75000006 0.5625 0.75000006 0.43750003 0.75000006 0.43750003 0.75000006 0.43750003 0.75000006 0.595000029 0.529999971 0.595000029 0.529999971 0.595000029 0.529999971 0.595000029 0.529999971 0.595000029 0.529999971 0.405000001 0.529999971 0.405000001 0.529999971 0.405000001 0.529999971 0.405000001 0.529999971 0.405000001 0.529999971 0.595000029 0.720000088 0.595000029 0.720000088 0.595000029 0.720000088 0.595000029 0.720000088 0.595000029 0.720000088 0.405000001 0.720000029 0.405000001 0.720000029 0.405000001 0.720000029 0.405000001 0.720000029 0.405000001 0.720000029 0.625 0.5 0.625 0.5 0.62500006 0.50000006 0.625 0.5 0.375 0.5 0.375 0.5 0.37500006 0.50000006 0.375 0.5 0.625 0.75 0.625 0.75 0.62500006 0.750000119 0.625 0.75 0.375 0.75 0.375 0.75 0.37500006 0.750000119 0.375 0.75 0.56250006 0.75000006 0.56250006 0.75000006 0.56250006 0.75000006 0.43750003 0.75000006 0.43750003 0.75000006 0.43750003 0.75000006 0.5625 0.75000006 0.5625 0.75000006 0.5625 0.75000006 0.43750003 0.75000006 0.43750003 0.75000006 0.43750003 0.75000006 0.595000088 0.5 0.595000088 0.5 0.595000088 0.5 0.595000088 0.5 0.595000088 0.5 0.404999971 0.5 0.404999971 0.5 0.404999971 0.5 0.404999971 0.5 0.404999971 0.5 0.595000088 0.5 0.595000088 0.5 0.595000088 0.5 0.595000088 0.5 0.595000088 0.5 0.405000031 0.5 0.405000031 0.5 0.405000031 0.5 0.405000031 0.5 0.405000031 0.5 0.583333373 0.5 0.583333373 0.5 0.583333313 0.5 0.583333373 0.5 0.416666687 0.5 0.416666657 0.5 0.416666716 0.5 0.416666657 0.5 0.583333313 0.5 0.583333373 0.5 0.583333313 0.5 0.583333313 0.5 0.416666716 0.5 0.416666687 0.5 0.416666716 0.5 0.416666716 0.5 0.56250006 0.50000006 0.56250006 0.50000006 0.56250006 0.50000006 0.43750003 0.50000006 0.43750003 0.50000006 0.43750003 0.50000006 0.5625 0.50000006 0.5625 0.50000006 0.5625 0.50000006 0.43750003 0.50000006 0.43750003 0.50000006 0.43750003 0.50000006 0.56250006 0.50000006 0.56250006 0.50000006 0.56250006 0.50000006 0.43750003 0.50000006 0.43750003 0.50000006 0.43750003 0.50000006 0.56250006 0.50000006 0.56250006 0.50000006 0.56250006 0.50000006 0.43750003 0.50000006 0.43750003 0.50000006 0.43750003 0.50000006 0.125000015 0.62500006 0.125000015 0.62500006 0.37500003 0.37500006 0.25000003 0.50000006 0.50000006 0.50000006 0.50000006 0.50000006 0.50000006 0.50000006 0.50000006 0.50000006 0.50000006 1.00000012 0.50000006 1.00000012 0.50000006 0.75000006 0.50000006 0.75000006 0.50000006 0.75000006 0.50000006 0.75000006 0.50000006 0.25 0.50000006 0.25 0.62500006 0.87500006 0.750000119 0.75000006 0.62500006 0.625000119 0.62500006 0.625000119 0.62500006 0.625000119 0.62500006 0.625000119 0.37500003 0.87500006 0.25000003 0.75000006 0.875000119 0.62500006 0.875000119 0.62500006 0.62500006 0.37500006 0.750000119 0.50000006 0.37500003 0.625000119 0.37500003 0.625000119 0.37500003 0.62500006 0.37500003 0.62500006 0.50000006 0.510416687 0.50000006 0.510416687 0.50000006 0.510416687 0.50000006 0.510416687 0.5 0.739583433 0.5 0.739583433 0.5 0.739583433 0.5 0.739583433 0.614583373 0.62500006 0.614583373 0.62500006 0.614583373 0.62500006 0.614583373 0.62500006 0.385416687 0.625 0.385416687 0.625 0.385416687 0.625 0.385416687 0.625 0.413194448 0.711805642 0.413194448 0.711805642 0.413194448 0.711805642 0.413194448 0.711805642 0.586805582 0.711805522 0.586805582 0.711805522 0.586805582 0.711805522 0.586805582 0.711805522 0.586805522 0.538194478 0.586805522 0.538194478 0.586805522 0.538194478 0.586805522 0.538194478 0.413194478 0.538194537 0.413194478 0.538194537 0.413194478 0.538194537 0.413194478 0.538194537 0.50000006 0.510416687 0.50000006 0.510416687 0.50000006 0.510416687 0.50000006 0.510416687 0.50000006 0.743819416 0.50000006 0.743819416 0.50000006 0.743819416 0.50000006 0.743819416 0.616701424 0.626249969 0.616701424 0.626249969 0.616701424 0.626249969 0.616701424 0.626249969 0.383298635 0.626250029 0.383298635 0.626250029 0.383298635 0.626250029 0.383298635 0.626250029 0.416666716 0.541666746 0.416666746 0.541666746 0.416666716 0.541666746 0.416666746 0.541666746 0.415416658 0.709583223 0.415416658 0.709583223 0.415416658 0.709583223 0.415416658 0.709583223 0.584583342 0.709583342 0.584583342 0.709583342 0.584583342 0.709583342 0.584583342 0.709583342 0.583333313 0.541666687 0.583333433 0.541666746 0.583333313 0.541666687 0.583333433 0.541666746 0.50000006 0.510416687 0.50000006 0.510416687 0.50000006 0.510416687 0.50000006 0.510416687 0.5 0.743819475 0.5 0.743819475 0.50000006 0.743819475 0.50000006 0.743819475 0.616701424 0.626249969 0.616701424 0.626249969 0.616701424 0.626249969 0.616701424 0.626249969 0.383298635 0.626250029 0.383298635 0.626250029 0.383298635 0.626250029 0.383298635 0.626250029 0.416666716 0.541666746 0.416666716 0.541666746 0.416666746 0.541666746 0.416666746 0.541666746 0.381180584 0.710833251 0.381180584 0.710833251 0.381180584 0.710833251 0.381180584 0.710833251 0.618819416 0.710833311 0.618819475 0.710833371 0.618819416 0.710833311 0.618819475 0.710833371 0.583333313 0.541666687 0.583333313 0.541666687 0.583333433 0.541666746 0.583333433 0.541666746 0.5 0.75000006 0.5 0.75000006 0.5 0.75000006 0.5 0.75000006 0.50000006 0.750000119 0.50000006 0.750000119 0.50000006 0.75000006 0.50000006 0.75000006 0.385416687 0.75000006 0.385416687 0.75000006 0.385416687 0.75000006 0.385416687 0.75000006 0.614583373 0.75000006 0.614583373 0.75000006 0.614583373 0.75000006 0.614583373 0.75000006 0.584583402 0.746909797 0.584583402 0.746909797 0.584583402 0.746909797 0.584583402 0.746909797 0.584583342 0.746909797 0.584583342 0.746909797 0.584583342 0.746909797 0.584583342 0.746909797 0.415416688 0.746909797 0.415416688 0.746909797 0.415416688 0.746909797 0.415416688 0.746909797 0.415416688 0.746909797 0.415416688 0.746909797 0.415416688 0.746909797 0.415416688 0.746909797 0.50000006 0.510416687 0.50000006 0.510416687 0.50000006 0.510416687 0.50000006 0.510416687 0.5 0.739583433 0.5 0.739583433 0.5 0.739583433 0.5 0.739583433 0.614583373 0.62500006 0.614583373 0.62500006 0.614583373 0.62500006 0.614583373 0.62500006 0.385416687 0.625 0.385416687 0.625 0.385416687 0.625 0.385416687 0.625 0.584583402 0.709583342 0.584583402 0.709583342 0.584583402 0.709583342 0.584583402 0.709583342 0.583333313 0.541666687 0.583333313 0.541666687 0.583333433 0.541666746 0.583333433 0.541666746 0.416666716 0.541666746 0.416666716 0.541666746 0.416666746 0.541666746 0.416666746 0.541666746 0.415416688 0.709583342 0.415416688 0.709583342 0.415416688 0.709583342 0.415416688 0.709583342 0.50000006 0.74999994 0.50000006 0.74999994 0.50000006 0.74999994 0.50000006 0.74999994 0.50000006 0.750000119 0.50000006 0.750000119 0.50000006 0.750000119 0.50000006 0.750000119 0.383298635 0.75000006 0.383298635 0.75000006 0.383298635 0.75000006 0.383298635 0.75000006 0.616701424 0.75 0.616701424 0.75 0.616701424 0.75 0.616701424 0.75 0.584583342 0.75000006 0.584583342 0.75000006 0.584583342 0.75000006 0.584583342 0.75000006 0.583333313 0.75000006 0.583333313 0.75000006 0.583333433 0.750000119 0.583333433 0.750000119 0.416666716 0.75000006 0.416666716 0.75000006 0.416666746 0.750000119 0.416666746 0.750000119 0.415416658 0.75 0.415416658 0.75 0.415416658 0.75 0.415416658 0.75 0.5 0.75 0.5 0.75 0.50000006 0.75 0.50000006 0.75 0.50000006 0.750000119 0.50000006 0.750000119 0.50000006 0.75000006 0.50000006 0.75000006 0.383298635 0.75000006 0.383298635 0.75000006 0.383298635 0.75000006 0.383298635 0.75000006 0.616701424 0.75 0.616701424 0.75 0.616701424 0.75 0.616701424 0.75 0.416666716 0.75000006 0.416666716 0.75000006 0.416666746 0.750000119 0.416666746 0.750000119 0.381180584 0.74999994 0.381180584 0.74999994 0.381180584 0.74999994 0.381180584 0.74999994 0.618819416 0.74999994 0.618819475 0.74999994 0.618819416 0.74999994 0.618819475 0.74999994 0.583333313 0.75000006 0.583333313 0.75000006 0.583333433 0.750000119 0.583333433 0.750000119 0.5 0.75000006 0.5 0.75000006 0.5 0.75000006 0.5 0.75000006 0.50000006 0.75000006 0.50000006 0.75000006 0.50000006 0.75000006 0.50000006 0.75000006 0.423804045 0.75000006 0.423803985 0.75000006 0.423803985 0.75000006 0.423804045 0.75000006 0.576196074 0.75000006 0.576196015 0.75000006 0.576196015 0.75000006 0.576196074 0.75000006 0.418985397 0.75000006 0.418985397 0.75000006 0.418985397 0.75000006 0.418985397 0.75000006 0.418985367 0.75000006 0.418985367 0.75000006 0.418985367 0.75000006 0.418985367 0.75000006 0.581014693 0.75000006 0.581014693 0.75000006 0.581014693 0.75000006 0.581014693 0.75000006 0.581014752 0.75000006 0.581014752 0.75000006 0.581014752 0.75000006 0.581014752 0.75000006 0.5 0.75000006 0.5 0.75000006 0.5 0.75000006 0.5 0.75000006 0.50000006 0.75000006 0.50000006 0.75000006 0.50000006 0.75000006 0.50000006 0.75000006 0.423803985 0.75000006 0.423804015 0.75000006 0.423804015 0.75000006 0.423803985 0.75000006 0.576196015 0.75000006 0.576196074 0.75000006 0.576196074 0.75000006 0.576196015 0.75000006 0.581014633 0.75000006 0.581014633 0.75000006 0.581014633 0.75000006 0.581014633 0.75000006 0.579764724 0.75000006 0.579764724 0.75000006 0.579764724 0.75000006 0.579764724 0.75000006 0.420235366 0.75000006 0.420235366 0.75000006 0.420235366 0.75000006 0.420235366 0.75000006 0.418985367 0.75000006 0.418985367 0.75000006 0.418985367 0.75000006 0.418985367 0.75000006 0.5 0.506180584 0.5 0.506180584 0.5 0.506180584 0.5 0.506180584 0.50000006 0.743819475 0.50000006 0.743819475 0.50000006 0.743819475 0.50000006 0.743819475 0.618819475 0.624999881 0.618819475 0.624999881 0.618819475 0.624999881 0.618819475 0.624999881 0.381180614 0.625 0.381180614 0.625 0.381180614 0.625 0.381180614 0.625 0.415416658 0.709583342 0.415416658 0.709583342 0.415416658 0.709583342 0.415416658 0.709583342 0.584583342 0.709583342 0.584583342 0.709583342 0.584583342 0.709583342 0.584583342 0.709583342 0.584583342 0.540416658 0.584583342 0.540416658 0.584583342 0.540416658 0.584583342 0.540416658 0.415416658 0.540416718 0.415416658 0.540416718 0.415416658 0.540416718 0.415416658 0.540416718 0.50000006 0.50000006 0.50000006 0.50000006 0.50000006 0.50000006 0.50000006 0.50000006 0.50000006 0.75000006 0.50000006 0.75000006 0.50000006 0.75000006 0.50000006 0.75000006 0.62500006 0.625000119 0.62500006 0.625000119 0.62500006 0.625000119 0.62500006 0.625000119 0.37500003 0.62500006 0.37500003 0.62500006 0.37500003 0.625000119 0.37500003 0.625000119 0.378958344 0.536944449 0.378958404 0.536944449 0.378958404 0.536944449 0.378958344 0.536944449 0.378958344 0.713055551 0.378958315 0.713055551 0.378958315 0.713055551 0.378958344 0.713055551 0.621041715 0.713055551 0.621041715 0.713055551 0.621041715 0.713055551 0.621041715 0.713055551 0.621041656 0.536944449 0.621041715 0.536944449 0.621041715 0.536944449 0.621041656 0.536944449 0.5 0.75000006 0.5 0.75000006 0.5 0.75000006 0.5 0.75000006 0.50000006 0.75000006 0.50000006 0.75000006 0.50000006 0.75000006 0.50000006 0.75000006 0.423804015 0.75000006 0.423803985 0.75000006 0.423804015 0.75000006 0.423803985 0.75000006 0.576196074 0.75000006 0.576196015 0.75000006 0.576196074 0.75000006 0.576196015 0.75000006 0.581014633 0.746909678 0.581014633 0.746909678 0.581014633 0.746909678 0.581014633 0.746909678 0.583236992 0.749131978 0.583236992 0.749131978 0.583236992 0.749131978 0.583236992 0.749131978 0.418985307 0.746909797 0.418985307 0.746909797 0.418985307 0.746909797 0.418985307 0.746909797 0.416763157 0.749131978 0.416763157 0.749131978 0.416763157 0.749131978 0.416763157 0.749131978 0.5 0.50000006 0.5 0.50000006 0.5 0.50000006 0.5 0.50000006 0.50000006 0.50000006 0.50000006 0.50000006 0.50000006 0.50000006 0.50000006 0.50000006 0.381180614 0.50000006 0.381180614 0.50000006 0.381180614 0.50000006 0.381180614 0.50000006 0.618819475 0.50000006 0.618819475 0.50000006 0.618819475 0.50000006 0.618819475 0.50000006 0.414166689 0.503090322 0.414166689 0.503090322 0.414166689 0.503090322 0.414166689 0.503090322 0.411944449 0.500868142 0.411944449 0.500868142 0.411944449 0.500868142 0.411944449 0.500868142 0.588055611 0.500868142 0.588055611 0.500868142 0.588055611 0.500868142 0.588055611 0.500868142 0.585833311 0.503090262 0.585833311 0.503090262 0.585833311 0.503090262 0.585833311 0.503090262 0.50000006 0.50000006 0.50000006 0.50000006 0.5 0.5 0.5 0.5 0.50000006 0.5 0.50000006 0.5 0.50000006 0.50000006 0.50000006 0.50000006 0.416666687 0.5 0.416666687 0.5 0.416666746 0.50000006 0.583333373 0.5 0.583333373 0.5 0.583333433 0.50000006 0.616701424 0.50000006 0.616701484 0.5 0.616701484 0.5 0.616701424 0.50000006 0.616701484 0.5 0.616701484 0.5 0.616701484 0.5 0.616701484 0.5 0.383298635 0.5 0.383298635 0.5 0.383298635 0.5 0.383298635 0.5 0.383298635 0.5 0.383298635 0.5 0.383298635 0.50000006 0.383298635 0.50000006 0.50000006 0.50000006 0.50000006 0.50000006 0.50000006 0.50000006 0.50000006 0.50000006 0.50000006 0.50000006 0.50000006 0.50000006 0.50000006 0.50000006 0.50000006 0.50000006 0.576196074 0.50000006 0.576196074 0.50000006 0.576196074 0.50000006 0.576196074 0.50000006 0.423804045 0.50000006 0.423804045 0.50000006 0.423804045 0.50000006 0.423804045 0.50000006 0.420235336 0.50000006 0.420235336 0.50000006 0.420235336 0.50000006 0.420235336 0.50000006 0.579764664 0.50000006 0.579764664 0.50000006 0.579764664 0.50000006 0.579764664 0.50000006 0.418985397 0.50000006 0.418985397 0.50000006 0.418985397 0.50000006 0.418985397 0.50000006 0.581014752 0.50000006 0.581014752 0.50000006 0.581014752 0.50000006 0.581014752 0.50000006 0.5 0.50000006 0.5 0.50000006 0.5 0.50000006 0.5 0.50000006 0.50000006 0.50000006 0.50000006 0.50000006 0.50000006 0.50000006 0.50000006 0.50000006 0.576196074 0.50000006 0.576196015 0.50000006 0.576196074 0.50000006 0.576196015 0.50000006 0.423804045 0.50000006 0.423803985 0.50000006 0.423804045 0.50000006 0.423803985 0.50000006 0.420235366 0.50000006 0.420235366 0.50000006 0.420235366 0.50000006 0.420235366 0.50000006 0.418985367 0.50000006 0.418985367 0.50000006 0.418985367 0.50000006 0.418985367 0.50000006 0.581014693 0.50000006 0.581014693 0.50000006 0.581014693 0.50000006 0.581014693 0.50000006 0.579764724 0.50000006 0.579764724 0.50000006 0.579764724 0.50000006 0.579764724 0.50000006 0.750000119 0.62500006 0.750000119 0.62500006 0.5 0.875 0.5 0.875 0.25 0.625 0.25 0.625 0.5 0.741319537 0.5 0.741319537 0.5 0.741319537 0.5 0.741319537 0.50000006 0.37500006 0.50000006 0.37500006 0.385104179 0.625312448 0.385104179 0.625312448 0.385104179 0.625312448 0.385104179 0.625312448 0.50000006 0.508680582 0.50000006 0.508680582 0.50000006 0.508680582 0.50000006 0.508680582 0.383680552 0.62500006 0.383680552 0.62500006 0.383680552 0.62500006 0.383680552 0.62500006 0.616319478 0.625 0.616319478 0.625 0.616319478 0.625 0.616319478 0.625 0.381319463 0.625625014 0.381319463 0.625625014 0.381319463 0.625625014 0.381319463 0.625625014 0.5 0.740208387 0.5 0.740208387 0.5 0.740208387 0.5 0.740208387 0.614895761 0.625312388 0.614895761 0.625312388 0.614895761 0.625312388 0.614895761 0.625312388 0.50000006 0.510416746 0.50000006 0.510416746 0.50000006 0.510416746 0.50000006 0.510416746 0.61489588 0.625312567 0.61489588 0.625312567 0.61489588 0.625312567 0.61489588 0.625312567 0.615208447 0.745416701 0.615208447 0.745416701 0.615208447 0.745416701 0.615208447 0.745416701 0.618680596 0.625625014 0.618680596 0.625625014 0.618680596 0.625625014 0.618680596 0.625625014 0.50000006 0.510416746 0.50000006 0.510416746 0.50000006 0.510416746 0.50000006 0.510416746 0.614895761 0.74999994 0.614895761 0.74999994 0.614895761 0.74999994 0.614895761 0.74999994 0.50000006 0.74888891 0.50000006 0.74888891 0.50000006 0.74888891 0.50000006 0.74888891 0.384791702 0.745416701 0.384791702 0.745416701 0.384791702 0.745416701 0.384791702 0.745416701 0.50000006 0.74888891 0.50000006 0.74888891 0.50000006 0.74888891 0.50000006 0.74888891 0.5 0.740208387 0.5 0.740208387 0.5 0.740208387 0.5 0.740208387 0.50000006 0.510416746 0.50000006 0.510416746 0.50000006 0.510416746 0.50000006 0.510416746 0.385104179 0.625312448 0.385104179 0.625312448 0.385104179 0.625312448 0.385104179 0.625312448 0.50000006 0.740208387 0.50000006 0.740208387 0.50000006 0.740208387 0.50000006 0.740208387 0.381319463 0.75000006 0.381319463 0.75000006 0.381319463 0.75000006 0.381319463 0.75000006 0.50000006 0.75000006 0.50000006 0.75000006 0.50000006 0.75000006 0.50000006 0.75000006 0.385104179 0.75000006 0.385104179 0.75000006 0.385104179 0.75000006 0.385104179 0.75000006 0.5 0.75 0.5 0.75 0.5 0.75 0.5 0.75 0.610073388 0.749999881 0.610073388 0.749999881 0.610073388 0.749999881 0.610073388 0.749999881 0.389614224 0.74999994 0.389614224 0.74999994 0.389614224 0.74999994 0.389614224 0.74999994 0.618680596 0.74999994 0.618680596 0.74999994 0.618680596 0.74999994 0.618680596 0.74999994 0.50000006 0.75000006 0.50000006 0.75000006 0.50000006 0.75000006 0.50000006 0.75000006 0.50000006 0.74999994 0.50000006 0.74999994 0.50000006 0.74999994 0.50000006 0.74999994 0.5 0.74999994 0.5 0.74999994 0.5 0.74999994 0.5 0.74999994 0.610385954 0.74999994 0.610385954 0.74999994 0.610385954 0.74999994 0.610385954 0.74999994 0.5 0.74999994 0.5 0.74999994 0.5 0.74999994 0.5 0.74999994 0.50000006 0.74999994 0.50000006 0.74999994 0.50000006 0.74999994 0.50000006 0.74999994 0.5 0.75000006 0.5 0.75000006 0.5 0.75000006 0.5 0.75000006 0.389926732 0.75000006 0.389926732 0.75000006 0.389926732 0.75000006 0.389926732 0.75000006 0.5 0.74999994 0.5 0.74999994 0.5 0.74999994 0.5 0.74999994 0.37611112 0.625 0.37611112 0.625 0.37611112 0.625 0.37611112 0.625 0.615208328 0.62499994 0.615208328 0.62499994 0.615208328 0.62499994 0.615208328 0.62499994 0.5 0.509791672 0.5 0.509791672 0.5 0.509791672 0.5 0.509791672 0.384791672 0.625 0.384791672 0.625 0.384791672 0.625 0.384791672 0.625 0.50000006 0.625 0.50000006 0.625 0.50000006 0.625 0.50000006 0.625 0.61094147 0.745972157 0.61094147 0.745972157 0.61094147 0.745972157 0.61094147 0.745972157 0.62388885 0.62499994 0.62388885 0.62499994 0.62388885 0.62499994 0.62388885 0.62499994 0.383611143 0.504027843 0.383611143 0.504027843 0.383611143 0.504027843 0.383611143 0.504027843 0.50000006 0.74999994 0.50000006 0.74999994 0.50000006 0.74999994 0.50000006 0.74999994 0.5 0.74888885 0.5 0.74888885 0.5 0.74888885 0.5 0.74888885 0.38905865 0.745972216 0.38905865 0.745972216 0.38905865 0.745972216 0.38905865 0.745972216 0.50000006 0.75000006 0.50000006 0.75000006 0.50000006 0.75000006 0.50000006 0.75000006 0.618680596 0.5 0.618680596 0.5 0.618680596 0.5 0.618680596 0.5 0.5 0.5 0.5 0.5 0.5 0.5 0.5 0.5 0.616388917 0.504027843 0.616388917 0.504027843 0.616388917 0.504027843 0.616388917 0.504027843 0.50000006 0.50111115 0.50000006 0.50111115 0.50000006 0.50111115 0.50000006 0.50111115 0.50000006 0.50000006 0.50000006 0.50000006 0.389926732 0.50000006 0.389926732 0.50000006 0.389926732 0.50000006 0.389926732 0.50000006 0.381319463 0.5 0.381319463 0.5 0.381319463 0.5 0.381319463 0.5 0.5 0.5 0.5 0.5 0.5 0.5 0.5 0.5 0.50000006 0.50000006 0.50000006 0.50000006 0.50000006 0.50000006 0.50000006 0.50000006 0.389926732 0.50000006 0.389926732 0.50000006 0.389926732 0.50000006 0.389926732 0.50000006 0.610073388 0.50000006 0.610073388 0.50000006 0.610073388 0.50000006 0.610073388 0.50000006 0.5 0.500000119 0.5 0.500000119 0.5 0.500000119 0.5 0.500000119 0.50000006 0.50000006 0.50000006 0.50000006 0.50000006 0.50000006 0.50000006 0.50000006 0.5 0.50000006 0.5 0.50000006 0.5 0.50000006 0.5 0.50000006 0.610073388 0.50000006 0.610073388 0.50000006 0.610073388 0.50000006 0.610073388 0.50000006 0.5 0.5 0.5 0.5 0.5 0.5 0.5 0.5 </float_array>
          <technique_common>
            <accessor count="1084" offset="0" source="#Mesh-tex0-array" stride="2">
              <param name="S" type="float" />
              <param name="T" type="float" />
            </accessor>
          </technique_common>
        </source>
        <vertices id="Mesh-vertices">
          <input semantic="POSITION" source="#Mesh-positions" />
        </vertices>
        <polylist count="552" material="defaultMaterial">
          <input offset="0" semantic="VERTEX" source="#Mesh-vertices" />
          <input offset="0" semantic="NORMAL" source="#Mesh-normals" />
          <input offset="0" semantic="TEXCOORD" source="#Mesh-tex0" set="0" />
          <vcount>3 3 3 3 3 3 3 3 3 3 3 3 3 3 3 3 3 3 3 3 3 3 3 3 3 3 3 3 3 3 3 3 3 3 3 3 3 3 3 3 3 3 3 3 3 3 3 3 3 3 3 3 3 3 3 3 3 3 3 3 3 3 3 3 3 3 3 3 3 3 3 3 3 3 3 3 3 3 3 3 3 3 3 3 3 3 3 3 3 3 3 3 3 3 3 3 3 3 3 3 3 3 3 3 3 3 3 3 3 3 3 3 3 3 3 3 3 3 3 3 3 3 3 3 3 3 3 3 3 3 3 3 3 3 3 3 3 3 3 3 3 3 3 3 3 3 3 3 3 3 3 3 3 3 3 3 3 3 3 3 3 3 3 3 3 3 3 3 3 3 3 3 3 3 3 3 3 3 3 3 3 3 3 3 3 3 3 3 3 3 3 3 3 3 3 3 3 3 3 3 3 3 3 3 3 3 3 3 3 3 3 3 3 3 3 3 3 3 3 3 3 3 3 3 3 3 3 3 3 3 3 3 3 3 3 3 3 3 3 3 3 3 3 3 3 3 3 3 3 3 3 3 3 3 3 3 3 3 3 3 3 3 3 3 3 3 3 3 3 3 3 3 3 3 3 3 3 3 3 3 3 3 3 3 3 3 3 3 3 3 3 3 3 3 3 3 3 3 3 3 3 3 3 3 3 3 3 3 3 3 3 3 3 3 3 3 3 3 3 3 3 3 3 3 3 3 3 3 3 3 3 3 3 3 3 3 3 3 3 3 3 3 3 3 3 3 3 3 3 3 3 3 3 3 3 3 3 3 3 3 3 3 3 3 3 3 3 3 3 3 3 3 3 3 3 3 3 3 3 3 3 3 3 3 3 3 3 3 3 3 3 3 3 3 3 3 3 3 3 3 3 3 3 3 3 3 3 3 3 3 3 3 3 3 3 3 3 3 3 3 3 3 3 3 3 3 3 3 3 3 3 3 3 3 3 3 3 3 3 3 3 3 3 3 3 3 3 3 3 3 3 3 3 3 3 3 3 3 3 3 3 3 3 3 3 3 3 3 3 3 3 3 3 3 3 3 3 3 3 3 3 3 3 3 3 3 3 3 3 3 3 3 3 3 3 3 3 3 3 3 3 3 3 3 3 3 3 3 3 3 3 3 3 3 3 3 3 3 3 3 3 3 3 3 3 3 3 3 3 3 3 3 3 3 3 3 3 3 3 3 3 3 3 3 3 3 3 3 3 3 3 3 </vcount>
          <p>1 294 818 1 818 303 295 9 293 295 293 819 819 293 21 819 21 301 303 818 300 303 300 17 12 298 820 12 820 286 298 22 284 298 284 820 821 285 20 821 20 292 287 821 292 287 292 8 19 276 822 19 822 279 277 23 299 277 299 823 823 299 13 823 13 305 279 822 304 279 304 5 11 329 825 11 825 289 331 35 315 331 315 827 826 314 39 826 39 327 288 824 325 288 325 15 18 278 828 18 828 290 278 4 280 278 280 828 829 281 0 829 0 302 291 829 302 291 302 16 36 360 830 36 830 320 362 54 354 362 354 832 831 352 44 831 44 356 321 833 358 321 358 28 7 337 834 7 834 282 339 30 308 339 308 836 837 309 26 837 26 335 283 835 333 283 333 3 14 324 839 14 839 307 326 38 323 326 323 841 840 322 29 840 29 338 306 838 336 306 336 6 2 332 842 2 842 296 334 25 318 334 318 844 845 319 34 845 34 330 297 843 328 297 328 10 53 392 846 53 846 353 394 71 386 394 386 849 848 384 62 848 62 389 355 847 388 355 388 45 33 365 851 33 851 313 367 51 345 367 345 853 852 344 56 852 56 363 312 850 361 312 361 37 24 370 857 24 857 317 368 40 348 368 348 855 856 350 49 856 49 366 316 854 364 316 364 32 31 359 860 31 860 310 357 46 340 357 340 858 859 341 42 859 42 369 311 861 371 311 371 27 59 456 862 59 862 381 457 92 444 457 444 863 865 447 101 865 101 453 383 864 452 383 452 67 68 424 868 68 868 399 425 84 418 425 418 869 867 416 76 867 76 421 397 866 420 397 420 50 41 400 871 41 871 351 401 58 380 401 380 872 873 382 66 873 66 398 349 870 396 349 396 48 47 390 874 47 874 342 391 64 372 391 372 876 877 373 60 877 60 403 343 875 402 343 402 43 85 489 881 85 881 419 488 119 483 488 483 880 878 481 110 878 110 484 417 879 485 417 485 77 52 422 883 52 883 347 423 78 405 423 405 885 884 404 82 884 82 431 346 882 430 346 430 57 55 428 886 55 886 393 429 80 412 429 412 887 889 414 88 889 88 433 395 888 432 395 432 73 75 435 892 75 892 378 434 91 410 434 410 890 891 411 87 891 87 426 379 893 427 379 427 70 102 619 897 102 897 441 617 181 601 617 601 895 894 600 186 894 186 613 440 896 615 440 615 106 65 463 900 65 900 374 462 98 436 462 436 898 899 437 94 899 94 458 375 901 459 375 459 61 72 464 904 72 904 387 465 105 451 465 451 905 903 448 96 903 96 461 385 902 460 385 460 63 69 455 909 69 909 377 454 103 443 454 443 907 906 442 107 906 107 466 376 908 467 376 467 74 113 520 910 113 910 476 522 133 509 522 509 911 912 510 140 912 140 516 478 913 517 478 517 122 90 495 916 90 916 408 494 125 474 494 474 914 915 475 121 915 121 490 409 917 491 409 491 86 81 497 919 81 919 413 496 115 477 496 477 918 920 479 123 920 123 492 415 921 493 415 493 89 79 486 923 79 923 407 487 112 471 487 471 925 924 470 117 924 117 499 406 922 498 406 498 83 137 584 928 137 928 515 585 162 578 585 578 929 927 577 157 927 157 581 512 926 580 512 580 126 114 552 930 114 930 521 553 147 540 553 540 931 933 543 154 933 154 549 523 932 548 523 548 134 118 529 937 118 937 482 528 136 514 528 514 936 935 513 128 935 128 526 480 934 524 480 524 108 124 519 940 124 940 472 518 142 504 518 504 938 939 505 138 939 138 530 473 941 531 473 531 120 145 545 943 145 943 533 546 150 537 546 537 945 944 536 153 944 153 542 532 942 541 532 541 148 111 558 947 111 947 469 559 146 535 559 535 949 948 534 149 948 149 555 468 946 554 468 554 116 129 560 952 129 952 527 561 151 547 561 547 953 951 544 144 951 144 557 525 950 556 525 556 109 135 550 954 135 954 502 551 155 538 551 538 956 957 539 152 957 152 563 503 955 562 503 562 130 156 576 959 156 959 565 579 164 571 579 571 961 960 570 167 960 167 575 564 958 572 564 572 159 143 590 962 143 962 506 591 166 568 591 568 964 965 569 163 965 163 587 507 963 586 507 586 139 131 592 966 131 966 508 593 160 573 593 573 967 969 574 165 969 165 589 511 968 588 511 588 141 127 582 971 127 971 501 583 158 567 583 567 973 972 566 161 972 161 595 500 970 594 500 594 132 183 648 974 183 974 608 651 201 641 651 641 977 976 640 193 976 193 647 610 975 644 610 644 173 93 620 979 93 979 445 621 170 607 621 607 980 978 605 179 978 179 616 446 981 618 446 618 100 99 626 982 99 982 438 627 177 598 627 598 984 985 599 172 985 172 623 439 983 622 439 622 95 104 614 989 104 989 450 612 184 609 612 609 986 988 611 175 988 175 625 449 987 624 449 624 97 194 642 990 194 990 628 643 202 632 643 632 992 993 633 198 993 198 639 629 991 638 629 638 190 196 680 996 196 996 654 681 210 674 681 674 997 994 672 204 994 204 676 653 995 677 653 677 180 168 656 999 168 999 606 659 189 636 659 636 1000 1001 637 197 1001 197 655 604 998 652 604 652 178 192 713 1005 192 1005 646 712 232 703 712 703 1004 1002 701 222 1002 222 708 645 1003 709 645 709 174 206 673 1007 206 1007 663 675 212 667 675 667 1009 1008 666 215 1008 215 671 662 1006 669 662 669 209 182 679 1013 182 1013 603 678 205 661 678 661 1011 1010 660 208 1010 208 686 602 1012 687 602 687 187 185 685 1015 185 1015 649 684 207 668 684 668 1014 1017 670 213 1017 213 689 650 1016 688 650 688 200 203 690 1018 203 1018 634 691 214 664 691 664 1020 1021 665 211 1021 211 683 635 1019 682 635 682 199 216 742 1022 216 1022 704 743 236 736 743 736 1024 1023 735 245 1023 245 739 706 1025 740 706 740 226 191 718 1027 191 1027 631 719 229 697 719 697 1029 1028 696 234 1028 234 715 630 1026 714 630 714 195 169 721 1031 169 1031 657 720 217 705 720 705 1030 1032 707 227 1032 227 716 658 1033 717 658 717 188 176 711 1036 176 1036 596 710 223 692 710 692 1034 1035 693 218 1035 218 722 597 1037 723 597 723 171 242 734 1038 242 1038 724 734 251 730 734 730 1038 1039 731 247 1039 247 737 725 1039 737 725 737 238 233 806 1042 233 1042 749 807 267 800 807 800 1043 1040 798 273 1040 273 802 746 1041 803 746 803 248 231 748 1047 231 1047 702 747 249 732 747 732 1045 1046 733 240 1046 240 751 700 1044 750 700 750 221 239 776 1049 239 1049 727 777 259 759 777 759 1051 1050 758 262 1050 262 773 726 1048 772 726 772 243 255 766 1052 255 1052 754 768 263 760 768 760 1054 1055 761 260 1055 260 764 755 1053 762 755 762 252 241 770 1056 241 1056 752 771 261 767 771 767 1057 1059 769 256 1059 256 779 753 1058 778 753 778 224 219 782 1062 219 1062 745 783 253 765 783 765 1063 1061 763 258 1061 258 775 744 1060 774 744 774 237 225 780 1064 225 1064 694 781 257 756 781 756 1066 1067 757 254 1067 254 785 695 1065 784 695 784 220 266 797 1071 266 1071 789 795 272 793 795 793 1069 1068 792 275 1068 275 799 788 1070 801 788 801 269 230 813 1075 230 1075 699 812 265 787 812 787 1073 1072 786 268 1072 268 808 698 1074 809 698 809 235 244 815 1077 244 1077 738 814 270 794 814 794 1076 1079 796 264 1079 264 811 741 1078 810 741 810 228 250 805 1082 250 1082 728 804 274 790 804 790 1080 1081 791 271 1081 271 816 729 1083 817 729 817 246 </p>
        </polylist>
      </mesh>
    </geometry>
  </library_geometries>
  <library_controllers>
  </library_controllers>
  <library_visual_scenes>
    <visual_scene id="Scene" name="Scene">
      <node id="Cube" name="Cube" type="NODE">
        <matrix sid="matrix">2.32095909 0 0 0 0 2.32095909 0 6.81854486 0 0 2.32095909 0 0 0 0 1</matrix>
        <instance_geometry url="#Mesh">
          <bind_material>
            <technique_common>
              <instance_material symbol="defaultMaterial" target="#Material">
                <bind_vertex_input semantic="CHANNEL0" input_semantic="TEXCOORD" input_set="0"/>
              </instance_material>
            </technique_common>
          </bind_material>
        </instance_geometry>
      </node>
    </visual_scene>
  </library_visual_scenes>
  <scene>
    <instance_visual_scene url="#Scene" />
  </scene>
</COLLADA>
